entry_date,exit_date,entry_price,exit_price,trade_return,trade_return_net,stopped_out,hold_days,symbol
2026-01-02,2026-01-05,972.9,979.7,0.006989,0.003989,False,3,BAJFINANCE
2026-01-02,2026-01-05,453.0,463.3,0.022737,0.019737,False,3,LATENTVIEW
2026-01-02,2026-01-05,157.44,153.99,-0.02,-0.023,True,3,LEMONTREE
2026-01-02,2026-01-06,910.441,930.4868,0.022018,0.019018,False,4,CCL
2026-01-02,2026-01-06,1808.8,1772.6,-0.02,-0.023,True,4,POLICYBZR
2026-01-05,2026-01-06,3044.0,3289.0,0.080486,0.077486,False,1,NETWEB
2026-01-02,2026-01-07,8379.0,8182.0,-0.02,-0.023,True,5,APARINDS
2026-01-05,2026-01-07,735.6,713.2,-0.02,-0.023,True,2,BIKAJI
2026-01-05,2026-01-07,153.99,148.26,-0.02,-0.023,True,2,LEMONTREE
2026-01-06,2026-01-07,386.1,372.9,-0.02,-0.023,True,1,M&MFIN
2026-01-05,2026-01-08,3099.0,3209.0,0.035495,0.032495,False,3,RADICO
2026-01-06,2026-01-08,1818.0,1775.0,-0.02,-0.023,True,2,GRAVITA
2026-01-06,2026-01-08,1772.6,1720.0,-0.02,-0.023,True,2,POLICYBZR
2026-01-07,2026-01-08,421.45,444.0,0.053506,0.050506,False,1,BSOFT
2026-01-07,2026-01-08,5985.0,6107.0,0.020384,0.017384,False,1,LTIM
2026-01-07,2026-01-08,4299.8999,4398.0,0.022815,0.019815,False,1,LTTS
2026-01-07,2026-01-08,372.9,361.8,-0.02,-0.023,True,1,M&MFIN
2026-01-07,2026-01-08,118.3496,115.8528,-0.02,-0.023,True,1,NBCC
2026-01-07,2026-01-08,14592.0,15139.0,0.037486,0.034486,False,1,NEULANDLAB
2026-01-07,2026-01-09,361.3566,343.3155,-0.02,-0.023,True,2,BPCL
2026-01-07,2026-01-09,1221.981,1181.1154,-0.02,-0.023,True,2,DCMSHRIRAM
2026-01-07,2026-01-09,1510.0,1465.0,-0.02,-0.023,True,2,RELIANCE
2026-01-08,2026-01-09,808.95,786.1,-0.02,-0.023,True,1,CENTURYPLY
2026-01-08,2026-01-09,1775.0,1717.1,-0.02,-0.023,True,1,GRAVITA
2026-01-08,2026-01-09,475.0,452.0,-0.02,-0.023,True,1,HINDPETRO
2026-01-08,2026-01-09,84.39,85.9,0.017893,0.014893,False,1,IDFCFIRSTB
2026-01-08,2026-01-09,1181.0,1149.0,-0.02,-0.023,True,1,KPIL
2026-01-08,2026-01-09,115.8528,111.6082,-0.02,-0.023,True,1,NBCC
2026-01-08,2026-01-09,471.0,460.55,-0.02,-0.023,True,1,POONAWALLA
2026-01-08,2026-01-09,1575.4,1520.2,-0.02,-0.023,True,1,TBOTEK
2026-01-07,2026-01-12,4111.6036,4014.0474,-0.02,-0.023,True,5,CUMMINSIND
2026-01-07,2026-01-12,373.4956,356.514,-0.02,-0.023,True,5,TRIVENI
2026-01-08,2026-01-12,2088.0,2023.5,-0.02,-0.023,True,4,BHARTIARTL
2026-01-08,2026-01-12,361.8,346.5,-0.02,-0.023,True,4,M&MFIN
2026-01-09,2026-01-12,996.0,960.6,-0.02,-0.023,True,3,ADANIENSOL
2026-01-09,2026-01-12,786.1,765.0,-0.02,-0.023,True,3,CENTURYPLY
2026-01-09,2026-01-12,2546.3,2485.0,-0.02,-0.023,True,3,DOMS
2026-01-09,2026-01-12,19985.0,18710.0,-0.02,-0.023,True,3,FORCEMOT
2026-01-09,2026-01-12,102.03,99.5,-0.02,-0.023,True,3,GMRAIRPORT
2026-01-09,2026-01-12,2582.0,2513.0,-0.02,-0.023,True,3,HDFCAMC
2026-01-09,2026-01-12,802.7065,769.0482,-0.02,-0.023,True,3,JSL
2026-01-09,2026-01-12,1171.1377,1137.9962,-0.02,-0.023,True,3,KIRLOSENG
2026-01-09,2026-01-12,306.0,299.7,-0.02,-0.023,True,3,LTF
2026-01-09,2026-01-12,140.0454,136.8136,-0.02,-0.023,True,3,MRPL
2026-01-09,2026-01-12,111.6082,108.8616,-0.02,-0.023,True,3,NBCC
2026-01-09,2026-01-12,1775.9,1740.0,-0.02,-0.023,True,3,TATACOMM
2026-01-08,2026-01-13,117.6349,115.1925,-0.02,-0.023,True,5,MOTHERSON
2026-01-08,2026-01-13,17719.0,18000.0,0.015859,0.012859,False,5,PTCIL
2026-01-09,2026-01-13,1736.2,1700.0,-0.02,-0.023,True,4,BHARTIHEXA
2026-01-09,2026-01-13,830.15,811.0,-0.02,-0.023,True,4,CHOICEIN
2026-01-09,2026-01-13,278.55,264.95,-0.02,-0.023,True,4,CUB
2026-01-09,2026-01-13,588.15,634.0,0.077956,0.074956,False,4,HINDZINC
2026-01-09,2026-01-13,1269.1716,1214.0119,-0.02,-0.023,True,4,UNOMINDA
2026-01-09,2026-01-13,1014.2,984.0,-0.02,-0.023,True,4,VIJAYA
2026-01-12,2026-01-13,34135.0,34830.0,0.02036,0.01736,False,1,3MINDIA
2026-01-12,2026-01-13,2890.1001,2750.0,-0.02,-0.023,True,1,GVT&D
2026-01-12,2026-01-13,178.4,183.5,0.028587,0.025587,False,1,TATASTEEL
2026-01-07,2026-01-14,256.7,248.5,-0.02,-0.023,True,7,FEDERALBNK
2026-01-08,2026-01-14,444.95,447.0,0.004607,0.001607,False,6,STARHEALTH
2026-01-09,2026-01-14,303.0,305.0,0.006601,0.003601,False,5,ITI
2026-01-09,2026-01-14,4399.1914,4284.9268,-0.02,-0.023,True,5,KEI
2026-01-09,2026-01-14,4029.0,3900.0,-0.02,-0.023,True,5,LT
2026-01-09,2026-01-14,460.55,459.0,-0.003366,-0.006366,False,5,POONAWALLA
2026-01-09,2026-01-14,214.5699,208.2532,-0.02,-0.023,True,5,SCI
2026-01-12,2026-01-14,770.05,821.25,0.066489,0.063489,False,2,ABSLAMC
2026-01-12,2026-01-14,960.6,937.0,-0.02,-0.023,True,2,ADANIENSOL
2026-01-12,2026-01-14,141.65,143.0,0.009531,0.006531,False,2,ADANIPOWER
2026-01-12,2026-01-14,165.47,160.0,-0.02,-0.023,True,2,CESC
2026-01-12,2026-01-14,7589.0,7660.0,0.009356,0.006356,False,2,CRAFTSMAN
2026-01-12,2026-01-14,18710.0,20095.0,0.074025,0.071025,False,2,FORCEMOT
2026-01-12,2026-01-14,628.0,594.0,-0.02,-0.023,True,2,GRAPHITE
2026-01-12,2026-01-14,310.1,298.5,-0.02,-0.023,True,2,GSPL
2026-01-12,2026-01-14,872.7476,843.8223,-0.02,-0.023,True,2,HBLENGINE
2026-01-12,2026-01-14,577.0,554.0,-0.02,-0.023,True,2,HEG
2026-01-12,2026-01-14,299.7,286.1,-0.02,-0.023,True,2,LTF
2026-01-12,2026-01-14,346.5,362.8,0.047042,0.044042,False,2,M&MFIN
2026-01-12,2026-01-14,290.4065,306.4792,0.055345,0.052345,False,2,MANAPPURAM
2026-01-12,2026-01-14,47.82,45.6,-0.02,-0.023,True,2,MSUMI
2026-01-12,2026-01-14,108.8616,104.5671,-0.02,-0.023,True,2,NBCC
2026-01-13,2026-01-14,601.0,588.4,-0.02,-0.023,True,1,GRANULES
2026-01-13,2026-01-14,1671.7,1631.0,-0.02,-0.023,True,1,MFSL
2026-01-13,2026-01-14,864.0,888.0,0.027778,0.024778,False,1,NAM-INDIA
2026-01-09,2026-01-15,343.3155,347.1085,0.011048,0.008048,False,6,BPCL
2026-01-09,2026-01-15,150.4,153.89,0.023205,0.020205,False,6,CANBK
2026-01-09,2026-01-15,895.0,917.45,0.025084,0.022084,False,6,CANFINHOME
2026-01-09,2026-01-15,563.7,572.35,0.015345,0.012345,False,6,GMDCLTD
2026-01-09,2026-01-15,2799.8,2795.8,-0.001429,-0.004429,False,6,GRASIM
2026-01-09,2026-01-15,452.0,440.15,-0.02,-0.023,True,6,HINDPETRO
2026-01-09,2026-01-15,153.2676,157.1783,0.025515,0.022515,False,6,IOC
2026-01-09,2026-01-15,1014.9,1040.7,0.025421,0.022421,False,6,JINDALSTEL
2026-01-09,2026-01-15,257.0,254.85,-0.008366,-0.011366,False,6,NYKAA
2026-01-09,2026-01-15,1520.2,1553.6,0.021971,0.018971,False,6,TBOTEK
2026-01-12,2026-01-15,351.5,358.6,0.020199,0.017199,False,3,ABCAPITAL
2026-01-12,2026-01-15,1889.9,1934.7,0.023705,0.020705,False,3,APLAPOLLO
2026-01-12,2026-01-15,259.45,265.15,0.021969,0.018969,False,3,GPIL
2026-01-12,2026-01-15,103.29,104.85,0.015103,0.012103,False,3,IDBI
2026-01-12,2026-01-15,769.0482,793.1184,0.031299,0.028299,False,3,JSL
2026-01-12,2026-01-15,442.0,429.8,-0.02,-0.023,True,3,LATENTVIEW
2026-01-12,2026-01-15,248.609,256.4966,0.031727,0.028727,False,3,NLCINDIA
2026-01-12,2026-01-15,41.7,43.0,0.031175,0.028175,False,3,NSLNISP
2026-01-12,2026-01-15,334.2267,346.4841,0.036674,0.033674,False,3,NTPC
2026-01-12,2026-01-15,1291.1,1313.3,0.017195,0.014195,False,3,PAYTM
2026-01-12,2026-01-15,304.85,312.0,0.023454,0.020454,False,3,RBLBANK
2026-01-12,2026-01-15,50.0,51.35,0.027,0.024,False,3,SAGILITY
2026-01-12,2026-01-15,979.0,981.1,0.002145,-0.000855,False,3,SHRIRAMFIN
2026-01-12,2026-01-15,1740.0,1753.6,0.007816,0.004816,False,3,TATACOMM
2026-01-12,2026-01-15,785.0,780.4,-0.00586,-0.00886,False,3,UPL
2026-01-13,2026-01-15,930.0,951.5,0.023118,0.020118,False,2,ASAHIINDIA
2026-01-13,2026-01-15,377.0,379.0,0.005305,0.002305,False,2,BIOCON
2026-01-13,2026-01-15,811.0,831.55,0.025339,0.022339,False,2,CHOICEIN
2026-01-13,2026-01-15,264.95,276.5,0.043593,0.040593,False,2,CUB
2026-01-13,2026-01-15,3764.0145,3671.4812,-0.02,-0.023,True,2,ESCORTS
2026-01-13,2026-01-15,893.5,909.95,0.018411,0.015411,False,2,FORTIS
2026-01-13,2026-01-15,507.85,506.15,-0.003347,-0.006347,False,2,JKTYRE
2026-01-13,2026-01-15,1043.2,1090.5,0.045341,0.042341,False,2,LAURUSLABS
2026-01-13,2026-01-15,1876.9,1946.1,0.036869,0.033869,False,2,NH
2026-01-14,2026-01-15,1255.0,1298.8,0.0349,0.0319,False,1,AXISBANK
2026-01-14,2026-01-15,594.0,632.9,0.065488,0.062488,False,1,GRAPHITE
2026-01-14,2026-01-15,820.0,846.4,0.032195,0.029195,False,1,INDIANB
2026-01-14,2026-01-15,5159.4392,5036.3105,-0.02,-0.023,True,1,SUNDARMFIN
2026-01-12,2026-01-16,1140.9,1190.0,0.043036,0.040036,False,4,360ONE
2026-01-12,2026-01-16,2302.45,2301.3,-0.000499,-0.003499,False,4,ECLERX
2026-01-12,2026-01-16,99.5,99.99,0.004925,0.001925,False,4,GMRAIRPORT
2026-01-12,2026-01-16,5662.6271,5514.5142,-0.02,-0.023,True,4,HEROMOTOCO
2026-01-12,2026-01-16,1137.9962,1169.7403,0.027895,0.024895,False,4,KIRLOSENG
2026-01-12,2026-01-16,16456.0,16000.0,-0.02,-0.023,True,4,MARUTI
2026-01-12,2026-01-16,1417.7,1448.0,0.021373,0.018373,False,4,NUVAMA
2026-01-12,2026-01-16,971.0,984.0,0.013388,0.010388,False,4,PNBHOUSING
2026-01-13,2026-01-16,3952.0294,3957.0066,0.001259,-0.001741,False,3,CUMMINSIND
2026-01-13,2026-01-16,2750.0,2790.0,0.014545,0.011545,False,3,GVT&D
2026-01-13,2026-01-16,272.0,273.5,0.005515,0.002515,False,3,REDINGTON
2026-01-14,2026-01-16,588.4,598.2,0.016655,0.013655,False,2,GRANULES
2026-01-14,2026-01-16,843.8223,782.9793,-0.02,-0.023,True,2,HBLENGINE
2026-01-14,2026-01-16,554.0,567.0,0.023466,0.020466,False,2,HEG
2026-01-14,2026-01-16,286.1,298.0,0.041594,0.038594,False,2,LTF
2026-01-14,2026-01-16,208.2532,212.2998,0.019431,0.016431,False,2,SCI
2026-01-07,2026-01-19,429.28,419.0,-0.02,-0.023,True,12,KOTAKBANK
2026-01-09,2026-01-19,148497.0502,142997.1571,-0.02,-0.023,True,10,MRF
2026-01-12,2026-01-19,2758.1001,2680.1001,-0.02,-0.023,True,7,AJANTPHARM
2026-01-12,2026-01-19,765.0,747.7,-0.02,-0.023,True,7,CENTURYPLY
2026-01-12,2026-01-19,1713.7183,1696.731,-0.009913,-0.012913,False,7,CHOLAFIN
2026-01-12,2026-01-19,469.0,477.0,0.017058,0.014058,False,7,HSCL
2026-01-12,2026-01-19,576.9148,558.4335,-0.02,-0.023,True,7,MINDACORP
2026-01-12,2026-01-19,714.95,708.0,-0.009721,-0.012721,False,7,SYRMA
2026-01-12,2026-01-19,3732.9523,3647.2519,-0.02,-0.023,True,7,TVSMOTOR
2026-01-12,2026-01-19,440.0,422.0,-0.02,-0.023,True,7,USHAMART
2026-01-12,2026-01-19,14151.0,14055.0,-0.006784,-0.009784,False,7,ZFCVINDIA
2026-01-13,2026-01-19,37745.0,36540.0,-0.02,-0.023,True,6,BOSCHLTD
2026-01-13,2026-01-19,181.9,178.25,-0.02,-0.023,True,6,CGCL
2026-01-13,2026-01-19,1307.0,1304.4,-0.001989,-0.004989,False,6,CREDITACC
2026-01-13,2026-01-19,115.1925,113.9464,-0.010818,-0.013818,False,6,MOTHERSON
2026-01-13,2026-01-19,893.3,872.15,-0.02,-0.023,True,6,SAILIFE
2026-01-13,2026-01-19,144.29,139.5,-0.02,-0.023,True,6,SAMMAANCAP
2026-01-13,2026-01-19,1214.0119,1173.2417,-0.02,-0.023,True,6,UNOMINDA
2026-01-14,2026-01-19,937.0,908.7,-0.02,-0.023,True,5,ADANIENSOL
2026-01-14,2026-01-19,6405.0,6236.0,-0.02,-0.023,True,5,DIVISLAB
2026-01-14,2026-01-19,248.5,271.45,0.092354,0.089354,False,5,FEDERALBNK
2026-01-14,2026-01-19,82.96,83.5,0.006509,0.003509,False,5,IDFCFIRSTB
2026-01-14,2026-01-19,3900.0,3820.0,-0.02,-0.023,True,5,LT
2026-01-14,2026-01-19,1631.0,1640.8,0.006009,0.003009,False,5,MFSL
2026-01-14,2026-01-19,14326.0,14000.0,-0.02,-0.023,True,5,NEULANDLAB
2026-01-15,2026-01-19,440.15,457.9,0.040327,0.037327,False,4,HINDPETRO
2026-01-15,2026-01-19,669.25,678.0,0.013074,0.010074,False,4,ICICIPRULI
2026-01-15,2026-01-19,3187.6001,3710.0,0.163885,0.160885,False,4,NETWEB
2026-01-15,2026-01-19,1689.7239,1639.3511,-0.02,-0.023,True,4,SUNPHARMA
2026-01-15,2026-01-19,1439.9,1405.2,-0.02,-0.023,True,4,VOLTAS
2026-01-09,2026-01-20,1465.0,1410.7,-0.02,-0.023,True,11,RELIANCE
2026-01-12,2026-01-20,3675.3,3646.0,-0.007972,-0.010972,False,8,M&M
2026-01-13,2026-01-20,291.0,283.0,-0.02,-0.023,True,7,HONASA
2026-01-13,2026-01-20,570.45,555.05,-0.02,-0.023,True,7,NAVA
2026-01-13,2026-01-20,1493.3,1430.0,-0.02,-0.023,True,7,RRKABEL
2026-01-14,2026-01-20,5893.5,5943.5,0.008484,0.005484,False,6,BRITANNIA
2026-01-14,2026-01-20,10.83,10.6,-0.02,-0.023,True,6,IDEA
2026-01-14,2026-01-20,7328.0,7420.0,0.012555,0.009555,False,6,POLYCAB
2026-01-15,2026-01-20,3671.4812,3555.0683,-0.02,-0.023,True,5,ESCORTS
2026-01-15,2026-01-20,630.6834,648.2038,0.02778,0.02478,False,5,IIFL
2026-01-15,2026-01-20,5036.3105,5143.4874,0.021281,0.018281,False,5,SUNDARMFIN
2026-01-16,2026-01-20,5514.5142,5668.5125,0.027926,0.024926,False,4,HEROMOTOCO
2026-01-16,2026-01-20,16000.0,16200.0,0.0125,0.0095,False,4,MARUTI
2026-01-19,2026-01-20,3820.0,3858.0,0.009948,0.006948,False,1,LT
2026-01-19,2026-01-20,558.4335,544.2979,-0.02,-0.023,True,1,MINDACORP
2026-01-19,2026-01-20,3647.2519,3688.1089,0.011202,0.008202,False,1,TVSMOTOR
2026-01-12,2026-01-21,1435.9,1371.7,-0.02,-0.023,True,9,ADANIPORTS
2026-01-12,2026-01-21,2023.5,1977.0,-0.02,-0.023,True,9,BHARTIARTL
2026-01-13,2026-01-21,1185.0,1133.9,-0.02,-0.023,True,8,AUROPHARMA
2026-01-14,2026-01-21,7390.0,7100.5,-0.02,-0.023,True,7,EICHERMOT
2026-01-14,2026-01-21,45.6,43.3,-0.02,-0.023,True,7,MSUMI
2026-01-15,2026-01-21,513.75,501.1,-0.02,-0.023,True,6,DABUR
2026-01-15,2026-01-21,429.8,400.5,-0.02,-0.023,True,6,LATENTVIEW
2026-01-16,2026-01-21,486.15,474.0,-0.02,-0.023,True,5,AGARWALEYE
2026-01-19,2026-01-21,908.7,885.0,-0.02,-0.023,True,2,ADANIENSOL
2026-01-19,2026-01-21,2756.8999,2670.0,-0.02,-0.023,True,2,ASIANPAINT
2026-01-19,2026-01-21,36540.0,35510.0,-0.02,-0.023,True,2,BOSCHLTD
2026-01-19,2026-01-21,1848.8,1760.0,-0.02,-0.023,True,2,PHOENIXLTD
2026-01-19,2026-01-21,872.15,811.0,-0.02,-0.023,True,2,SAILIFE
2026-01-19,2026-01-21,1173.2417,1117.1828,-0.02,-0.023,True,2,UNOMINDA
2026-01-19,2026-01-21,1405.2,1320.0,-0.02,-0.023,True,2,VOLTAS
2026-01-20,2026-01-21,141.5,137.5,-0.02,-0.023,True,1,ADANIPOWER
2026-01-20,2026-01-21,9468.0,9150.0,-0.02,-0.023,True,1,BAJAJ-AUTO
2026-01-20,2026-01-21,262.5,249.95,-0.02,-0.023,True,1,BHEL
2026-01-20,2026-01-21,2732.0,2638.7,-0.02,-0.023,True,1,BSE
2026-01-20,2026-01-21,2231.5,2150.0,-0.02,-0.023,True,1,ECLERX
2026-01-20,2026-01-21,3555.0683,3452.5854,-0.02,-0.023,True,1,ESCORTS
2026-01-20,2026-01-21,890.0,850.25,-0.02,-0.023,True,1,FORTIS
2026-01-20,2026-01-21,1980.3,1927.0,-0.02,-0.023,True,1,GLENMARK
2026-01-20,2026-01-21,250.75,239.85,-0.02,-0.023,True,1,GPIL
2026-01-20,2026-01-21,751.5604,703.1852,-0.02,-0.023,True,1,HBLENGINE
2026-01-20,2026-01-21,283.0,273.45,-0.02,-0.023,True,1,HONASA
2026-01-20,2026-01-21,98.96,95.46,-0.02,-0.023,True,1,IDBI
2026-01-20,2026-01-21,10.6,10.13,-0.02,-0.023,True,1,IDEA
2026-01-20,2026-01-21,249.55,241.05,-0.02,-0.023,True,1,NYKAA
2026-01-20,2026-01-21,1430.0,1391.0,-0.02,-0.023,True,1,RRKABEL
2026-01-20,2026-01-21,1479.1,1342.0,-0.02,-0.023,True,1,SOBHA
2026-01-20,2026-01-21,688.05,644.0,-0.02,-0.023,True,1,SYRMA
2026-01-19,2026-01-22,2680.1001,2719.0,0.014514,0.011514,False,3,AJANTPHARM
2026-01-19,2026-01-22,957.2,925.0,-0.02,-0.023,True,3,PNBHOUSING
2026-01-20,2026-01-22,544.2979,531.4609,-0.02,-0.023,True,2,MINDACORP
2026-01-21,2026-01-22,905.6,939.9,0.037875,0.034875,False,1,ASAHIINDIA
2026-01-21,2026-01-22,501.1,521.0,0.039713,0.036713,False,1,DABUR
2026-01-21,2026-01-22,531.6975,560.102,0.053422,0.050422,False,1,HINDCOPPER
2026-01-21,2026-01-22,1033.6,1003.0,-0.02,-0.023,True,1,LAURUSLABS
2026-01-21,2026-01-22,1708.5,1600.0,-0.02,-0.023,True,1,TATACOMM
2026-01-21,2026-01-22,715.3,699.05,-0.02,-0.023,True,1,UPL
2026-01-19,2026-01-23,2614.8999,2660.0,0.017247,0.014247,False,4,GVT&D
2026-01-19,2026-01-23,139.5,140.87,0.009821,0.006821,False,4,SAMMAANCAP
2026-01-20,2026-01-23,5699.057,5738.7373,0.006963,0.003963,False,3,ALKEM
2026-01-20,2026-01-23,4155.0,4025.1001,-0.02,-0.023,True,3,TITAN
2026-01-21,2026-01-23,137.5,141.0,0.025455,0.022455,False,2,ADANIPOWER
2026-01-21,2026-01-23,9150.0,9390.0,0.02623,0.02323,False,2,BAJAJ-AUTO
2026-01-21,2026-01-23,301.4,306.45,0.016755,0.013755,False,2,BANKBARODA
2026-01-21,2026-01-23,1384.4171,1433.3611,0.035353,0.032353,False,2,BHARATFORG
2026-01-21,2026-01-23,365.0,372.55,0.020685,0.017685,False,2,BIOCON
2026-01-21,2026-01-23,2638.7,2722.0,0.031569,0.028569,False,2,BSE
2026-01-21,2026-01-23,409.5361,418.468,0.02181,0.01881,False,2,COALINDIA
2026-01-21,2026-01-23,7327.5,7650.0,0.044012,0.041012,False,2,CRAFTSMAN
2026-01-21,2026-01-23,1066.819,1106.8236,0.037499,0.034499,False,2,GESHIP
2026-01-21,2026-01-23,1927.0,2000.0,0.037883,0.034883,False,2,GLENMARK
2026-01-21,2026-01-23,239.85,251.6,0.048989,0.045989,False,2,GPIL
2026-01-21,2026-01-23,552.75,572.0,0.034826,0.031826,False,2,GRANULES
2026-01-21,2026-01-23,95.46,100.12,0.048816,0.045816,False,2,IDBI
2026-01-21,2026-01-23,1163.5,1193.3,0.025612,0.022612,False,2,JSWSTEEL
2026-01-21,2026-01-23,255.1,264.0,0.034888,0.031888,False,2,KARURVYSYA
2026-01-21,2026-01-23,4058.195,3854.4363,-0.02,-0.023,True,2,KEI
2026-01-21,2026-01-23,105.9911,110.9856,0.047122,0.044122,False,2,MOTHERSON
2026-01-21,2026-01-23,336.2613,341.3727,0.015201,0.012201,False,2,NTPC
2026-01-21,2026-01-23,145.0,152.45,0.051379,0.048379,False,2,SAIL
2026-01-21,2026-01-23,183.56,190.5,0.037808,0.034808,False,2,TATASTEEL
2026-01-22,2026-01-23,570.0,557.0,-0.02,-0.023,True,1,AIIL
2026-01-22,2026-01-23,1899.0,2000.0,0.053186,0.050186,False,1,APLAPOLLO
2026-01-22,2026-01-23,404.2789,417.2238,0.03202,0.02902,False,1,BEL
2026-01-22,2026-01-23,5850.0,5950.0,0.017094,0.014094,False,1,BRITANNIA
2026-01-22,2026-01-23,82.0,84.34,0.028537,0.025537,False,1,IDFCFIRSTB
2026-01-22,2026-01-23,1278.9945,1302.9651,0.018742,0.015742,False,1,NESTLEIND
2026-01-19,2026-01-27,422.0,405.0,-0.02,-0.023,True,8,USHAMART
2026-01-20,2026-01-27,550.4,521.05,-0.02,-0.023,True,7,GMDCLTD
2026-01-21,2026-01-27,2670.0,2719.8999,0.018689,0.015689,False,6,ASIANPAINT
2026-01-21,2026-01-27,249.95,243.5,-0.02,-0.023,True,6,BHEL
2026-01-21,2026-01-27,795.6965,848.28,0.066085,0.063085,False,6,CHENNPETRO
2026-01-21,2026-01-27,796.8,762.8,-0.02,-0.023,True,6,CHOICEIN
2026-01-21,2026-01-27,96.22,91.31,-0.02,-0.023,True,6,GMRAIRPORT
2026-01-21,2026-01-27,908.0,875.0,-0.02,-0.023,True,6,INDUSINDBK
2026-01-21,2026-01-27,3543.0,3437.2,-0.02,-0.023,True,6,M&M
2026-01-21,2026-01-27,241.05,235.0,-0.02,-0.023,True,6,NYKAA
2026-01-21,2026-01-27,420.0754,428.4474,0.01993,0.01693,False,6,OIL
2026-01-21,2026-01-27,1760.0,1710.0,-0.02,-0.023,True,6,PHOENIXLTD
2026-01-21,2026-01-27,1391.0,1333.8,-0.02,-0.023,True,6,RRKABEL
2026-01-21,2026-01-27,21.68,21.0,-0.02,-0.023,True,6,YESBANK
2026-01-22,2026-01-27,3068.3,2921.7,-0.02,-0.023,True,5,ANANDRATHI
2026-01-22,2026-01-27,1688.8,1651.1,-0.02,-0.023,True,5,IKS
2026-01-22,2026-01-27,462.8,427.0,-0.02,-0.023,True,5,INDIACEM
2026-01-22,2026-01-27,840.95,820.0,-0.02,-0.023,True,5,NAM-INDIA
2026-01-22,2026-01-27,1380.0,1310.3,-0.02,-0.023,True,5,NUVAMA
2026-01-22,2026-01-27,1246.5,1150.0,-0.02,-0.023,True,5,PAYTM
2026-01-22,2026-01-27,1468.0,1421.3,-0.02,-0.023,True,5,TBOTEK
2026-01-23,2026-01-27,802.0,780.0,-0.02,-0.023,True,4,ABSLAMC
2026-01-23,2026-01-27,557.0,520.0,-0.02,-0.023,True,4,AIIL
2026-01-23,2026-01-27,430.0,416.95,-0.02,-0.023,True,4,HINDPETRO
2026-01-23,2026-01-27,545.9603,520.1513,-0.02,-0.023,True,4,IIFL
2026-01-23,2026-01-27,3931.2,3829.0,-0.02,-0.023,True,4,MUTHOOTFIN
2026-01-21,2026-01-28,474.0,446.0,-0.02,-0.023,True,7,AGARWALEYE
2026-01-21,2026-01-28,3740.2,3920.0,0.048072,0.045072,False,7,AIAENG
2026-01-21,2026-01-28,2150.0,2205.0,0.025581,0.022581,False,7,ECLERX
2026-01-21,2026-01-28,7100.5,7124.0,0.00331,0.00031,False,7,EICHERMOT
2026-01-21,2026-01-28,411.05,425.25,0.034546,0.031546,False,7,INDUSTOWER
2026-01-21,2026-01-28,3800.0,3804.3,0.001132,-0.001868,False,7,LT
2026-01-21,2026-01-28,1610.5,1576.6,-0.02,-0.023,True,7,MFSL
2026-01-21,2026-01-28,76.0968,77.0284,0.012243,0.009243,False,7,NMDC
2026-01-21,2026-01-28,13738.0,13970.0,0.016887,0.013887,False,7,ZFCVINDIA
2026-01-22,2026-01-28,498.5273,502.7479,0.008466,0.005466,False,6,APOLLOTYRE
2026-01-22,2026-01-28,2281.0,2169.8999,-0.02,-0.023,True,6,HYUNDAI
2026-01-22,2026-01-28,763.0556,809.9975,0.061518,0.058518,False,6,JSL
2026-01-22,2026-01-28,2375.0,2488.0,0.047579,0.044579,False,6,MCX
2026-01-22,2026-01-28,250.55,242.0,-0.02,-0.023,True,6,NLCINDIA
2026-01-23,2026-01-28,2019.193,2044.0584,0.012315,0.009315,False,5,SBILIFE
2026-01-27,2026-01-28,922.2091,954.7213,0.035255,0.032255,False,1,CCL
2026-01-27,2026-01-28,762.8,747.1,-0.02,-0.023,True,1,CHOICEIN
2026-01-27,2026-01-28,427.0,452.9,0.060656,0.057656,False,1,INDIACEM
2026-01-27,2026-01-28,154.7489,157.0203,0.014678,0.011678,False,1,IOC
2026-01-21,2026-01-29,33435.0,34095.0,0.01974,0.01674,False,8,3MINDIA
2026-01-21,2026-01-29,35510.0,35960.0,0.012672,0.009672,False,8,BOSCHLTD
2026-01-21,2026-01-29,1479.7,1448.1,-0.02,-0.023,True,8,IPCALAB
2026-01-21,2026-01-29,1083.0928,1115.8352,0.03023,0.02723,False,8,KIRLOSENG
2026-01-21,2026-01-29,480.7496,468.415,-0.02,-0.023,True,8,VBL
2026-01-22,2026-01-29,288.0,291.6,0.0125,0.0095,False,7,LTF
2026-01-22,2026-01-29,5786.0,5965.0,0.030937,0.027937,False,7,NAVINFLUOR
2026-01-23,2026-01-29,3557.6651,3703.9536,0.041119,0.038119,False,6,TVSMOTOR
2026-01-27,2026-01-29,521.05,564.0,0.08243,0.07943,False,2,GMDCLTD
2026-01-27,2026-01-29,528.9,572.3,0.082057,0.079057,False,2,HEG
2026-01-27,2026-01-29,5314.4146,5416.4263,0.019195,0.016195,False,2,HEROMOTOCO
2026-01-27,2026-01-29,875.0,899.9,0.028457,0.025457,False,2,INDUSINDBK
2026-01-27,2026-01-29,15300.0,14870.0,-0.02,-0.023,True,2,MARUTI
2026-01-27,2026-01-29,3829.0,4015.8999,0.048812,0.045812,False,2,MUTHOOTFIN
2026-01-27,2026-01-29,17480.0,17930.0,0.025744,0.022744,False,2,PTCIL
2026-01-27,2026-01-29,21.0,21.48,0.022857,0.019857,False,2,YESBANK
2026-01-28,2026-01-29,1495.0,1425.0,-0.02,-0.023,True,1,EMCURE
2026-01-28,2026-01-29,1576.6,1625.8,0.031206,0.028206,False,1,MFSL
2026-01-28,2026-01-29,3060.0,3143.0,0.027124,0.024124,False,1,NETWEB
2026-01-28,2026-01-29,242.0,252.0,0.041322,0.038322,False,1,NLCINDIA
2026-01-21,2026-01-30,1977.0,1925.6,-0.02,-0.023,True,9,BHARTIARTL
2026-01-21,2026-01-30,1638.7743,1648.7669,0.006098,0.003098,False,9,CHOLAFIN
2026-01-21,2026-01-30,10.13,9.96,-0.016782,-0.019782,False,9,IDEA
2026-01-21,2026-01-30,43.3,42.17,-0.02,-0.023,True,9,MSUMI
2026-01-22,2026-01-30,351.9,342.0,-0.02,-0.023,True,8,ABCAPITAL
2026-01-22,2026-01-30,650.05,625.3,-0.02,-0.023,True,8,ICICIPRULI
2026-01-22,2026-01-30,1003.0,974.0,-0.02,-0.023,True,8,LAURUSLABS
2026-01-22,2026-01-30,299.4911,289.508,-0.02,-0.023,True,8,MANAPPURAM
2026-01-27,2026-01-30,520.1513,541.0,0.040082,0.037082,False,3,IIFL
2026-01-27,2026-01-30,235.0,234.8,-0.000851,-0.003851,False,3,NYKAA
2026-01-27,2026-01-30,1421.3,1355.0,-0.02,-0.023,True,3,TBOTEK
2026-01-28,2026-01-30,965.0,968.25,0.003368,0.000368,False,2,AUBANK
2026-01-28,2026-01-30,3379.0,3283.0,-0.02,-0.023,True,2,M&M
2026-01-29,2026-01-30,1448.1,1479.7,0.021822,0.018822,False,1,IPCALAB
2026-01-29,2026-01-30,14870.0,14502.0,-0.02,-0.023,True,1,MARUTI
2026-01-21,2026-02-02,2168.3,2135.3,-0.015219,-0.018219,False,12,LUPIN
2026-01-27,2026-02-02,1333.8,1380.0,0.034638,0.031638,False,6,RRKABEL
2026-01-30,2026-02-02,974.0,918.85,-0.02,-0.023,True,3,LAURUSLABS
2026-01-30,2026-02-02,1679.4,1622.0,-0.02,-0.023,True,3,PHOENIXLTD
2026-01-27,2026-02-03,1150.0,1220.0,0.06087,0.05787,False,7,PAYTM
2026-01-29,2026-02-03,1425.0,1515.0,0.063158,0.060158,False,5,EMCURE
2026-01-30,2026-02-03,625.3,651.2,0.04142,0.03842,False,4,ICICIPRULI
2026-01-23,2026-02-04,4025.1001,4087.0,0.015378,0.012378,False,12,TITAN
2026-01-27,2026-02-04,2921.7,2950.0,0.009686,0.006686,False,8,ANANDRATHI
2026-01-30,2026-02-04,14502.0,14800.0,0.020549,0.017549,False,5,MARUTI
2026-02-02,2026-02-04,327.5,353.0,0.077863,0.074863,False,2,ABCAPITAL
2026-02-02,2026-02-04,5571.0885,5632.5926,0.01104,0.00804,False,2,ALKEM
2026-02-02,2026-02-04,1662.0,1574.0,-0.02,-0.023,True,2,INFY
2026-02-02,2026-02-04,918.85,980.0,0.066551,0.063551,False,2,LAURUSLABS
2026-02-02,2026-02-04,6119.5,6060.0,-0.009723,-0.012723,False,2,PERSISTENT
2026-02-02,2026-02-04,1622.0,1686.4,0.039704,0.036704,False,2,PHOENIXLTD
2026-02-03,2026-02-04,487.6034,501.4073,0.02831,0.02531,False,1,APOLLOTYRE
2026-02-03,2026-02-04,1780.0,1642.0,-0.02,-0.023,True,1,HCLTECH
2026-02-03,2026-02-04,84.61,84.8,0.002246,-0.000754,False,1,IDFCFIRSTB
2026-02-03,2026-02-04,735.0,731.85,-0.004286,-0.007286,False,1,MARICO
2026-02-03,2026-02-04,410.0,409.0,-0.002439,-0.005439,False,1,USHAMART
2026-02-03,2026-02-05,158.0,160.95,0.018671,0.015671,False,2,BANKINDIA
2026-02-03,2026-02-05,290.6,286.0,-0.015829,-0.018829,False,2,LTF
2026-02-03,2026-02-05,64.0,65.57,0.024531,0.021531,False,2,MAHABANK
2026-01-30,2026-02-06,49.05,47.25,-0.02,-0.023,True,7,SAGILITY
2026-02-03,2026-02-06,290.0,290.05,0.000172,-0.002828,False,3,BANKBARODA
2026-02-03,2026-02-06,875.0,878.3,0.003771,0.000771,False,3,INDIANB
2026-02-05,2026-02-06,1411.0,1435.3,0.017222,0.014222,False,1,IPCALAB
2026-02-03,2026-02-09,511.05,518.0,0.013599,0.010599,False,6,IIFL
2026-02-03,2026-02-09,1013.0,1005.0,-0.007897,-0.010897,False,6,SHRIRAMFIN
2026-02-05,2026-02-09,5700.0,5561.5,-0.02,-0.023,True,4,LTIM
2026-02-02,2026-02-10,565.0,632.0,0.118584,0.115584,False,8,HINDZINC
2026-02-05,2026-02-10,1534.0,1500.0,-0.02,-0.023,True,5,INFY
2026-02-06,2026-02-10,17467.0,18525.0,0.060571,0.057571,False,4,PTCIL
2026-02-09,2026-02-10,430.1687,436.1432,0.013889,0.010889,False,1,BEL
2026-02-09,2026-02-10,2112.5,2063.0,-0.02,-0.023,True,1,ECLERX
2026-02-05,2026-02-11,1630.1,1655.0,0.015275,0.012275,False,6,TECHM
2026-02-06,2026-02-11,1612.0,1574.0,-0.02,-0.023,True,5,HCLTECH
2026-02-09,2026-02-11,5561.5,5685.0,0.022206,0.019206,False,2,LTIM
2026-02-10,2026-02-11,2063.0,1992.5,-0.02,-0.023,True,1,ECLERX
2026-02-09,2026-02-12,593.2988,605.0299,0.019773,0.016773,False,3,HINDCOPPER
2026-02-11,2026-02-12,281.9,292.6,0.037957,0.034957,False,1,FEDERALBNK
2026-02-12,2026-02-13,418.2213,406.9207,-0.02,-0.023,True,1,COALINDIA
2026-02-12,2026-02-13,473.5575,463.9051,-0.02,-0.023,True,1,OIL
2026-02-12,2026-02-13,510.0,496.4,-0.02,-0.023,True,1,SARDAEN
2026-02-11,2026-02-16,643.05,643.0,-7.8e-05,-0.003078,False,5,ICICIPRULI
2026-02-11,2026-02-16,1161.0,1120.5,-0.02,-0.023,True,5,PAYTM
2026-02-12,2026-02-16,82.95,81.01,-0.02,-0.023,True,4,IDFCFIRSTB
2026-02-13,2026-02-16,1811.0,1748.9,-0.02,-0.023,True,3,GLAND
2026-02-13,2026-02-16,463.9051,446.7672,-0.02,-0.023,True,3,OIL
2026-02-13,2026-02-17,143.8,145.8,0.013908,0.010908,False,4,CANBK
2026-02-13,2026-02-17,884.8,905.75,0.023678,0.020678,False,4,CANFINHOME
2026-02-13,2026-02-17,406.9207,416.7409,0.024133,0.021133,False,4,COALINDIA
2026-02-13,2026-02-17,768.0,730.2,-0.02,-0.023,True,4,VENTIVE
2026-02-16,2026-02-17,335.0,344.9,0.029552,0.026552,False,1,ABCAPITAL
2026-02-16,2026-02-17,161.0,165.6,0.028571,0.025571,False,1,BANKINDIA
2026-02-16,2026-02-17,95.15,99.87,0.049606,0.046606,False,1,GMRAIRPORT
2026-02-16,2026-02-17,81.01,82.29,0.015801,0.012801,False,1,IDFCFIRSTB
2026-02-16,2026-02-17,393.0734,403.782,0.027243,0.024243,False,1,PFC
2026-02-13,2026-02-18,452.35,456.05,0.008179,0.005179,False,5,HINDPETRO
2026-02-13,2026-02-18,120.1,125.1,0.041632,0.038632,False,5,PNB
2026-02-13,2026-02-18,3081.0,3158.7,0.025219,0.022219,False,5,TIMKEN
2026-02-16,2026-02-18,1517.5,1565.0,0.031301,0.028301,False,2,ADANIPORTS
2026-02-16,2026-02-18,256.0,265.9,0.038672,0.035672,False,2,BHEL
2026-02-16,2026-02-18,420.55,438.55,0.042801,0.039801,False,2,DELHIVERY
2026-02-16,2026-02-18,565.85,545.1,-0.02,-0.023,True,2,GMDCLTD
2026-02-16,2026-02-18,505.1,520.9,0.031281,0.028281,False,2,IIFL
2026-02-16,2026-02-18,766.05,741.55,-0.02,-0.023,True,2,JSL
2026-02-16,2026-02-18,363.45,383.0,0.05379,0.05079,False,2,M&MFIN
2026-02-16,2026-02-18,181.7653,189.5021,0.042565,0.039565,False,2,MRPL
2026-02-16,2026-02-18,288.3,297.0,0.030177,0.027177,False,2,PETRONET
2026-02-16,2026-02-18,1128.5,1148.0,0.01728,0.01428,False,2,TATACONSUM
2026-02-16,2026-02-18,719.15,742.95,0.033095,0.030095,False,2,UPL
2026-02-17,2026-02-18,4479.1001,4589.0,0.024536,0.021536,False,1,KEI
2026-02-16,2026-02-19,34905.0,36815.0,0.05472,0.05172,False,3,3MINDIA
2026-02-16,2026-02-19,140.5,145.7,0.037011,0.034011,False,3,ADANIPOWER
2026-02-16,2026-02-19,489.7,477.1,-0.02,-0.023,True,3,APOLLOTYRE
2026-02-16,2026-02-19,372.65,377.45,0.012881,0.009881,False,3,BPCL
2026-02-16,2026-02-19,1276.7,1299.8,0.018094,0.015094,False,3,NESTLEIND
2026-02-17,2026-02-19,275.85,290.0,0.051296,0.048296,False,2,CUB
2026-02-18,2026-02-19,545.1,576.65,0.057879,0.054879,False,1,GMDCLTD
2026-02-16,2026-02-20,3586.6001,3470.0,-0.02,-0.023,True,4,ESCORTS
2026-02-16,2026-02-20,895.0,907.5,0.013966,0.010966,False,4,HINDALCO
2026-02-16,2026-02-20,3535.0,3443.0,-0.02,-0.023,True,4,M&M
2026-02-16,2026-02-20,490.375,476.25,-0.02,-0.023,True,4,METROPOLIS
2026-02-16,2026-02-20,346.0,338.0,-0.02,-0.023,True,4,NATIONALUM
2026-02-16,2026-02-20,446.7672,480.35,0.075168,0.072168,False,4,OIL
2026-02-17,2026-02-20,2809.8999,2741.0,-0.02,-0.023,True,3,BSE
2026-02-17,2026-02-20,3890.0,3800.0,-0.02,-0.023,True,3,CEATLTD
2026-02-17,2026-02-20,1620.8,1657.8,0.022828,0.019828,False,3,IKS
2026-02-17,2026-02-20,435.8,419.55,-0.02,-0.023,True,3,INDIACEM
2026-02-16,2026-02-23,953.0,948.4,-0.004827,-0.007827,False,7,ASAHIINDIA
2026-02-16,2026-02-23,79.32,81.0,0.02118,0.01818,False,7,NMDC
2026-02-17,2026-02-23,2576.1001,2519.6001,-0.02,-0.023,True,6,BALKRISIND
2026-02-18,2026-02-23,549.45,584.0,0.062881,0.059881,False,5,HINDCOPPER
2026-02-18,2026-02-23,580.0,607.0,0.046552,0.043552,False,5,HINDZINC
2026-02-18,2026-02-23,741.55,762.05,0.027645,0.024645,False,5,JSL
2026-02-20,2026-02-23,559.8,540.0,-0.02,-0.023,True,3,JKTYRE
2026-02-13,2026-02-24,1482.6,1420.0,-0.02,-0.023,True,11,TECHM
2026-02-16,2026-02-24,5387.5682,5500.0,0.020869,0.017869,False,8,ALKEM
2026-02-19,2026-02-24,3462.8999,3475.0,0.003494,0.000494,False,5,MUTHOOTFIN
2026-02-20,2026-02-24,419.55,426.95,0.017638,0.014638,False,4,INDIACEM
2026-02-20,2026-02-24,12650.0,12972.0,0.025455,0.022455,False,4,ULTRACEMCO
2026-02-20,2026-02-24,15101.0,15595.0,0.032713,0.029713,False,4,ZFCVINDIA
2026-02-23,2026-02-24,1121.0,1143.3,0.019893,0.016893,False,1,RAMCOCEM
2026-02-23,2026-02-24,140.0,138.0,-0.014286,-0.017286,False,1,WELSPUNLIV
2026-02-17,2026-02-25,5490.0,5511.0,0.003825,0.000825,False,8,HEROMOTOCO
2026-02-20,2026-02-25,253.0,262.4,0.037154,0.034154,False,5,BHEL
2026-02-20,2026-02-25,1670.6,1746.0,0.045134,0.042134,False,5,CHOLAFIN
2026-02-20,2026-02-25,430.0,449.7,0.045814,0.042814,False,5,HINDPETRO
2026-02-23,2026-02-25,60.85,58.98,-0.02,-0.023,True,2,IFCI
2026-02-23,2026-02-25,1465.0,1531.9,0.045666,0.042666,False,2,IPCALAB
2026-02-24,2026-02-25,919.75,934.0,0.015493,0.012493,False,1,INDUSINDBK
2026-02-19,2026-02-26,1204.9,1216.0,0.009212,0.006212,False,7,UNOMINDA
2026-02-20,2026-02-26,2742.3,2755.0,0.004631,0.001631,False,6,HDFCAMC
2026-02-20,2026-02-26,572.85,581.65,0.015362,0.012362,False,6,MINDACORP
2026-02-23,2026-02-26,2519.6001,2508.1001,-0.004564,-0.007564,False,3,BALKRISIND
2026-02-23,2026-02-26,1994.0,1914.0,-0.02,-0.023,True,3,BHARTIARTL
2026-02-23,2026-02-26,407.55,428.5,0.051405,0.048405,False,3,USHAMART
2026-02-24,2026-02-26,3831.0,3912.1001,0.021169,0.018169,False,2,AIAENG
2026-02-24,2026-02-26,10.98,10.75,-0.02,-0.023,True,2,IDEA
2026-02-25,2026-02-26,265.0,268.0,0.011321,0.008321,False,1,NYKAA
2026-02-20,2026-02-27,1427.0,1452.0,0.017519,0.014519,False,7,EMCURE
2026-02-24,2026-02-27,1711.2,1707.0,-0.002454,-0.005454,False,3,PHOENIXLTD
2026-02-25,2026-02-27,58.98,60.5,0.025771,0.022771,False,2,IFCI
2026-02-25,2026-02-27,6680.0,6910.0,0.034431,0.031431,False,2,LINDEINDIA
2026-02-26,2026-02-27,1945.0,1968.0,0.011825,0.008825,False,1,BLUESTARCO
2026-02-20,2026-03-02,3800.0,3132.8,-0.02,-0.023,True,10,CEATLTD
2026-02-20,2026-03-02,834.0,779.35,-0.02,-0.023,True,10,SYRMA
2026-02-23,2026-03-02,540.0,443.6,-0.02,-0.023,True,7,JKTYRE
2026-02-24,2026-03-02,6535.0,6545.0,0.00153,-0.00147,False,6,ATUL
2026-02-26,2026-03-02,7795.0,7250.0,-0.02,-0.023,True,4,CRAFTSMAN
2026-02-26,2026-03-02,10.75,10.25,-0.02,-0.023,True,4,IDEA
2026-02-26,2026-03-02,462.7,439.15,-0.02,-0.023,True,4,INDUSTOWER
2026-02-26,2026-03-02,287.1,280.0,-0.02,-0.023,True,4,MANAPPURAM
2026-02-26,2026-03-02,473.0,440.0,-0.02,-0.023,True,4,POONAWALLA
2026-02-27,2026-03-02,1008.95,971.0,-0.02,-0.023,True,3,BAJFINANCE
2026-02-27,2026-03-02,2464.8,2299.8999,-0.02,-0.023,True,3,BALKRISIND
2026-03-02,2026-03-04,865.0,840.0,-0.02,-0.023,True,2,ASAHIINDIA
2026-03-02,2026-03-04,828.0,805.95,-0.02,-0.023,True,2,CANFINHOME
2026-03-02,2026-03-04,398.4,389.4,-0.02,-0.023,True,2,INDIACEM
2026-03-02,2026-03-04,3354.8999,3399.1001,0.013175,0.010175,False,2,MUTHOOTFIN
2026-03-02,2026-03-05,280.0,270.25,-0.02,-0.023,True,3,MANAPPURAM
2026-03-02,2026-03-05,901.0,852.1,-0.02,-0.023,True,3,NAM-INDIA
2026-03-04,2026-03-05,422.95,412.0,-0.02,-0.023,True,1,AARTIIND
2026-03-04,2026-03-05,3700.0,3625.0,-0.02,-0.023,True,1,AIAENG
2026-03-04,2026-03-05,273.0,264.95,-0.02,-0.023,True,1,CUB
2026-03-04,2026-03-05,22840.0,21830.0,-0.02,-0.023,True,1,FORCEMOT
2026-03-04,2026-03-05,124.37,121.6,-0.02,-0.023,True,1,PNB
2026-03-04,2026-03-05,14593.0,14221.0,-0.02,-0.023,True,1,ZFCVINDIA
2026-03-02,2026-03-06,7250.0,7590.0,0.046897,0.043897,False,4,CRAFTSMAN
2026-03-04,2026-03-06,870.0,892.5,0.025862,0.022862,False,2,ABSLAMC
2026-03-04,2026-03-06,1435.0,1489.0,0.037631,0.034631,False,2,ADANIPORTS
2026-03-04,2026-03-06,135.0,139.6,0.034074,0.031074,False,2,ADANIPOWER
2026-03-04,2026-03-06,943.7,972.1,0.030094,0.027094,False,2,AUBANK
2026-03-04,2026-03-06,1877.7,1939.0,0.032646,0.029646,False,2,BLUESTARCO
2026-03-04,2026-03-06,2600.0,2750.0,0.057692,0.054692,False,2,BSE
2026-03-04,2026-03-06,285.75,296.0,0.035871,0.032871,False,2,HONASA
2026-03-04,2026-03-06,1782.9,1741.6,-0.02,-0.023,True,2,MFSL
2026-03-04,2026-03-06,183.6162,196.8373,0.072004,0.069004,False,2,MRPL
2026-03-04,2026-03-06,396.8512,410.741,0.035,0.032,False,2,PFC
2026-03-05,2026-03-06,1900.0,1894.9,-0.002684,-0.005684,False,1,BHARATFORG
2026-03-05,2026-03-06,3733.5,3824.3999,0.024347,0.021347,False,1,GVT&D
2026-03-05,2026-03-06,6110.0,6550.0,0.072013,0.069013,False,1,NAVINFLUOR
2026-03-05,2026-03-06,366.95,377.0,0.027388,0.024388,False,1,NTPC
2026-03-05,2026-03-06,292.0,299.95,0.027226,0.024226,False,1,POWERGRID
2026-03-05,2026-03-06,250.0,241.0,-0.02,-0.023,True,1,SCI
2026-03-02,2026-03-09,971.0,921.8,-0.02,-0.023,True,7,BAJFINANCE
2026-03-02,2026-03-09,5866.0,5930.0,0.01091,0.00791,False,7,BRITANNIA
2026-03-02,2026-03-09,569.0,572.0,0.005272,0.002272,False,7,GRANULES
2026-03-02,2026-03-09,2729.8,2659.0,-0.02,-0.023,True,7,GRASIM
2026-03-02,2026-03-09,439.15,444.5,0.012183,0.009183,False,7,INDUSTOWER
2026-03-02,2026-03-09,273.65,265.6,-0.02,-0.023,True,7,LTF
2026-03-02,2026-03-09,525.2,502.05,-0.02,-0.023,True,7,MINDACORP
2026-03-02,2026-03-09,246.5,251.25,0.01927,0.01627,False,7,NLCINDIA
2026-03-02,2026-03-09,1110.8,1086.7,-0.02,-0.023,True,7,TATACONSUM
2026-03-04,2026-03-09,956.4,970.5,0.014743,0.011743,False,5,ADANIENSOL
2026-03-04,2026-03-09,150.0,140.15,-0.02,-0.023,True,5,CANBK
2026-03-04,2026-03-09,508.05,507.0,-0.002067,-0.005067,False,5,ELGIEQUIP
2026-03-04,2026-03-09,249.0,242.0,-0.02,-0.023,True,5,GPIL
2026-03-04,2026-03-09,10.1,9.89,-0.02,-0.023,True,5,IDEA
2026-03-04,2026-03-09,389.4,372.2,-0.02,-0.023,True,5,INDIACEM
2026-03-04,2026-03-09,313.35,301.1,-0.02,-0.023,True,5,KARURVYSYA
2026-03-04,2026-03-09,3950.0,3850.0,-0.02,-0.023,True,5,LT
2026-03-04,2026-03-09,782.1,783.05,0.001215,-0.001785,False,5,MARICO
2026-03-04,2026-03-09,1259.7,1227.0,-0.02,-0.023,True,5,NESTLEIND
2026-03-04,2026-03-09,306.5,295.1,-0.02,-0.023,True,5,RBLBANK
2026-03-04,2026-03-09,143.5,139.05,-0.02,-0.023,True,5,SAMMAANCAP
2026-03-04,2026-03-09,763.0,730.0,-0.02,-0.023,True,5,SYRMA
2026-03-04,2026-03-09,12175.0,11766.0,-0.02,-0.023,True,5,ULTRACEMCO
2026-03-05,2026-03-09,5844.0,5982.0,0.023614,0.020614,False,4,ABB
2026-03-05,2026-03-09,325.0,314.95,-0.02,-0.023,True,4,ABCAPITAL
2026-03-05,2026-03-09,7745.0,7700.0,-0.00581,-0.00881,False,4,AMBER
2026-03-05,2026-03-09,201.04,190.45,-0.02,-0.023,True,4,ASHOKLEY
2026-03-05,2026-03-09,1354.9,1282.2,-0.02,-0.023,True,4,AXISBANK
2026-03-05,2026-03-09,9674.5,9600.0,-0.007701,-0.010701,False,4,BAJAJ-AUTO
2026-03-05,2026-03-09,301.05,285.15,-0.02,-0.023,True,4,BANKBARODA
2026-03-05,2026-03-09,164.5,154.0,-0.02,-0.023,True,4,BANKINDIA
2026-03-05,2026-03-09,380.3,384.95,0.012227,0.009227,False,4,BIOCON
2026-03-05,2026-03-09,356.65,341.35,-0.02,-0.023,True,4,BPCL
2026-03-05,2026-03-09,1655.0,1575.0,-0.02,-0.023,True,4,CHOLAFIN
2026-03-05,2026-03-09,264.95,254.0,-0.02,-0.023,True,4,CUB
2026-03-05,2026-03-09,4629.0,4740.0,0.023979,0.020979,False,4,CUMMINSIND
2026-03-05,2026-03-09,7705.0,7517.0,-0.02,-0.023,True,4,EICHERMOT
2026-03-05,2026-03-09,287.75,280.0,-0.02,-0.023,True,4,FEDERALBNK
2026-03-05,2026-03-09,21830.0,20955.0,-0.02,-0.023,True,4,FORCEMOT
2026-03-05,2026-03-09,681.7,662.9,-0.02,-0.023,True,4,GRAPHITE
2026-03-05,2026-03-09,551.0,526.7,-0.02,-0.023,True,4,HEG
2026-03-05,2026-03-09,951.95,928.0,-0.02,-0.023,True,4,INDIANB
2026-03-05,2026-03-09,168.8709,156.0327,-0.02,-0.023,True,4,IOC
2026-03-05,2026-03-09,69.0,67.0,-0.02,-0.023,True,4,MAHABANK
2026-03-05,2026-03-09,123.5964,118.6418,-0.02,-0.023,True,4,MOTHERSON
2026-03-05,2026-03-09,77.49,79.0,0.019486,0.016486,False,4,NMDC
2026-03-05,2026-03-09,257.3,250.0,-0.02,-0.023,True,4,NYKAA
2026-03-05,2026-03-09,121.6,116.25,-0.02,-0.023,True,4,PNB
2026-03-05,2026-03-09,156.1,150.99,-0.02,-0.023,True,4,SAIL
2026-03-05,2026-03-09,1944.8963,1900.0,-0.02,-0.023,True,4,SBILIFE
2026-03-05,2026-03-09,1181.0,1115.0,-0.02,-0.023,True,4,SBIN
2026-03-05,2026-03-09,832.75,885.2,0.062984,0.059984,False,4,SCHNEIDER
2026-03-05,2026-03-09,1022.3,957.5,-0.02,-0.023,True,4,SHRIRAMFIN
2026-03-05,2026-03-09,198.5,193.45,-0.02,-0.023,True,4,TATASTEEL
2026-03-05,2026-03-09,3761.8511,3686.116,-0.02,-0.023,True,4,TVSMOTOR
2026-03-05,2026-03-09,193.03,181.51,-0.02,-0.023,True,4,UNIONBANK
2026-03-06,2026-03-09,680.3,660.0,-0.02,-0.023,True,3,ATHERENERG
2026-03-06,2026-03-09,1741.6,1654.5,-0.02,-0.023,True,3,MFSL
2026-03-06,2026-03-09,3244.7,3100.0,-0.02,-0.023,True,3,NETWEB
2026-03-06,2026-03-09,241.0,234.0,-0.02,-0.023,True,3,SCI
2026-03-04,2026-03-10,1075.9,1031.0,-0.02,-0.023,True,6,RAMCOCEM
2026-03-05,2026-03-10,1475.4,1504.9,0.019995,0.016995,False,5,IPCALAB
2026-03-05,2026-03-10,1479.9,1440.0,-0.02,-0.023,True,5,TORNTPOWER
2026-03-09,2026-03-10,104.2,101.6,-0.02,-0.023,True,1,IDBI
2026-03-02,2026-03-11,443.6,450.0,0.014427,0.011427,False,9,JKTYRE
2026-03-04,2026-03-11,93.97,95.53,0.016601,0.013601,False,7,GMRAIRPORT
2026-03-05,2026-03-11,412.0,426.05,0.034102,0.031102,False,6,AARTIIND
2026-03-05,2026-03-11,3625.0,3780.0,0.042759,0.039759,False,6,AIAENG
2026-03-05,2026-03-11,538.0,550.0,0.022305,0.019305,False,6,GMDCLTD
2026-03-05,2026-03-11,1172.3,1187.0,0.012539,0.009539,False,6,JINDALSTEL
2026-03-05,2026-03-11,852.1,883.0,0.036263,0.033263,False,6,NAM-INDIA
2026-03-05,2026-03-11,503.0,520.0,0.033797,0.030797,False,6,SONACOMS
2026-03-09,2026-03-11,660.0,698.0,0.057576,0.054576,False,2,ATHERENERG
2026-03-09,2026-03-11,1654.5,1733.2,0.047567,0.044567,False,2,MFSL
2026-03-09,2026-03-11,3100.0,3348.0,0.08,0.077,False,2,NETWEB
2026-03-09,2026-03-11,234.0,246.4,0.052991,0.049991,False,2,SCI
2026-03-10,2026-03-11,21200.0,22480.0,0.060377,0.057377,False,1,FORCEMOT
2026-03-10,2026-03-11,585.0,590.0,0.008547,0.005547,False,1,HINDZINC
2026-03-10,2026-03-11,162.3926,158.5016,-0.02,-0.023,True,1,IOC
2026-03-10,2026-03-11,4854.5,4537.0,-0.02,-0.023,True,1,KEI
2026-03-10,2026-03-11,351.35,361.2,0.028035,0.025035,False,1,M&MFIN
2026-03-10,2026-03-11,300.9,308.4,0.024925,0.021925,False,1,RBLBANK
2026-03-10,2026-03-11,1933.3,1985.0,0.026742,0.023742,False,1,SBILIFE
2026-03-10,2026-03-11,387.75,372.8,-0.02,-0.023,True,1,TRIVENI
2026-03-10,2026-03-11,3695.0847,3766.8338,0.019417,0.016417,False,1,TVSMOTOR
2026-03-05,2026-03-12,2126.0,2019.9,-0.02,-0.023,True,7,APLAPOLLO
2026-03-05,2026-03-12,1214.5,1175.0,-0.02,-0.023,True,7,JSWSTEEL
2026-03-05,2026-03-12,4238.0,4100.0,-0.02,-0.023,True,7,TITAN
2026-03-05,2026-03-12,1438.9,1469.0,0.020919,0.017919,False,7,VOLTAS
2026-03-09,2026-03-12,1282.2,1243.2,-0.02,-0.023,True,3,AXISBANK
2026-03-09,2026-03-12,150.99,153.01,0.013378,0.010378,False,3,SAIL
2026-03-09,2026-03-12,1115.0,1075.1,-0.02,-0.023,True,3,SBIN
2026-03-10,2026-03-12,191.5,184.66,-0.02,-0.023,True,2,ASHOKLEY
2026-03-10,2026-03-12,142.5,138.6,-0.02,-0.023,True,2,CANBK
2026-03-10,2026-03-12,7380.0,7175.0,-0.02,-0.023,True,2,EICHERMOT
2026-03-10,2026-03-12,277.25,265.75,-0.02,-0.023,True,2,FEDERALBNK
2026-03-10,2026-03-12,101.6,98.5,-0.02,-0.023,True,2,IDBI
2026-03-10,2026-03-12,892.0,870.0,-0.02,-0.023,True,2,INDUSINDBK
2026-03-10,2026-03-12,17500.0,17981.0,0.027486,0.024486,False,2,PTCIL
2026-03-11,2026-03-12,4537.0,4300.0,-0.02,-0.023,True,1,KEI
2026-03-11,2026-03-12,7690.0,7400.0,-0.02,-0.023,True,1,POLYCAB
2026-03-05,2026-03-13,14221.0,13899.0,-0.02,-0.023,True,8,ZFCVINDIA
2026-03-10,2026-03-13,33560.0,34250.0,0.02056,0.01756,False,3,3MINDIA
2026-03-10,2026-03-13,9449.5,9075.0,-0.02,-0.023,True,3,BAJAJ-AUTO
2026-03-10,2026-03-13,250.0,242.55,-0.02,-0.023,True,3,CUB
2026-03-10,2026-03-13,640.95,640.7,-0.00039,-0.00339,False,3,GRAPHITE
2026-03-10,2026-03-13,1440.0,1505.0,0.045139,0.042139,False,3,TORNTPOWER
2026-03-11,2026-03-13,372.8,359.9,-0.02,-0.023,True,2,TRIVENI
2026-03-09,2026-03-16,154.0,149.0,-0.02,-0.023,True,7,BANKINDIA
2026-03-09,2026-03-16,526.7,495.4,-0.02,-0.023,True,7,HEG
2026-03-09,2026-03-16,116.25,112.0,-0.02,-0.023,True,7,PNB
2026-03-09,2026-03-16,181.51,172.2,-0.02,-0.023,True,7,UNIONBANK
2026-03-10,2026-03-16,291.0,280.0,-0.02,-0.023,True,6,BANKBARODA
2026-03-10,2026-03-16,912.0,865.0,-0.02,-0.023,True,6,INDIANB
2026-03-10,2026-03-16,296.9,277.55,-0.02,-0.023,True,6,KARURVYSYA
2026-03-10,2026-03-16,1236.9,1200.0,-0.02,-0.023,True,6,NESTLEIND
2026-03-10,2026-03-16,194.01,183.0,-0.02,-0.023,True,6,TATASTEEL
2026-03-11,2026-03-16,158.5016,153.01,-0.02,-0.023,True,5,IOC
2026-03-12,2026-03-16,2019.9,1921.6,-0.02,-0.023,True,4,APLAPOLLO
2026-03-12,2026-03-16,1789.9,1675.1,-0.02,-0.023,True,4,BHARATFORG
2026-03-12,2026-03-16,4300.0,4117.0,-0.02,-0.023,True,4,KEI
2026-03-12,2026-03-16,7400.0,7203.0,-0.02,-0.023,True,4,POLYCAB
2026-03-12,2026-03-16,1412.1,1339.1,-0.02,-0.023,True,4,RRKABEL
2026-03-12,2026-03-16,4050.3999,3820.5,-0.02,-0.023,True,4,SCHAEFFLER
2026-03-13,2026-03-16,900.0,880.6,-0.02,-0.023,True,3,AUBANK
2026-03-13,2026-03-16,9.52,9.32,-0.02,-0.023,True,3,IDEA
2026-03-13,2026-03-16,13899.0,13605.0,-0.02,-0.023,True,3,ZFCVINDIA
2026-03-12,2026-03-17,894.9106,973.2896,0.087583,0.084583,False,5,CHENNPETRO
2026-03-16,2026-03-17,3215.3,3096.0,-0.02,-0.023,True,1,DATAPATTNS
2026-03-16,2026-03-17,328.0,320.05,-0.02,-0.023,True,1,M&MFIN
2026-03-16,2026-03-17,2474.0,2579.8999,0.042805,0.039805,False,1,MCX
2026-03-16,2026-03-17,990.0,948.05,-0.02,-0.023,True,1,NATCOPHARM
2026-03-12,2026-03-18,9170.0,9412.0,0.02639,0.02339,False,6,APARINDS
2026-03-16,2026-03-18,309.0,319.7,0.034628,0.031628,False,2,ABCAPITAL
2026-03-16,2026-03-18,1921.6,1965.0,0.022585,0.019585,False,2,APLAPOLLO
2026-03-16,2026-03-18,880.6,910.0,0.033386,0.030386,False,2,AUBANK
2026-03-16,2026-03-18,1675.1,1760.0,0.050684,0.047684,False,2,BHARATFORG
2026-03-16,2026-03-18,3575.0,3700.0,0.034965,0.031965,False,2,GVT&D
2026-03-16,2026-03-18,257.0,265.0,0.031128,0.028128,False,2,LTF
2026-03-16,2026-03-18,24195.0,24700.0,0.020872,0.017872,False,2,POWERINDIA
2026-03-16,2026-03-18,484.0,506.7,0.046901,0.043901,False,2,SONACOMS
2026-03-16,2026-03-18,183.0,196.4,0.073224,0.070224,False,2,TATASTEEL
2026-03-17,2026-03-18,3096.0,3305.0,0.067506,0.064506,False,1,DATAPATTNS
2026-03-17,2026-03-18,460.3,474.6,0.031067,0.028067,False,1,OIL
2026-03-17,2026-03-18,145.19,152.8,0.052414,0.049414,False,1,SAIL
2026-03-17,2026-03-18,536.0,554.0,0.033582,0.030582,False,1,VTL
2026-03-13,2026-03-19,3068.0,3040.0,-0.009126,-0.012126,False,6,ANANDRATHI
2026-03-16,2026-03-19,169.3,175.95,0.039279,0.036279,False,3,ASHOKLEY
2026-03-16,2026-03-19,431.9,436.1,0.009725,0.006725,False,3,BEL
2026-03-16,2026-03-19,383.0,378.95,-0.010574,-0.013574,False,3,BIOCON
2026-03-16,2026-03-19,6701.0,6929.0,0.034025,0.031025,False,3,EICHERMOT
2026-03-16,2026-03-19,262.0,266.45,0.016985,0.013985,False,3,FEDERALBNK
2026-03-16,2026-03-19,851.0,870.0,0.022327,0.019327,False,3,FINCABLES
2026-03-16,2026-03-19,5198.5,5349.0,0.028951,0.025951,False,3,HEROMOTOCO
2026-03-16,2026-03-19,488.05,475.0,-0.02,-0.023,True,3,HINDCOPPER
2026-03-16,2026-03-19,548.0,524.0,-0.02,-0.023,True,3,HINDZINC
2026-03-16,2026-03-19,9.32,9.27,-0.005365,-0.008365,False,3,IDEA
2026-03-16,2026-03-19,865.0,870.1,0.005896,0.002896,False,3,INDIANB
2026-03-16,2026-03-19,4117.0,4331.0,0.05198,0.04898,False,3,KEI
2026-03-16,2026-03-19,1628.1,1635.1,0.004299,0.001299,False,3,MFSL
2026-03-16,2026-03-19,113.4679,114.1159,0.005711,0.002711,False,3,MOTHERSON
2026-03-16,2026-03-19,264.05,265.0,0.003598,0.000598,False,3,ONGC
2026-03-16,2026-03-19,953.1,1002.0,0.051306,0.048306,False,3,SAILIFE
2026-03-16,2026-03-19,1048.7,1049.5,0.000763,-0.002237,False,3,SBIN
2026-03-16,2026-03-19,14257.0,13649.0,-0.02,-0.023,True,3,SOLARINDS
2026-03-16,2026-03-19,5052.5,4950.0,-0.02,-0.023,True,3,SUNDARMFIN
2026-03-16,2026-03-19,4057.0,4104.3999,0.011683,0.008683,False,3,TITAN
2026-03-16,2026-03-19,676.6986,656.0435,-0.02,-0.023,True,3,VEDL
2026-03-17,2026-03-19,135.0,133.8,-0.008889,-0.011889,False,2,CANBK
2026-03-17,2026-03-19,1279.9,1278.7,-0.000938,-0.003938,False,2,DRREDDY
2026-03-17,2026-03-19,63.85,62.0,-0.02,-0.023,True,2,MAHABANK
2026-03-17,2026-03-19,750.1,746.1,-0.005333,-0.008333,False,2,MARICO
2026-03-17,2026-03-19,876.0,880.0,0.004566,0.001566,False,2,SCHNEIDER
2026-03-13,2026-03-20,7556.0,7231.5,-0.02,-0.023,True,7,APOLLOHOSP
2026-03-17,2026-03-20,1794.1,1755.1,-0.02,-0.023,True,3,SUNPHARMA
2026-03-19,2026-03-20,4950.0,4826.5,-0.02,-0.023,True,1,SUNDARMFIN
2026-03-16,2026-03-23,280.0,275.2,-0.017143,-0.020143,False,7,BANKBARODA
2026-03-16,2026-03-23,277.55,259.0,-0.02,-0.023,True,7,KARURVYSYA
2026-03-17,2026-03-23,616.0,599.95,-0.02,-0.023,True,6,GRAPHITE
2026-03-17,2026-03-23,962.9,979.1,0.016824,0.013824,False,6,LAURUSLABS
2026-03-17,2026-03-23,320.05,306.0,-0.02,-0.023,True,6,M&MFIN
2026-03-17,2026-03-23,948.05,960.0,0.012605,0.009605,False,6,NATCOPHARM
2026-03-17,2026-03-23,4266.6001,4270.2998,0.000867,-0.002133,False,6,TORNTPHARM
2026-03-20,2026-03-23,1262.0,1291.6,0.023455,0.020455,False,3,AUROPHARMA
2026-03-20,2026-03-23,2275.0,2319.7,0.019648,0.016648,False,3,LUPIN
2026-03-20,2026-03-23,375.85,377.1,0.003326,0.000326,False,3,NTPC
2026-03-20,2026-03-23,1755.1,1774.8,0.011224,0.008224,False,3,SUNPHARMA
2026-03-20,2026-03-23,3248.3,3140.0,-0.02,-0.023,True,3,TIMKEN
2026-03-20,2026-03-24,3030.0,2930.0,-0.02,-0.023,True,4,ANANDRATHI
2026-03-23,2026-03-24,1366.2,1309.9,-0.02,-0.023,True,1,KIRLOSENG
2026-03-23,2026-03-25,259.0,275.0,0.061776,0.058776,False,2,KARURVYSYA
2026-03-24,2026-03-25,3134.0,3261.8999,0.04081,0.03781,False,1,DATAPATTNS
2026-03-24,2026-03-25,6900.0,7350.0,0.065217,0.062217,False,1,LINDEINDIA
2026-03-24,2026-03-25,6050.0,6250.0,0.033058,0.030058,False,1,NAVINFLUOR
2026-03-24,2026-03-25,874.95,899.8,0.028402,0.025402,False,1,SCHNEIDER
2026-03-23,2026-03-27,622.573,650.1522,0.044299,0.041299,False,4,ASTERDM
2026-03-23,2026-03-27,855.0,860.0,0.005848,0.002848,False,4,HINDALCO
2026-03-23,2026-03-27,2400.0,2427.8999,0.011625,0.008625,False,4,MCX
2026-03-23,2026-03-27,3140.0,3265.1001,0.039841,0.036841,False,4,TIMKEN
2026-03-24,2026-03-27,970.1,985.0,0.015359,0.012359,False,3,ADANIENSOL
2026-03-24,2026-03-27,2821.1001,2879.8999,0.020843,0.017843,False,3,AJANTPHARM
2026-03-24,2026-03-27,2930.0,2975.0,0.015358,0.012358,False,3,ANANDRATHI
2026-03-24,2026-03-27,166.3,170.0,0.022249,0.019249,False,3,ASHOKLEY
2026-03-24,2026-03-27,1577.9,1635.0,0.036187,0.033187,False,3,ASTRAL
2026-03-24,2026-03-27,2800.0,2856.0,0.02,0.017,False,3,BSE
2026-03-24,2026-03-27,1405.0,1405.0,0.0,-0.003,False,3,GESHIP
2026-03-24,2026-03-27,3605.0,3650.0,0.012483,0.009483,False,3,GVT&D
2026-03-24,2026-03-27,1550.0,1594.7,0.028839,0.025839,False,3,IPCALAB
2026-03-24,2026-03-27,113.0,117.9,0.043363,0.040363,False,3,J&KBANK
2026-03-24,2026-03-27,1309.9,1378.0,0.051989,0.048989,False,3,KIRLOSENG
2026-03-24,2026-03-27,358.55,364.5,0.016595,0.013595,False,3,NATIONALUM
2026-03-24,2026-03-27,907.0,950.0,0.047409,0.044409,False,3,SHRIRAMFIN
2026-03-23,2026-03-30,31960.0,30855.0,-0.02,-0.023,True,7,3MINDIA
2026-03-24,2026-03-30,1380.3,1352.3,-0.02,-0.023,True,6,TORNTPOWER
2026-03-25,2026-03-30,16632.0,15300.0,-0.02,-0.023,True,5,PTCIL
2026-04-01,2026-04-02,20400.0,20400.0,0.0,-0.003,False,1,FORCEMOT
2026-04-01,2026-04-06,858.25,907.0,0.056802,0.053802,False,5,SCHNEIDER
2026-04-01,2026-04-06,572.0,587.5,0.027098,0.024098,False,5,SUNTV
2026-04-02,2026-04-06,1994.0,1913.3,-0.02,-0.023,True,4,JBCHEPHARM
2026-04-02,2026-04-06,4075.0,3987.2,-0.02,-0.023,True,4,TORNTPHARM
2026-04-06,2026-04-07,1553.5,1519.5,-0.02,-0.023,True,1,ASTRAL
2026-04-06,2026-04-07,294.9,292.5,-0.008138,-0.011138,False,1,POWERGRID
2026-04-02,2026-04-08,2269.2,2335.3,0.029129,0.026129,False,6,LUPIN
2026-04-02,2026-04-08,359.95,373.5,0.037644,0.034644,False,6,NTPC
2026-04-06,2026-04-08,1637.0,1716.5,0.048564,0.045564,False,2,BHARATFORG
2026-04-06,2026-04-09,1904.9,2047.7,0.074965,0.071965,False,3,APLAPOLLO
2026-04-06,2026-04-09,1684.3,1702.7,0.010924,0.007924,False,3,SUNPHARMA
2026-04-07,2026-04-09,945.0,973.05,0.029683,0.026683,False,2,SAILIFE
2026-04-08,2026-04-09,270.85,281.3,0.038582,0.035582,False,1,KARURVYSYA
2026-04-08,2026-04-09,6020.0,6091.5,0.011877,0.008877,False,1,NAVINFLUOR
2026-04-06,2026-04-10,1913.3,1988.8,0.039461,0.036461,False,4,JBCHEPHARM
2026-04-06,2026-04-10,3987.2,4116.8999,0.032529,0.029529,False,4,TORNTPHARM
2026-04-07,2026-04-10,2729.1001,2770.0,0.014987,0.011987,False,3,AJANTPHARM
2026-04-07,2026-04-10,1519.5,1577.0,0.037841,0.034841,False,3,ASTRAL
