symbol,entry_date,exit_date,entry_price,exit_price,gap_size_pct,volume_ratio,body_pct,pnl_gross,pnl_net,exit_reason,stopped_out,hold_bars,allocated_capital,trade_pnl_rupees
JPPOWER,2011-01-04,2011-01-05,57.2286,56.6563,3.41,3.15,1.69,-0.01,-0.012,stopped_out,True,1,200000.0,-2400.0
APOLLOTYRE,2011-01-04,2011-01-05,58.8478,58.2593,0.88,1.81,1.66,-0.01,-0.012,stopped_out,True,1,160000.0,-1920.0
MRPL,2011-01-04,2011-01-05,63.7475,63.11,0.6,2.21,2.11,-0.01,-0.012,stopped_out,True,1,128000.0,-1536.0
AVANTIFEED,2011-01-04,2011-01-05,1.9735,1.9537,1.23,6.32,3.38,-0.01,-0.012,stopped_out,True,1,102400.0,-1228.8
BATAINDIA,2011-01-04,2011-01-05,179.0667,177.2761,2.2,7.81,7.59,-0.01,-0.012,stopped_out,True,1,81920.0,-983.04
DEEPAKFERT,2011-01-05,2011-01-06,117.4267,116.2525,1.88,2.61,3.3,-0.01,-0.012,stopped_out,True,1,198386.43,-2380.64
JINDALSAW,2011-01-05,2011-01-10,82.8713,82.0426,2.56,6.65,7.23,-0.01,-0.012,stopped_out,True,3,158709.15,-1904.51
ADANIPORTS,2011-01-05,2011-01-06,145.1033,143.6522,1.95,3.85,5.0,-0.01,-0.012,stopped_out,True,1,126967.32,-1523.61
ZENSARTECH,2011-01-06,2011-01-07,26.977,26.7072,1.18,12.96,2.63,-0.01,-0.012,stopped_out,True,1,165863.75,-1990.37
GRASIM,2011-01-13,2011-01-17,342.7335,339.3062,1.66,2.26,2.03,-0.01,-0.012,stopped_out,True,2,196826.61,-2361.92
RAIN,2011-01-13,2011-01-14,29.356,29.0625,1.39,2.31,1.69,-0.01,-0.012,stopped_out,True,1,157461.29,-1889.54
TCS,2011-01-18,2011-01-19,431.2576,426.945,1.26,2.82,2.43,-0.01,-0.012,stopped_out,True,1,195976.32,-2351.72
SRF,2011-01-20,2011-01-24,56.2339,55.6716,1.2,9.32,6.04,-0.01,-0.012,stopped_out,True,2,195505.97,-2346.07
ZYDUSLIFE,2011-01-21,2011-01-24,149.0995,147.6085,3.62,2.07,1.95,-0.01,-0.012,stopped_out,True,1,156404.78,-1876.86
WOCKPHARMA,2011-01-24,2011-01-25,331.004,327.694,4.66,2.48,4.12,-0.01,-0.012,stopped_out,True,1,194661.39,-2335.94
ASTRAMICRO,2011-01-24,2011-01-25,38.9324,38.5431,6.12,1.59,2.64,-0.01,-0.012,stopped_out,True,1,155729.11,-1868.75
NTPC,2011-01-25,2011-01-27,96.2931,95.3301,1.06,1.81,1.76,-0.01,-0.012,stopped_out,True,1,193820.45,-2325.85
SIEMENS,2011-01-31,2011-02-01,422.1883,417.9665,8.67,9.7,2.89,-0.01,-0.012,stopped_out,True,1,193355.28,-2320.26
BRIGADE,2011-02-04,2011-02-07,62.6808,62.054,2.67,16.43,11.55,-0.01,-0.012,stopped_out,True,1,192891.23,-2314.69
NFL,2011-02-14,2011-02-15,86.3835,85.5197,1.18,2.11,10.86,-0.01,-0.012,stopped_out,True,1,192428.29,-2309.14
MARICO,2011-02-15,2011-02-16,51.6827,51.1658,2.04,2.75,3.18,-0.01,-0.012,stopped_out,True,1,191966.46,-2303.6
ELECON,2011-02-15,2011-02-16,30.5645,33.8114,0.58,2.33,6.51,0.10623,0.10423,take_profit_gap,False,1,153573.17,16006.93
HINDCOPPER,2011-02-16,2011-02-17,277.6134,274.8373,12.66,8.86,2.47,-0.01,-0.012,stopped_out,True,1,194707.13,-2336.49
TANLA,2011-02-17,2011-02-18,19.9003,19.7013,11.19,5.02,2.8,-0.01,-0.012,stopped_out,True,1,194239.83,-2330.88
ICIL,2011-02-17,2011-02-18,2.9753,2.9176,0.97,2.06,4.82,-0.019386,-0.021386,stopped_out_gap,True,1,155391.87,-3323.21
COROMANDEL,2011-02-17,2011-02-18,224.7687,222.521,1.09,3.56,10.69,-0.01,-0.012,stopped_out,True,1,124313.49,-1491.76
THANGAMAYL,2011-02-17,2011-02-21,67.7631,67.0855,2.16,1.59,2.04,-0.01,-0.012,stopped_out,True,2,99450.79,-1193.41
TIMETECHNO,2011-02-17,2011-02-18,23.6621,23.3558,1.05,4.27,10.24,-0.012947,-0.014947,stopped_out_gap,True,1,79560.64,-1189.19
CUB,2011-02-18,2011-02-21,28.6236,28.3373,1.13,2.4,3.72,-0.01,-0.012,stopped_out,True,1,172682.66,-2072.19
MANAPPURAM,2011-02-18,2011-02-21,36.6456,36.2792,10.61,1.58,2.63,-0.01,-0.012,stopped_out,True,1,138146.13,-1657.75
BAJAJELEC,2011-02-18,2011-02-21,185.2786,179.5898,1.08,5.53,2.57,-0.030704,-0.032704,stopped_out_gap,True,1,110516.91,-3614.34
MARUTI,2011-03-01,2011-03-03,1145.4128,1133.9586,1.9,2.47,6.75,-0.01,-0.012,stopped_out,True,1,78178.42,-938.14
VAIBHAVGBL,2011-03-01,2011-03-03,5.0955,5.3503,9.88,10.97,16.86,0.05,0.048,take_profit,False,1,97723.03,4690.71
REDINGTON,2011-03-01,2011-03-03,26.2143,25.9021,0.99,1.83,2.43,-0.011907,-0.013907,stopped_out_gap,True,1,122153.78,-1698.79
COALINDIA,2011-03-01,2011-03-03,113.926,112.7867,5.39,2.1,4.18,-0.01,-0.012,stopped_out,True,1,152692.23,-1832.31
ITC,2011-03-01,2011-03-03,70.5534,69.8479,8.11,1.75,1.64,-0.01,-0.012,stopped_out,True,1,190865.28,-2290.38
JBCHEPHARM,2011-03-03,2011-03-04,39.0296,38.6393,9.5,7.96,6.92,-0.01,-0.012,stopped_out,True,1,190451.5,-2285.42
GMDCLTD,2011-03-03,2011-03-04,83.1214,82.2902,3.75,1.97,1.84,-0.01,-0.012,stopped_out,True,1,152361.2,-1828.33
SUNFLAG,2011-03-03,2011-03-04,26.1675,25.9058,0.95,3.11,5.37,-0.01,-0.012,stopped_out,True,1,121888.96,-1462.67
TRIVENI,2011-03-03,2011-03-04,51.3665,50.8529,4.27,2.07,6.66,-0.01,-0.012,stopped_out,True,1,97511.17,-1170.13
BAJAJFINSV,2011-03-04,2011-03-07,52.9906,48.4814,16.23,13.68,3.02,-0.085094,-0.087094,stopped_out_gap,True,1,189102.19,-16469.67
CANFINHOME,2011-03-04,2011-03-07,17.6197,16.957,0.54,2.37,3.24,-0.037612,-0.039612,stopped_out_gap,True,1,151281.75,-5992.57
GRAVITA,2011-03-07,2011-03-08,50.4548,49.9502,3.08,3.14,4.53,-0.01,-0.012,stopped_out,True,1,184609.74,-2215.32
NESTLEIND,2011-03-08,2011-03-09,159.6543,158.0578,1.68,1.72,1.51,-0.01,-0.012,stopped_out,True,1,184166.68,-2210.0
BSOFT,2011-03-10,2011-03-11,41.6577,43.7406,3.33,4.33,4.15,0.05,0.048,take_profit,False,1,183724.68,8818.78
GOKEX,2011-03-10,2011-03-11,114.4075,120.1279,5.21,17.39,14.5,0.05,0.048,take_profit,False,1,146979.74,7055.03
SHILPAMED,2011-03-10,2011-03-11,42.3818,41.958,2.26,4.04,9.25,-0.01,-0.012,stopped_out,True,1,117583.79,-1411.01
ESCORTS,2011-03-14,2011-03-15,121.2572,117.514,2.95,1.64,4.51,-0.03087,-0.03287,stopped_out_gap,True,1,186617.24,-6134.11
V2RETAIL,2011-03-15,2011-03-16,38.4192,38.035,9.91,13.99,5.64,-0.01,-0.012,stopped_out,True,1,185390.42,-2224.69
CENTRALBK,2011-03-16,2011-03-17,131.6418,130.3254,2.67,4.01,6.43,-0.01,-0.012,stopped_out,True,1,147956.38,-1775.48
VIPIND,2011-03-16,2011-03-17,111.4119,116.9825,5.54,5.23,9.42,0.05,0.048,take_profit,False,1,184945.48,8877.38
HAVELLS,2011-03-17,2011-03-18,62.8081,62.18,1.48,2.21,1.6,-0.01,-0.012,stopped_out,True,1,186365.86,-2236.39
M&MFIN,2011-03-22,2011-03-23,76.329,75.5657,1.12,3.23,6.17,-0.01,-0.012,stopped_out,True,1,185918.58,-2231.02
CENTURYPLY,2011-03-23,2011-03-24,63.3704,62.7367,3.19,3.66,5.11,-0.01,-0.012,stopped_out,True,1,185472.38,-2225.67
HFCL,2011-03-23,2011-03-24,12.6798,12.553,6.51,14.01,8.4,-0.01,-0.012,stopped_out,True,1,148377.9,-1780.53
GODREJIND,2011-03-24,2011-03-28,168.5542,176.9819,1.66,2.26,1.94,0.05,0.048,take_profit,False,2,94551.62,4538.48
ASHOKLEY,2011-03-24,2011-03-25,10.4306,9.9478,1.5,1.55,5.04,-0.046288,-0.048288,stopped_out_gap,True,1,184671.14,-8917.4
PRESTIGE,2011-03-24,2011-03-25,130.5864,129.2805,7.34,1.89,17.45,-0.01,-0.012,stopped_out,True,1,147736.91,-1772.84
JWL,2011-03-24,2011-03-25,36.8016,40.1882,3.86,2.34,6.62,0.092025,0.090025,take_profit_gap,False,1,118189.53,10640.01
CIEINDIA,2011-03-24,2011-03-25,64.5243,67.7505,0.79,3.18,6.06,0.05,0.048,take_profit,False,1,75641.3,3630.78
VTL,2011-03-25,2011-03-28,44.2921,43.6201,0.7,2.63,4.13,-0.015172,-0.017172,stopped_out_gap,True,1,166476.92,-2858.74
WIPRO,2011-03-25,2011-03-31,70.997,74.5468,0.9,2.07,1.89,0.05,0.048,take_profit,False,4,133181.54,6392.71
CHAMBLFERT,2011-03-25,2011-03-29,52.0259,51.5057,2.97,1.77,5.79,-0.01,-0.012,stopped_out,True,2,106545.23,-1278.54
MOIL,2011-03-25,2011-03-28,130.5723,129.1313,2.57,4.46,3.68,-0.011036,-0.013036,stopped_out_gap,True,1,85236.19,-1111.14
LT,2011-03-28,2011-04-11,589.2741,599.3748,2.78,1.9,2.33,0.017141,0.015141,time_exit,False,10,110044.49,1666.18
STLTECH,2011-03-28,2011-03-29,52.0476,51.5271,3.76,10.22,16.78,-0.01,-0.012,stopped_out,True,1,137555.61,-1650.67
IRB,2011-03-28,2011-03-30,15.3518,16.1194,0.57,1.99,3.47,0.05,0.048,take_profit,False,2,88035.59,4225.71
HSCL,2011-03-29,2011-03-30,39.0198,38.6296,2.66,2.93,5.66,-0.01,-0.012,stopped_out,True,1,94930.24,-1139.16
MFSL,2011-03-29,2011-04-04,145.0957,152.3505,2.86,4.22,3.7,0.05,0.048,take_profit,False,4,118662.8,5695.81
IOC,2011-03-30,2011-03-31,26.1682,25.9065,2.62,1.5,3.76,-0.01,-0.012,stopped_out,True,1,113154.67,-1357.86
JKPAPER,2011-03-30,2011-03-31,43.0728,45.2264,2.49,13.09,13.56,0.05,0.048,take_profit,False,1,90523.74,4345.14
PCBL,2011-03-31,2011-04-01,9.9179,10.4138,1.36,2.2,6.01,0.05,0.048,take_profit,False,1,141666.98,6800.01
OBEROIRLTY,2011-03-31,2011-04-01,235.228,231.3009,2.87,2.0,3.92,-0.016695,-0.018695,stopped_out_gap,True,1,113333.58,-2118.77
NHPC,2011-03-31,2011-04-01,12.7177,12.5905,1.63,3.25,3.27,-0.01,-0.012,stopped_out,True,1,90666.86,-1088.0
NMDC,2011-04-01,2011-04-08,26.8441,26.5756,1.3,2.37,3.63,-0.01,-0.012,stopped_out,True,5,113908.5,-1366.9
TVSMOTOR,2011-04-01,2011-04-04,52.4629,51.9383,1.17,2.02,1.56,-0.01,-0.012,stopped_out,True,1,91126.8,-1093.52
BIOCON,2011-04-01,2011-04-04,53.4583,52.9237,0.64,1.65,2.75,-0.01,-0.012,stopped_out,True,1,142385.62,-1708.63
BANCOINDIA,2011-04-04,2011-04-11,17.2931,18.1577,3.75,1.59,4.47,0.05,0.048,take_profit,False,5,143915.22,6907.93
SCI,2011-04-04,2011-04-05,103.2868,102.2539,2.81,1.68,1.63,-0.01,-0.012,stopped_out,True,1,115132.17,-1381.59
FSL,2011-04-04,2011-04-05,15.3332,15.1799,0.54,2.26,2.65,-0.01,-0.012,stopped_out,True,1,92105.74,-1105.27
ALOKINDS,2011-04-05,2011-04-06,24.0346,23.7942,0.65,5.02,11.16,-0.01,-0.012,stopped_out,True,1,114634.8,-1375.62
GSFC,2011-04-05,2011-04-06,52.0729,51.5522,1.96,2.17,1.7,-0.01,-0.012,stopped_out,True,1,91707.84,-1100.49
SUPREMEIND,2011-04-06,2011-04-07,127.3998,126.1258,1.07,2.12,2.92,-0.01,-0.012,stopped_out,True,1,91311.66,-1095.74
KEI,2011-04-06,2011-04-07,22.2972,23.4121,1.49,1.77,1.68,0.05,0.048,take_profit,False,1,114139.58,5478.7
POONAWALLA,2011-04-07,2011-04-08,58.9712,58.3815,2.57,1.9,1.75,-0.01,-0.012,stopped_out,True,1,92012.94,-1104.16
RADICO,2011-04-07,2011-04-08,134.6331,133.2867,3.67,2.51,4.24,-0.01,-0.012,stopped_out,True,1,115016.17,-1380.19
VSTIND,2011-04-08,2011-04-13,37.3418,39.2089,0.84,10.29,3.59,0.05,0.048,take_profit,False,2,137027.62,6577.33
CASTROLIND,2011-04-08,2011-04-13,70.0453,69.2649,1.11,5.24,2.78,-0.011141,-0.013141,stopped_out_gap,True,2,109622.1,-1440.54
WELCORP,2011-04-11,2011-04-13,174.6049,172.8588,0.5,2.2,2.14,-0.01,-0.012,stopped_out,True,1,140204.44,-1682.45
HINDZINC,2011-04-11,2011-04-13,51.1108,50.5997,2.92,2.17,1.56,-0.01,-0.012,stopped_out,True,1,112163.55,-1345.96
CCL,2011-04-13,2011-04-15,22.6348,22.4084,0.79,11.05,18.82,-0.01,-0.012,stopped_out,True,1,189956.06,-2279.47
ZYDUSWELL,2011-04-15,2011-04-18,113.3879,112.254,2.22,12.26,2.11,-0.01,-0.012,stopped_out,True,1,189500.17,-2274.0
FINPIPE,2011-04-15,2011-04-18,15.006,14.8559,0.67,5.31,6.77,-0.01,-0.012,stopped_out,True,1,151600.13,-1819.2
HEROMOTOCO,2011-04-15,2011-04-18,1118.7575,1174.6953,4.75,2.7,4.67,0.05,0.048,take_profit,False,1,121280.11,5821.45
SUDARSCHEM,2011-04-15,2011-04-19,59.1186,57.1484,1.48,2.57,1.96,-0.033326,-0.035326,stopped_out_gap,True,2,97024.08,-3427.47
USHAMART,2011-04-15,2011-04-18,60.6153,60.0092,2.18,3.29,4.19,-0.01,-0.012,stopped_out,True,1,77619.27,-931.43
HCLTECH,2011-04-20,2011-04-21,90.9665,90.0568,1.36,5.86,4.26,-0.01,-0.012,stopped_out,True,1,188974.03,-2267.69
JINDALSTEL,2011-04-21,2011-04-25,675.974,665.3905,1.48,1.56,1.79,-0.015657,-0.017657,stopped_out_gap,True,1,188520.5,-3328.71
BBTC,2011-04-21,2011-04-25,82.6223,81.7961,0.59,2.36,3.28,-0.01,-0.012,stopped_out,True,1,150816.4,-1809.8
PIDILITIND,2011-04-25,2011-04-28,73.0957,72.3648,0.9,3.47,2.98,-0.01,-0.012,stopped_out,True,3,187492.79,-2249.91
ASTRAL,2011-04-25,2011-05-04,14.525,15.2513,2.95,1.53,4.34,0.05,0.048,take_profit,False,7,149994.24,7199.72
ULTRACEMCO,2011-04-26,2011-04-27,995.0179,985.0677,0.54,2.63,1.74,-0.01,-0.012,stopped_out,True,1,95996.31,-1151.96
TITAGARH,2011-04-26,2011-04-28,68.373,67.6893,1.6,3.01,3.44,-0.01,-0.012,stopped_out,True,2,119995.39,-1439.94
JKIL,2011-04-28,2011-04-29,64.9563,64.3067,1.61,2.88,2.72,-0.01,-0.012,stopped_out,True,1,156525.58,-1878.31
OLECTRA,2011-04-28,2011-04-29,19.447,19.2525,1.09,5.61,4.71,-0.01,-0.012,stopped_out,True,1,125220.47,-1502.65
ABB,2011-04-28,2011-04-29,747.9857,740.5059,1.65,3.19,2.0,-0.01,-0.012,stopped_out,True,1,100176.37,-1202.12
KAJARIACER,2011-04-28,2011-04-29,38.417,38.0328,3.15,6.07,4.97,-0.01,-0.012,stopped_out,True,1,80141.1,-961.69
EXIDEIND,2011-04-29,2011-05-02,129.5112,128.2161,2.66,2.88,1.87,-0.01,-0.012,stopped_out,True,1,155416.63,-1865.0
SURYAROSNI,2011-04-29,2011-05-02,21.4827,21.2679,2.14,17.35,10.26,-0.01,-0.012,stopped_out,True,1,124333.31,-1492.0
HINDUNILVR,2011-05-10,2011-05-11,226.7013,224.4343,3.18,3.26,3.68,-0.01,-0.012,stopped_out,True,1,186184.02,-2234.21
IIFL,2011-05-10,2011-05-11,27.4104,27.1363,1.08,1.94,4.48,-0.01,-0.012,stopped_out,True,1,148947.22,-1787.37
BERGEPAINT,2011-05-10,2011-05-11,27.9867,27.7069,4.62,5.65,4.29,-0.01,-0.012,stopped_out,True,1,119157.78,-1429.89
PTC,2011-05-10,2011-05-16,42.312,41.8889,0.59,3.95,3.43,-0.01,-0.012,stopped_out,True,4,95326.22,-1143.91
OFSS,2011-05-11,2011-05-12,1191.8108,1179.8927,1.52,9.49,9.39,-0.01,-0.012,stopped_out,True,1,166028.49,-1992.34
UBL,2011-05-11,2011-05-12,574.4827,568.7379,4.2,8.99,9.67,-0.01,-0.012,stopped_out,True,1,132822.79,-1593.87
AJANTPHARM,2011-05-16,2011-05-17,21.1904,20.9785,2.16,7.86,6.11,-0.01,-0.012,stopped_out,True,1,184147.7,-2209.77
GLENMARK,2011-05-16,2011-05-17,290.6082,287.7021,5.53,9.66,2.12,-0.01,-0.012,stopped_out,True,1,147318.16,-1767.82
GPIL,2011-05-20,2011-05-23,44.0132,43.5731,1.48,2.19,4.4,-0.01,-0.012,stopped_out,True,1,183352.19,-2200.23
LUMAXTECH,2011-05-24,2011-05-25,22.2116,21.9894,0.66,1.73,1.55,-0.01,-0.012,stopped_out,True,1,182912.14,-2194.95
TEXRAIL,2011-05-25,2011-05-26,63.0884,62.4575,0.65,1.63,2.46,-0.01,-0.012,stopped_out,True,1,182473.15,-2189.68
JSL,2011-05-27,2011-05-30,96.068,95.1074,0.91,4.55,2.79,-0.01,-0.012,stopped_out,True,1,182035.22,-2184.42
GODREJCP,2011-05-30,2011-06-03,122.83,121.6017,0.9,1.71,4.22,-0.01,-0.012,stopped_out,True,4,181598.33,-2179.18
NAVINFLUOR,2011-05-30,2011-06-13,37.5558,38.3955,0.59,7.16,2.74,0.022358,0.020358,time_exit,False,10,145278.67,2957.58
GODFRYPHLP,2011-05-30,2011-06-03,113.0864,111.9555,1.87,11.33,5.19,-0.01,-0.012,stopped_out,True,4,116222.93,-1394.68
KTKBANK,2011-05-30,2011-05-31,55.9233,55.3641,1.98,2.37,4.71,-0.01,-0.012,stopped_out,True,1,92978.35,-1115.74
KNRCON,2011-05-31,2011-06-01,11.4781,11.2399,2.28,4.8,8.3,-0.020749,-0.022749,stopped_out_gap,True,1,92755.2,-2110.09
LUPIN,2011-05-31,2011-06-01,432.4682,428.1435,0.81,1.79,3.49,-0.01,-0.012,stopped_out,True,1,74204.16,-890.45
JBMA,2011-06-01,2011-06-02,3.1565,3.125,9.84,10.31,11.04,-0.01,-0.012,stopped_out,True,1,92155.09,-1105.86
TATAINVEST,2011-06-01,2011-06-02,36.9699,36.5454,1.04,14.89,5.9,-0.011481,-0.013481,stopped_out_gap,True,1,73724.07,-993.87
BRITANNIA,2011-06-03,2011-06-06,183.3198,181.4866,1.33,1.62,2.36,-0.01,-0.012,stopped_out,True,1,150584.63,-1807.02
SONATSOFTW,2011-06-06,2011-06-07,9.304,9.211,3.19,3.45,3.68,-0.01,-0.012,stopped_out,True,1,150223.22,-1802.68
CIPLA,2011-06-07,2011-06-08,308.5497,305.4642,0.66,2.06,1.84,-0.01,-0.012,stopped_out,True,1,149862.69,-1798.35
WELENT,2011-06-14,2011-06-15,66.0449,65.2106,17.43,16.27,3.07,-0.012631,-0.014631,stopped_out_gap,True,1,179150.27,-2621.15
TIPSMUSIC,2011-06-14,2011-06-15,2.0331,1.9892,1.07,3.57,3.56,-0.021598,-0.023598,stopped_out_gap,True,1,143320.21,-3382.07
CHOLAHLDNG,2011-06-15,2011-06-17,82.5298,81.7045,1.1,4.93,4.12,-0.01,-0.012,stopped_out,True,2,177949.62,-2135.4
DATAMATICS,2011-06-17,2011-06-20,24.2321,23.9898,1.4,10.6,4.86,-0.01,-0.012,stopped_out,True,1,177522.54,-2130.27
M&M,2011-06-27,2011-07-08,295.5461,310.3234,1.48,2.28,3.57,0.05,0.048,take_profit,False,9,90673.4,4352.32
YESBANK,2011-06-27,2011-06-28,57.4532,56.8787,1.86,2.13,6.22,-0.01,-0.012,stopped_out,True,1,113341.75,-1360.1
INDUSINDBK,2011-06-27,2011-07-04,246.7236,259.0598,2.67,1.53,2.87,0.05,0.048,take_profit,False,5,72538.72,3481.86
OIL,2011-06-27,2011-06-28,85.7203,84.8631,3.9,4.77,1.59,-0.01,-0.012,stopped_out,True,1,177096.49,-2125.16
HINDPETRO,2011-06-27,2011-06-28,32.1502,31.8287,3.68,5.69,2.57,-0.01,-0.012,stopped_out,True,1,141677.19,-1700.13
JUBLPHARMA,2011-06-28,2011-06-29,120.5435,119.338,5.46,7.96,9.48,-0.01,-0.012,stopped_out,True,1,143416.99,-1721.0
BALKRISIND,2011-06-28,2011-07-05,67.2095,66.5374,1.41,2.51,2.28,-0.01,-0.012,stopped_out,True,5,114733.59,-1376.8
JKTYRE,2011-06-28,2011-06-29,15.7322,15.5748,1.52,10.07,6.28,-0.01,-0.012,stopped_out,True,1,91786.87,-1101.44
EIDPARRY,2011-06-30,2011-07-01,213.0828,210.952,4.26,2.89,3.14,-0.01,-0.012,stopped_out,True,1,119905.78,-1438.87
IMFA,2011-06-30,2011-07-01,177.3014,172.1504,1.65,4.39,3.56,-0.029052,-0.031052,stopped_out_gap,True,1,95924.62,-2978.65
ASHOKA,2011-07-01,2011-07-04,57.417,54.3658,0.78,2.59,5.31,-0.05314,-0.05514,stopped_out_gap,True,1,119022.28,-6562.89
BLUEDART,2011-07-01,2011-07-04,1366.3482,1352.6848,3.65,6.47,3.49,-0.01,-0.012,stopped_out,True,1,95217.82,-1142.61
SOBHA,2011-07-04,2011-07-05,239.7229,237.3257,2.61,1.86,3.63,-0.01,-0.012,stopped_out,True,1,132685.29,-1592.22
RENUKA,2011-07-04,2011-07-05,69.4971,68.8021,2.26,2.66,5.33,-0.01,-0.012,stopped_out,True,1,106148.23,-1273.78
TATACONSUM,2011-07-04,2011-07-05,86.004,85.144,0.87,3.93,5.62,-0.01,-0.012,stopped_out,True,1,84918.59,-1019.02
VOLTAS,2011-07-05,2011-07-06,148.6917,147.2048,1.44,3.57,2.81,-0.01,-0.012,stopped_out,True,1,154579.64,-1854.96
AHLUCONT,2011-07-07,2011-07-08,124.2449,123.0024,0.57,7.8,3.9,-0.01,-0.012,stopped_out,True,1,154208.65,-1850.5
MARKSANS,2011-07-07,2011-07-08,2.9535,2.9021,6.78,2.75,5.17,-0.017377,-0.019377,stopped_out_gap,True,1,123366.92,-2390.48
CESC,2011-07-08,2011-07-14,18.4421,19.4455,1.73,1.96,1.7,0.054409,0.052409,take_profit_gap,False,4,110313.98,5781.45
DBREALTY,2011-07-08,2011-07-11,85.4427,82.9585,4.52,6.04,10.98,-0.029074,-0.031074,stopped_out_gap,True,1,137892.48,-4284.87
PHOENIXLTD,2011-07-08,2011-07-11,99.2749,98.2821,1.12,1.62,3.85,-0.01,-0.012,stopped_out,True,1,172365.6,-2068.39
ANANTRAJ,2011-07-13,2011-07-14,32.2836,31.6606,6.62,2.06,3.99,-0.019298,-0.021298,stopped_out_gap,True,1,149032.15,-3174.09
KOTAKBANK,2011-07-14,2011-07-15,49.2804,48.7876,1.07,4.22,1.96,-0.01,-0.012,stopped_out,True,1,171616.42,-2059.4
BAJFINANCE,2011-07-14,2011-07-15,6.4273,6.363,6.42,6.47,3.26,-0.01,-0.012,stopped_out,True,1,137293.14,-1647.52
HERITGFOOD,2011-07-15,2011-07-19,24.7378,25.9747,7.55,15.25,6.85,0.05,0.048,take_profit,False,2,170875.04,8202.0
JYOTHYLAB,2011-07-18,2011-07-19,45.1909,47.4505,1.0,1.71,1.66,0.05,0.048,take_profit,False,1,136700.03,6561.6
PIIND,2011-07-20,2011-07-22,82.5595,86.6875,1.49,5.21,3.33,0.05,0.048,take_profit,False,2,173827.76,8343.73
GSPL,2011-07-21,2011-07-22,83.2623,87.4254,2.23,1.92,1.6,0.05,0.048,take_profit,False,1,139062.21,6674.99
PRAJIND,2011-07-21,2011-07-22,60.8014,60.1934,0.82,3.72,1.83,-0.01,-0.012,stopped_out,True,1,111249.77,-1335.0
IDEA,2011-07-25,2011-07-26,54.9099,54.054,5.91,4.18,7.5,-0.015587,-0.017587,stopped_out_gap,True,1,176564.5,-3105.24
WEBELSOLAR,2011-07-25,2011-07-26,6.9985,6.9285,2.74,2.42,3.71,-0.01,-0.012,stopped_out,True,1,141251.6,-1695.02
JAMNAAUTO,2011-07-26,2011-07-27,11.2727,11.16,5.76,6.25,4.9,-0.01,-0.012,stopped_out,True,1,175604.45,-2107.25
AUROPHARMA,2011-07-26,2011-07-27,85.5638,84.7081,3.14,2.17,2.53,-0.01,-0.012,stopped_out,True,1,140483.56,-1685.8
RAMCOCEM,2011-07-28,2011-07-29,81.9187,80.6945,1.24,4.7,2.28,-0.014944,-0.016944,stopped_out_gap,True,1,174845.84,-2962.59
EIHOTEL,2011-07-29,2011-08-01,86.2252,85.3629,1.06,15.13,9.36,-0.01,-0.012,stopped_out,True,1,174253.32,-2091.04
SOLARINDS,2011-08-01,2011-08-03,135.2166,133.8644,0.76,2.72,4.54,-0.01,-0.012,stopped_out,True,2,173835.11,-2086.02
RCF,2011-08-03,2011-08-04,53.8649,53.3262,3.55,2.69,1.84,-0.01,-0.012,stopped_out,True,1,138734.33,-1664.81
FACT,2011-08-03,2011-08-04,46.8688,46.4001,3.67,4.82,4.68,-0.01,-0.012,stopped_out,True,1,173417.91,-2081.01
BPCL,2011-08-04,2011-08-10,26.9103,26.6412,1.28,2.14,2.55,-0.01,-0.012,stopped_out,True,4,172668.74,-2072.02
TATACOMM,2011-08-11,2011-08-12,106.7659,115.7733,2.98,2.95,3.1,0.084365,0.082365,take_profit_gap,False,1,172254.34,14187.73
JISLJALEQS,2011-08-11,2011-08-16,143.796,142.3581,3.29,1.81,5.93,-0.01,-0.012,stopped_out,True,2,137803.47,-1653.64
ALLCARGO,2011-08-16,2011-08-17,16.3557,16.1921,0.75,8.3,1.6,-0.01,-0.012,stopped_out,True,1,174761.16,-2097.13
PATANJALI,2011-08-23,2011-08-24,3279.7455,3243.1474,3.02,1.89,5.36,-0.011159,-0.013159,stopped_out_gap,True,1,174341.73,-2294.16
BAJAJ-AUTO,2011-08-23,2011-08-24,1079.7132,1068.916,1.05,1.76,4.03,-0.01,-0.012,stopped_out,True,1,139473.38,-1673.68
EICHERMOT,2011-09-07,2011-09-08,132.5225,131.1972,0.74,8.29,5.81,-0.01,-0.012,stopped_out,True,1,138838.53,-1666.06
INDIACEM,2011-09-07,2011-09-09,64.8237,64.1754,3.65,2.22,2.12,-0.01,-0.012,stopped_out,True,2,173548.16,-2082.58
GHCL,2011-09-08,2011-09-09,25.9081,25.649,0.94,3.37,3.89,-0.01,-0.012,stopped_out,True,1,138505.32,-1662.06
ONGC,2011-09-16,2011-09-19,92.3851,91.4613,3.24,2.53,1.74,-0.01,-0.012,stopped_out,True,1,172466.02,-2069.59
RELAXO,2011-09-19,2011-09-22,19.7143,19.5172,1.66,11.02,7.79,-0.01,-0.012,stopped_out,True,3,172052.1,-2064.63
TECHNOE,2011-09-19,2011-09-20,100.1505,98.2749,2.21,1.74,2.57,-0.018728,-0.020728,stopped_out_gap,True,1,137641.68,-2853.04
TITAN,2011-09-21,2011-09-22,220.1984,217.9964,1.1,1.8,4.31,-0.01,-0.012,stopped_out,True,1,137071.07,-1644.85
AURIONPRO,2011-09-21,2011-09-23,54.8162,54.268,0.76,8.82,2.52,-0.01,-0.012,stopped_out,True,2,109656.86,-1315.88
KIRLOSENG,2011-09-21,2011-09-22,98.9219,97.9327,1.92,2.23,2.49,-0.01,-0.012,stopped_out,True,1,87725.49,-1052.71
STAR,2011-09-22,2011-09-23,97.7311,96.3961,6.87,5.19,2.18,-0.01366,-0.01566,stopped_out_gap,True,1,148597.69,-2327.04
CANBK,2011-09-28,2011-09-29,67.1778,66.506,1.46,1.97,1.55,-0.01,-0.012,stopped_out,True,1,135840.38,-1630.08
INDIANB,2011-09-28,2011-09-29,154.0034,151.5141,2.87,1.51,1.59,-0.016164,-0.018164,stopped_out_gap,True,1,169800.47,-3084.26
PURVA,2011-10-11,2011-10-12,56.2456,55.6832,1.46,2.4,4.12,-0.01,-0.012,stopped_out,True,1,168857.61,-2026.29
RELIGARE,2011-10-11,2011-10-12,445.0224,439.9799,3.54,2.77,2.17,-0.011331,-0.013331,stopped_out_gap,True,1,135086.08,-1800.83
MOTILALOFS,2011-10-12,2011-10-13,84.7002,83.8532,1.2,2.69,6.19,-0.01,-0.012,stopped_out,True,1,168092.18,-2017.11
ACC,2011-10-25,2011-11-01,990.5995,980.6935,0.6,2.48,3.9,-0.01,-0.012,stopped_out,True,3,167688.76,-2012.27
BEML,2011-10-28,2011-11-01,196.097,193.591,0.84,2.94,4.95,-0.012779,-0.014779,stopped_out_gap,True,2,134151.01,-1982.62
RELINFRA,2011-10-28,2011-10-31,410.9938,406.8839,4.28,1.59,6.08,-0.01,-0.012,stopped_out,True,1,107320.81,-1287.85
NATIONALUM,2011-10-28,2011-10-31,30.9133,30.6042,2.69,2.11,1.81,-0.01,-0.012,stopped_out,True,1,85856.64,-1030.28
AMBUJACEM,2011-10-28,2011-10-31,129.8848,128.5859,0.52,2.13,3.32,-0.01,-0.012,stopped_out,True,1,68685.32,-824.22
CGCL,2011-10-31,2011-11-01,20.1712,19.1212,7.01,2.2,5.13,-0.052053,-0.054053,stopped_out_gap,True,1,106692.34,-5767.04
CHOLAFIN,2011-10-31,2011-11-01,29.4948,29.1998,0.93,2.82,2.23,-0.01,-0.012,stopped_out,True,1,85353.87,-1024.25
JMFINANCIL,2011-10-31,2011-11-01,13.503,13.3679,3.61,5.59,12.8,-0.01,-0.012,stopped_out,True,1,68283.09,-819.4
BANKBARODA,2011-11-01,2011-11-02,126.0081,124.748,1.53,2.33,3.55,-0.01,-0.012,stopped_out,True,1,164739.18,-1976.87
COLPAL,2011-11-02,2011-11-03,399.1566,395.165,1.81,1.58,2.16,-0.01,-0.012,stopped_out,True,1,164343.8,-1972.13
PFC,2011-11-03,2011-11-04,30.4344,30.1301,0.54,2.88,4.4,-0.01,-0.012,stopped_out,True,1,163949.38,-1967.39
KPRMILL,2011-11-04,2011-11-08,10.0516,9.0,2.03,4.38,9.79,-0.104623,-0.106623,stopped_out_gap,True,1,130844.72,-13951.06
JSWSTEEL,2011-11-04,2011-11-08,60.8881,60.2792,4.42,2.16,4.96,-0.01,-0.012,stopped_out,True,1,163555.9,-1962.67
APOLLOHOSP,2011-11-08,2011-11-09,545.1673,539.7156,1.31,3.7,6.17,-0.01,-0.012,stopped_out,True,1,160373.15,-1924.48
SUNTECK,2011-11-14,2011-11-15,184.4793,182.6345,1.15,2.0,3.28,-0.01,-0.012,stopped_out,True,1,159988.26,-1919.86
ZEEL,2011-11-29,2011-11-30,111.3901,110.2762,1.98,2.69,1.8,-0.01,-0.012,stopped_out,True,1,159604.29,-1915.25
SUNTV,2011-12-05,2011-12-07,198.2249,196.2426,1.3,3.9,4.25,-0.01,-0.012,stopped_out,True,1,159221.23,-1910.65
TDPOWERSYS,2011-12-07,2011-12-08,44.3502,43.9067,7.79,2.2,3.68,-0.01,-0.012,stopped_out,True,1,158839.1,-1906.07
PGEL,2011-12-13,2011-12-14,22.8339,22.6056,5.43,4.94,6.23,-0.01,-0.012,stopped_out,True,1,158457.89,-1901.49
SHAKTIPUMP,2012-01-02,2012-01-03,7.5751,7.4994,5.36,6.99,16.72,-0.01,-0.012,stopped_out,True,1,158077.59,-1896.93
NETWORK18,2012-01-04,2012-01-05,51.0063,50.4962,19.31,6.03,4.7,-0.01,-0.012,stopped_out,True,1,157698.2,-1892.38
NLCINDIA,2012-01-04,2012-01-06,41.155,40.7435,3.97,5.99,2.45,-0.01,-0.012,stopped_out,True,2,126158.56,-1513.9
ENGINERSIN,2012-01-04,2012-01-05,72.6491,71.9227,2.89,6.72,2.66,-0.01,-0.012,stopped_out,True,1,100926.85,-1211.12
MMTC,2012-01-04,2012-01-05,465.6857,461.0288,9.18,12.36,15.35,-0.01,-0.012,stopped_out,True,1,80741.48,-968.9
RTNPOWER,2012-01-10,2012-01-11,10.3552,9.995,2.58,1.72,5.61,-0.034782,-0.036782,stopped_out_gap,True,1,156580.94,-5759.36
FINCABLES,2012-01-10,2012-01-11,29.5681,29.2724,2.31,2.95,4.71,-0.01,-0.012,stopped_out,True,1,125264.76,-1503.18
POLYMED,2012-01-10,2012-01-12,26.3631,28.7719,0.78,1.83,4.12,0.091367,0.089367,take_profit_gap,False,2,100211.8,8955.63
JINDWORLD,2012-01-10,2012-01-11,1.7405,1.8418,10.02,3.01,2.93,0.058159,0.056159,take_profit_gap,False,1,80169.44,4502.24
UPL,2012-01-10,2012-01-11,82.9306,82.1013,3.18,2.31,5.52,-0.01,-0.012,stopped_out,True,1,64135.55,-769.63
ADANIPOWER,2012-01-11,2012-01-12,15.4577,15.3031,3.61,3.46,11.31,-0.01,-0.012,stopped_out,True,1,69546.29,-834.56
SAIL,2012-01-11,2012-01-16,68.3417,67.6582,3.17,1.59,3.1,-0.01,-0.012,stopped_out,True,3,86932.86,-1043.19
CEATLTD,2012-01-11,2012-01-12,71.7098,69.607,6.25,3.35,3.74,-0.029324,-0.031324,stopped_out_gap,True,1,135832.6,-4254.82
GAEL,2012-01-11,2012-01-12,4.7367,4.6893,2.82,2.81,7.77,-0.01,-0.012,stopped_out,True,1,108666.08,-1303.99
LTF,2012-01-12,2012-01-18,38.4222,38.0379,0.74,1.84,1.84,-0.01,-0.012,stopped_out,True,4,139000.84,-1668.01
CUMMINSIND,2012-01-12,2012-01-18,288.3806,302.7996,1.9,1.51,2.87,0.05,0.048,take_profit,False,4,111200.67,5337.63
SOUTHBANK,2012-01-13,2012-01-18,16.6971,16.5302,1.81,1.51,2.26,-0.01,-0.012,stopped_out,True,3,88960.54,-1067.53
TATASTEEL,2012-01-13,2012-01-16,27.4402,27.1658,1.93,2.25,6.05,-0.01,-0.012,stopped_out,True,1,71168.43,-854.02
THOMASCOOK,2012-01-16,2012-01-18,13.3017,13.1687,9.27,3.86,5.02,-0.01,-0.012,stopped_out,True,2,88175.56,-1058.11
JKCEMENT,2012-01-16,2012-01-17,95.4117,100.1822,0.93,2.52,1.82,0.05,0.048,take_profit,False,1,70540.45,3385.94
MPHASIS,2012-01-17,2012-01-18,233.888,231.5491,2.06,1.66,3.81,-0.01,-0.012,stopped_out,True,1,71217.64,-854.61
RELIANCE,2012-01-18,2012-01-20,161.2092,159.5971,3.79,1.99,2.33,-0.01,-0.012,stopped_out,True,2,156823.03,-1881.88
GREAVESCOT,2012-01-20,2012-01-23,67.2576,66.5851,0.63,1.83,2.47,-0.01,-0.012,stopped_out,True,1,156446.66,-1877.36
BANKINDIA,2012-01-20,2012-01-24,252.6506,265.2831,0.59,2.41,3.3,0.05,0.048,take_profit,False,2,125157.33,6007.55
SUZLON,2012-01-23,2012-01-25,23.9774,25.1762,6.1,1.91,6.31,0.05,0.048,take_profit,False,2,131039.72,6289.91
NCC,2012-01-24,2012-01-25,28.6598,30.0927,1.21,1.6,9.0,0.05,0.048,take_profit,False,1,131064.75,6291.11
AARTIDRUGS,2012-01-27,2012-01-30,10.5015,10.3965,6.65,1.8,3.79,-0.01,-0.012,stopped_out,True,1,127831.12,-1533.97
BALRAMCHIN,2012-01-27,2012-01-30,39.6972,39.3003,3.24,1.59,5.54,-0.01,-0.012,stopped_out,True,1,102264.89,-1227.18
AARTIIND,2012-01-27,2012-01-30,11.2523,11.0145,0.7,2.89,13.31,-0.021137,-0.023137,stopped_out_gap,True,1,159788.9,-3697.04
APLAPOLLO,2012-01-27,2012-01-30,14.0251,13.6072,10.01,3.53,4.31,-0.029793,-0.031793,stopped_out_gap,True,1,81811.92,-2601.05
SUNPHARMA,2012-01-30,2012-02-06,241.3964,253.5383,0.62,1.84,1.73,0.050299,0.048299,take_profit_gap,False,5,126381.64,6104.11
ASIANPAINT,2012-01-30,2012-01-31,265.0247,259.0892,1.94,1.63,2.34,-0.022396,-0.024396,stopped_out_gap,True,1,157977.05,-3854.01
HIKAL,2012-01-31,2012-02-01,33.1369,32.8055,0.75,1.58,2.65,-0.01,-0.012,stopped_out,True,1,131929.92,-1583.16
EDELWEISS,2012-01-31,2012-02-01,12.3701,12.2464,0.78,2.03,1.69,-0.01,-0.012,stopped_out,True,1,105543.94,-1266.53
TATAELXSI,2012-02-03,2012-02-06,94.1978,90.7663,7.02,2.84,2.63,-0.036428,-0.038428,stopped_out_gap,True,1,131359.98,-5047.9
JKLAKSHMI,2012-02-03,2012-02-06,49.626,58.883,0.93,11.2,14.11,0.186535,0.184535,take_profit_gap,False,1,105087.99,19392.41
BEL,2012-02-08,2012-02-14,12.3041,12.181,1.09,3.14,2.06,-0.01,-0.012,stopped_out,True,4,160726.04,-1928.71
RKFORGE,2012-02-08,2012-02-09,18.2611,18.0785,0.53,6.91,3.27,-0.01,-0.012,stopped_out,True,1,128580.83,-1542.97
WABAG,2012-02-15,2012-02-16,196.4543,192.0424,4.43,1.74,2.22,-0.022458,-0.024458,stopped_out_gap,True,1,160031.7,-3914.06
TATAPOWER,2012-02-16,2012-02-17,90.2674,94.7807,1.13,2.94,3.12,0.05,0.048,take_profit,False,1,127399.11,6115.16
ELGIEQUIP,2012-02-16,2012-02-21,34.5722,36.3008,0.55,3.91,3.01,0.05,0.048,take_profit,False,2,159248.89,7643.95
BHEL,2012-02-17,2012-02-21,171.3538,179.9215,2.18,3.52,4.85,0.05,0.048,take_profit,False,1,128622.14,6173.86
SBIN,2012-02-17,2012-02-22,204.6036,202.5576,5.08,1.57,1.68,-0.01,-0.012,stopped_out,True,2,102897.71,-1234.77
TRITURBINE,2012-02-21,2012-02-22,42.3034,44.5043,3.64,6.06,3.52,0.052026,0.050026,take_profit_gap,False,1,142655.94,7136.51
NAVA,2012-02-21,2012-02-22,41.1084,46.4621,1.11,3.26,5.42,0.130234,0.128234,take_profit_gap,False,1,114124.75,14634.67
DEEPAKNTR,2012-02-29,2012-03-01,15.028,15.7794,3.42,7.05,6.09,0.05,0.048,take_profit,False,1,167342.76,8032.45
CYIENT,2012-03-01,2012-03-02,119.0582,117.8676,3.17,12.88,2.25,-0.01,-0.012,stopped_out,True,1,168949.25,-2027.39
WHIRLPOOL,2012-04-04,2012-04-09,222.2089,196.4123,2.02,2.35,2.61,-0.116092,-0.118092,stopped_out_gap,True,1,168543.77,-19903.67
APLLTD,2012-04-16,2012-04-19,49.1607,48.6691,1.06,1.65,1.84,-0.01,-0.012,stopped_out,True,3,164563.04,-1974.76
RHIM,2012-04-18,2012-04-19,22.8758,22.647,8.14,1.97,5.96,-0.01,-0.012,stopped_out,True,1,131650.43,-1579.81
EMAMILTD,2012-05-25,2012-05-28,133.4837,140.1579,3.21,1.98,2.24,0.05,0.048,take_profit,False,1,163852.13,7864.9
GPPL,2012-05-30,2012-05-31,37.8766,37.1659,2.65,6.21,3.51,-0.018763,-0.020763,stopped_out_gap,True,1,165425.11,-3434.72
NBCC,2012-05-30,2012-05-31,3.2434,3.2109,3.47,1.94,3.71,-0.01,-0.012,stopped_out,True,1,132340.09,-1588.08
HDFCBANK,2012-06-06,2012-06-11,115.8036,121.5938,1.0,2.06,2.98,0.05,0.048,take_profit,False,3,164420.55,7892.19
POWERGRID,2012-06-06,2012-06-07,35.9339,35.5746,1.46,2.25,3.44,-0.01,-0.012,stopped_out,True,1,131536.44,-1578.44
KEC,2012-06-18,2012-06-19,49.2737,48.7809,1.21,2.33,4.58,-0.01,-0.012,stopped_out,True,1,165683.3,-1988.2
CGPOWER,2012-07-03,2012-07-04,41.7662,41.3485,3.17,2.16,3.91,-0.01,-0.012,stopped_out,True,1,165285.66,-1983.43
BHARATFORG,2012-07-04,2012-07-06,139.763,138.3654,1.97,2.2,1.67,-0.01,-0.012,stopped_out,True,2,164888.97,-1978.67
SHRIRAMFIN,2012-07-04,2012-07-05,94.0843,93.1435,2.39,1.62,3.9,-0.01,-0.012,stopped_out,True,1,131911.18,-1582.93
BLUESTARCO,2012-07-05,2012-07-11,77.5292,81.4057,5.45,2.66,3.77,0.05,0.048,take_profit,False,4,131594.59,6316.54
TRENT,2012-07-06,2012-07-09,100.666,99.6593,2.55,5.23,2.64,-0.01,-0.012,stopped_out,True,1,137857.73,-1654.29
GAIL,2012-08-06,2012-08-22,42.7413,43.5472,0.97,2.17,1.98,0.018856,0.016856,time_exit,False,10,165109.1,2783.08
MCX,2012-08-09,2012-08-10,191.9173,189.9982,3.52,1.73,1.51,-0.01,-0.012,stopped_out,True,1,132087.28,-1585.05
IPCALAB,2012-08-31,2012-09-03,211.2401,209.1277,1.76,4.1,2.14,-0.01,-0.012,stopped_out,True,1,165348.71,-1984.18
PNB,2012-09-17,2012-09-18,128.2174,134.6282,3.48,2.38,4.26,0.05,0.048,take_profit,False,1,164951.87,7917.69
GVT&D,2012-09-24,2012-09-25,200.7085,198.7014,2.27,2.68,6.16,-0.01,-0.012,stopped_out,True,1,166535.41,-1998.42
GODREJPROP,2012-09-25,2012-10-05,267.8304,265.1521,1.69,4.23,2.49,-0.01,-0.012,stopped_out,True,7,166135.72,-1993.63
INDHOTEL,2012-09-28,2012-10-03,58.3124,57.7293,1.1,3.6,4.42,-0.01,-0.012,stopped_out,True,2,132908.58,-1594.9
KARURVYSYA,2012-10-03,2012-10-04,48.1698,47.6881,0.72,4.98,2.99,-0.01,-0.012,stopped_out,True,1,132589.6,-1591.08
MAHLIFE,2012-10-04,2012-10-05,114.0656,112.9249,0.82,2.6,1.78,-0.01,-0.012,stopped_out,True,1,132271.38,-1587.26
CONCOR,2012-10-09,2012-10-10,184.7039,180.518,0.84,2.65,1.57,-0.022663,-0.024663,stopped_out_gap,True,1,164782.35,-4064.03
SUNDRMFAST,2012-11-05,2012-11-06,43.9939,43.5539,4.1,1.77,1.56,-0.01,-0.012,stopped_out,True,1,163969.55,-1967.63
CHENNPETRO,2012-12-06,2012-12-07,108.9044,107.8153,3.03,2.79,4.7,-0.01,-0.012,stopped_out,True,1,163576.02,-1962.91
FDC,2012-12-24,2012-12-26,87.8504,86.9719,4.76,16.27,2.25,-0.01,-0.012,stopped_out,True,1,163183.44,-1958.2
MINDACORP,2013-01-18,2013-01-22,29.2805,31.9788,4.63,3.19,4.36,0.092155,0.090155,take_profit_gap,False,2,162791.8,14676.49
IGL,2013-03-11,2013-03-12,23.5237,23.2884,0.99,3.75,4.11,-0.01,-0.012,stopped_out,True,1,165727.1,-1988.73
KITEX,2013-04-03,2013-04-04,12.6499,12.5234,3.64,2.45,5.5,-0.01,-0.012,stopped_out,True,1,165329.35,-1983.95
VMART,2013-04-17,2013-04-22,41.4869,43.5612,1.52,4.65,3.6,0.05,0.048,take_profit,False,2,164932.56,7916.76
TORNTPHARM,2013-06-03,2013-06-05,169.9114,168.2123,6.08,5.8,4.59,-0.01,-0.012,stopped_out,True,2,166515.91,-1998.19
KANSAINER,2013-06-05,2013-06-06,77.2243,76.452,0.81,2.27,4.19,-0.01,-0.012,stopped_out,True,1,166116.27,-1993.4
JAIBALAJI,2013-06-19,2013-06-20,5.2226,5.1704,5.32,3.37,15.74,-0.01,-0.012,stopped_out,True,1,165717.59,-1988.61
JUSTDIAL,2013-07-09,2013-07-10,715.8501,708.6916,1.95,5.87,4.63,-0.01,-0.012,stopped_out,True,1,165319.87,-1983.84
TARIL,2013-07-23,2013-07-24,3.9328,4.1295,1.86,3.11,7.01,0.05,0.048,take_profit,False,1,164923.11,7916.31
MANINFRA,2013-08-08,2013-08-12,16.0189,15.8587,8.1,3.43,3.27,-0.01,-0.012,stopped_out,True,1,166506.37,-1998.08
PCJEWELLER,2013-09-23,2013-09-24,4.879,4.8302,4.6,2.19,5.39,-0.01,-0.012,stopped_out,True,1,166106.75,-1993.28
TORNTPOWER,2013-10-09,2013-10-10,61.9013,61.2822,3.83,3.91,5.08,-0.01,-0.012,stopped_out,True,1,165708.1,-1988.5
SCHNEIDER,2013-10-22,2013-10-23,64.2821,63.6393,1.85,3.67,4.39,-0.01,-0.012,stopped_out,True,1,165310.4,-1983.72
NAUKRI,2013-10-25,2013-10-28,76.7473,75.9799,6.0,1.87,5.85,-0.01,-0.012,stopped_out,True,1,164913.65,-1978.96
RTNINDIA,2013-11-07,2013-11-08,4.1521,4.0979,1.32,1.91,7.79,-0.013036,-0.015036,stopped_out_gap,True,1,164517.86,-2473.69
SWANCORP,2013-12-09,2013-12-10,65.0663,68.3196,1.81,3.19,4.57,0.05,0.048,take_profit,False,1,164023.12,7873.11
INDUSTOWER,2013-12-11,2013-12-12,124.3212,123.078,0.61,6.78,1.51,-0.01,-0.012,stopped_out,True,1,165597.74,-1987.17
GNFC,2013-12-31,2014-01-02,56.576,56.0102,2.14,1.94,4.69,-0.01,-0.012,stopped_out,True,2,165200.31,-1982.4
REFEX,2014-03-25,2014-03-26,1.4461,1.4316,2.74,4.25,3.4,-0.01,-0.012,stopped_out,True,1,164803.83,-1977.65
ORIENTCEM,2014-03-28,2014-03-31,42.0244,41.6042,1.78,1.89,2.08,-0.01,-0.012,stopped_out,True,1,164408.3,-1972.9
SAMMAANCAP,2014-05-15,2014-05-16,196.1036,183.8471,4.25,1.56,2.24,-0.0625,-0.0645,stopped_out_gap,True,1,164013.72,-10578.88
ABFRL,2014-11-03,2014-11-05,123.2257,121.9934,0.89,1.87,2.21,-0.01,-0.012,stopped_out,True,1,161897.94,-1942.78
SHARDACROP,2014-11-03,2014-11-05,247.0147,244.5446,1.09,2.98,6.43,-0.01,-0.012,stopped_out,True,1,129518.35,-1554.22
IMAGICAA,2015-05-20,2015-05-21,177.5387,175.7633,3.16,3.75,5.69,-0.01,-0.012,stopped_out,True,1,161198.54,-1934.38
INTELLECT,2015-07-14,2015-07-15,105.8487,111.1411,1.45,2.97,3.94,0.05,0.048,take_profit,False,1,160811.67,7718.96
ZENTEC,2015-07-16,2015-07-20,90.4604,96.4141,3.91,3.24,3.23,0.065816,0.063816,take_profit_gap,False,2,162355.46,10360.88
GANECOS,2015-07-17,2015-07-20,152.7145,150.7135,1.66,3.21,2.58,-0.013103,-0.015103,stopped_out_gap,True,1,129884.37,-1961.64
PNCINFRA,2015-07-29,2015-07-30,92.5089,91.5838,1.63,2.54,7.91,-0.01,-0.012,stopped_out,True,1,164035.3,-1968.42
SKIPPER,2015-10-06,2015-10-07,156.1425,152.3654,1.57,2.42,9.54,-0.02419,-0.02619,stopped_out_gap,True,1,163641.62,-4285.77
GUJGASLTD,2015-11-23,2015-11-24,101.0618,100.0512,4.14,2.13,5.69,-0.01,-0.012,stopped_out,True,1,162784.46,-1953.41
INDIGO,2016-01-01,2016-01-04,1272.0649,1255.2332,3.3,2.68,7.99,-0.013232,-0.015232,stopped_out_gap,True,1,162393.78,-2473.58
SYNGENE,2016-02-26,2016-02-29,198.6863,196.6994,1.1,2.8,3.64,-0.01,-0.012,stopped_out,True,1,161899.06,-1942.79
LALPATHLAB,2016-03-03,2016-03-04,418.8149,414.6268,1.64,4.12,3.46,-0.01,-0.012,stopped_out,True,1,161510.51,-1938.13
ALKEM,2016-06-03,2016-06-06,1249.2138,1236.7216,1.38,3.34,3.74,-0.01,-0.012,stopped_out,True,1,161122.88,-1933.47
INFIBEAM,2016-06-20,2016-06-21,14.4337,14.2894,7.7,1.55,5.14,-0.01,-0.012,stopped_out,True,1,160736.19,-1928.83
IDFCFIRSTB,2016-07-12,2016-07-13,49.9448,49.4453,0.52,7.55,8.0,-0.01,-0.012,stopped_out,True,1,160350.42,-1924.21
NH,2016-08-01,2016-08-02,313.3541,329.0218,1.68,7.55,6.2,0.05,0.048,take_profit,False,1,159965.58,7678.35
MGL,2016-08-09,2016-08-10,418.4038,414.2198,1.05,2.12,1.9,-0.01,-0.012,stopped_out,True,1,161501.25,-1938.01
HCG,2016-08-22,2016-08-23,214.5072,212.3621,1.44,14.1,1.66,-0.01,-0.012,stopped_out,True,1,161113.65,-1933.36
SEQUENT,2016-08-24,2016-08-25,122.1323,120.9109,2.5,6.67,16.17,-0.01,-0.012,stopped_out,True,1,160726.97,-1928.72
THYROCARE,2016-08-30,2016-08-31,162.9155,171.0613,1.88,4.54,4.46,0.05,0.048,take_profit,False,1,160341.23,7696.38
ADVENZYMES,2016-09-16,2016-09-20,303.5145,300.4793,6.29,3.41,3.9,-0.01,-0.012,stopped_out,True,2,161880.5,-1942.57
DBL,2016-09-16,2016-09-19,241.631,239.2147,1.19,2.15,3.0,-0.01,-0.012,stopped_out,True,1,129504.4,-1554.05
CROMPTON,2016-10-05,2016-10-13,158.4768,166.4007,3.11,1.93,2.65,0.05,0.048,take_profit,False,4,161181.18,7736.7
RBLBANK,2016-10-20,2016-10-21,316.2457,313.0833,1.37,7.97,1.88,-0.01,-0.012,stopped_out,True,1,162728.52,-1952.74
BLS,2016-12-08,2016-12-12,43.1719,42.7402,1.29,4.48,3.36,-0.01,-0.012,stopped_out,True,2,162337.97,-1948.06
ICICIPRULI,2017-01-04,2017-01-06,306.6408,321.9728,1.79,1.62,1.6,0.05,0.048,take_profit,False,2,161948.36,7773.52
ENDURANCE,2017-01-25,2017-01-27,590.5379,584.6325,0.93,1.88,2.05,-0.01,-0.012,stopped_out,True,1,163503.06,-1962.04
QUESS,2017-01-25,2017-01-27,658.7101,652.123,1.48,2.02,4.42,-0.01,-0.012,stopped_out,True,1,130802.45,-1569.63
PNBHOUSING,2017-01-25,2017-01-27,756.4749,748.9102,4.07,5.58,7.12,-0.01,-0.012,stopped_out,True,1,104641.96,-1255.7
LAURUSLABS,2017-02-06,2017-02-07,107.5235,106.4482,5.37,7.45,9.23,-0.01,-0.012,stopped_out,True,1,162545.59,-1950.55
BSE,2017-04-10,2017-04-11,92.5562,91.6306,1.42,2.38,3.53,-0.01,-0.012,stopped_out,True,1,162155.48,-1945.87
VBL,2017-04-13,2017-04-18,27.6043,27.2541,2.89,2.65,5.93,-0.012686,-0.014686,stopped_out_gap,True,2,161766.31,-2375.7
SHRIPISTON,2017-06-22,2017-06-27,886.105,946.8034,1.1,2.38,4.49,0.0685,0.0665,take_profit_gap,False,2,161291.17,10725.86
DMART,2017-07-06,2017-07-10,880.7401,924.7771,0.54,3.52,3.86,0.05,0.048,take_profit,False,2,163436.34,7844.94
HUDCO,2017-07-12,2017-07-13,61.3912,64.4608,14.47,11.03,11.17,0.05,0.048,take_profit,False,1,165005.33,7920.26
CDSL,2017-09-08,2017-09-11,163.3762,161.7424,1.45,2.43,3.03,-0.01,-0.012,stopped_out,True,1,166589.38,-1999.07
SFL,2017-09-19,2017-09-20,768.7342,761.0468,0.57,3.55,9.84,-0.01,-0.012,stopped_out,True,1,166189.57,-1994.27
AUBANK,2017-10-06,2017-10-09,305.5644,302.5088,2.28,3.89,4.18,-0.01,-0.012,stopped_out,True,1,165790.71,-1989.49
OPTIEMUS,2017-10-17,2017-10-18,57.1037,60.3235,21.61,9.82,6.39,0.056384,0.054384,take_profit_gap,False,1,165392.81,8994.72
INOXWIND,2017-10-30,2017-10-31,33.1791,34.838,10.31,2.05,2.91,0.05,0.048,take_profit,False,1,167191.76,8025.2
ABCAPITAL,2017-11-03,2017-11-06,193.3967,203.0665,1.82,1.99,2.33,0.05,0.048,take_profit,False,1,168796.8,8102.25
LTIM,2017-11-09,2017-11-10,836.5785,828.2127,4.45,7.86,5.8,-0.01,-0.012,stopped_out,True,1,136333.8,-1636.01
LTTS,2017-11-09,2017-11-10,820.2051,807.602,1.64,3.8,3.17,-0.015366,-0.017366,stopped_out_gap,True,1,170417.25,-2959.47
ERIS,2017-11-20,2017-11-28,599.3969,642.4252,3.35,11.41,2.04,0.071786,0.069786,take_profit_gap,False,6,169498.15,11828.6
DIXON,2017-11-20,2017-11-21,620.5827,614.3768,2.28,5.78,7.22,-0.01,-0.012,stopped_out,True,1,135598.52,-1627.18
COCHINSHIP,2017-11-20,2017-11-21,223.076,220.8452,1.66,1.71,2.69,-0.01,-0.012,stopped_out,True,1,108478.82,-1301.75
STARCEMENT,2017-11-23,2017-11-27,122.3446,121.1211,5.31,2.4,4.83,-0.01,-0.012,stopped_out,True,2,135012.74,-1620.15
NIACL,2017-12-19,2018-01-03,280.3212,291.9318,2.02,2.62,4.74,0.041419,0.039419,time_exit,False,10,170954.06,6738.84
GODREJAGRO,2018-01-01,2018-01-04,533.0827,559.7368,2.45,1.57,1.69,0.05,0.048,take_profit,False,3,136763.25,6564.64
TEJASNET,2018-01-01,2018-01-02,419.4471,415.2527,1.26,2.78,5.95,-0.01,-0.012,stopped_out,True,1,109410.6,-1312.93
HDFCLIFE,2018-01-08,2018-01-09,414.0931,434.7977,1.87,2.21,2.95,0.05,0.048,take_profit,False,1,138681.73,6656.72
ICICIGI,2018-01-08,2018-01-09,806.7931,797.4796,0.68,1.73,3.16,-0.011544,-0.013544,stopped_out_gap,True,1,173352.17,-2347.88
AMBER,2018-03-13,2018-03-14,1178.6468,1166.8603,1.02,2.07,3.83,-0.01,-0.012,stopped_out,True,1,174213.93,-2090.57
SBILIFE,2018-04-11,2018-04-12,709.3113,702.2182,0.86,1.78,4.05,-0.01,-0.012,stopped_out,True,1,173795.82,-2085.55
ASTERDM,2018-05-07,2018-05-08,135.6597,142.4426,2.2,2.76,2.73,0.05,0.048,take_profit,False,1,173378.71,8322.18
GMMPFAUDLR,2018-05-28,2018-05-29,306.0315,302.9712,5.71,3.15,7.11,-0.01,-0.012,stopped_out,True,1,175043.15,-2100.52
GICRE,2018-05-29,2018-05-30,316.6345,313.0494,4.26,4.71,3.02,-0.011323,-0.013323,stopped_out_gap,True,1,174623.04,-2326.5
BANDHANBNK,2018-06-14,2018-06-15,529.1752,523.8834,2.33,3.27,1.71,-0.01,-0.012,stopped_out,True,1,174157.74,-2089.89
TIINDIA,2018-07-09,2018-07-10,242.3604,239.9368,2.87,2.37,1.84,-0.01,-0.012,stopped_out,True,1,173739.76,-2084.88
MIDHANI,2018-07-10,2018-07-11,136.2038,134.1589,0.66,5.82,16.91,-0.015014,-0.017014,stopped_out_gap,True,1,173322.79,-2948.91
LEMONTREE,2018-07-11,2018-07-13,77.6888,76.9119,1.14,4.21,4.09,-0.01,-0.012,stopped_out,True,2,172733.01,-2072.8
BORORENEW,2018-07-12,2018-07-13,67.7546,67.077,1.37,2.71,4.36,-0.01,-0.012,stopped_out,True,1,138186.4,-1658.24
ADANIGREEN,2018-07-23,2018-07-24,42.4712,45.8271,18.93,2.55,12.01,0.079015,0.077015,take_profit_gap,False,1,171986.8,13245.56
HAL,2018-07-31,2018-08-01,396.7334,392.7661,11.33,9.01,7.74,-0.01,-0.012,stopped_out,True,1,174635.91,-2095.63
BDL,2018-07-31,2018-08-01,167.4956,165.8206,6.77,3.56,1.53,-0.01,-0.012,stopped_out,True,1,139708.73,-1676.5
RITES,2018-08-17,2018-08-27,86.7558,85.8883,4.62,4.01,5.5,-0.01,-0.012,stopped_out,True,5,173881.48,-2086.58
VARROC,2018-08-23,2018-08-24,1067.6533,1056.9768,0.69,4.26,7.44,-0.01,-0.012,stopped_out,True,1,139105.19,-1669.26
IRCON,2018-11-12,2018-11-15,30.3727,31.8914,3.88,2.75,4.85,0.05,0.048,take_profit,False,3,173130.32,8310.26
NEWGEN,2018-11-15,2018-11-16,145.3502,143.8967,11.47,4.94,3.09,-0.01,-0.012,stopped_out,True,1,174792.37,-2097.51
AAVAS,2018-12-13,2018-12-14,835.4175,822.0888,0.88,8.54,2.53,-0.015955,-0.017955,stopped_out_gap,True,1,174372.87,-3130.86
CREDITACC,2019-02-01,2019-02-04,404.2977,392.3411,1.8,2.15,2.34,-0.029574,-0.031574,stopped_out_gap,True,1,173746.69,-5485.88
HGINFRA,2019-02-21,2019-02-22,200.1414,198.14,3.71,2.42,4.64,-0.01,-0.012,stopped_out,True,1,172649.52,-2071.79
NAM-INDIA,2019-02-22,2019-02-25,164.6703,163.0236,18.93,6.14,3.51,-0.01,-0.012,stopped_out,True,1,172235.16,-2066.82
ATGL,2019-03-05,2019-03-06,110.0606,108.96,2.41,3.29,5.28,-0.01,-0.012,stopped_out,True,1,171821.79,-2061.86
HDFCAMC,2019-03-05,2019-03-19,653.9784,667.1844,3.02,2.65,3.9,0.020193,0.018193,time_exit,False,10,137457.44,2500.76
IEX,2019-03-13,2019-03-15,49.9648,49.3093,0.62,5.87,1.76,-0.01312,-0.01512,stopped_out_gap,True,2,143917.93,-2176.04
GRSE,2019-05-02,2019-05-03,98.472,96.9509,3.06,12.86,13.03,-0.015447,-0.017447,stopped_out_gap,True,1,171474.37,-2991.71
DALBHARAT,2019-05-27,2019-06-04,1139.9421,1128.5427,0.73,3.55,2.73,-0.01,-0.012,stopped_out,True,6,136700.82,-1640.41
RVNL,2019-05-27,2019-05-28,22.9351,22.7057,2.15,3.86,6.92,-0.01,-0.012,stopped_out,True,1,170876.02,-2050.51
CHALET,2019-05-31,2019-06-03,348.938,345.4486,0.62,3.12,4.72,-0.01,-0.012,stopped_out,True,1,143125.76,-1717.51
NEOGEN,2019-06-13,2019-06-14,383.141,379.3096,14.06,5.56,6.87,-0.01,-0.012,stopped_out,True,1,169794.34,-2037.53
POLYCAB,2019-07-01,2019-07-02,621.7013,615.4843,1.93,4.78,2.71,-0.01,-0.012,stopped_out,True,1,169386.83,-2032.64
MSTCLTD,2019-09-11,2019-09-12,74.6298,73.8835,1.81,1.51,6.07,-0.01,-0.012,stopped_out,True,1,168980.3,-2027.76
AFFLE,2019-09-16,2019-09-17,188.154,186.2725,1.6,2.92,4.48,-0.01,-0.012,stopped_out,True,1,168574.75,-2022.9
360ONE,2019-11-26,2019-11-27,270.1151,267.4139,0.86,2.9,2.05,-0.01,-0.012,stopped_out,True,1,168170.17,-2018.04
WESTLIFE,2019-11-26,2019-11-27,375.3538,371.6003,0.67,1.62,2.46,-0.01,-0.012,stopped_out,True,1,134536.14,-1614.43
ARVINDFASN,2019-12-16,2019-12-17,298.4226,295.4384,1.87,2.01,4.68,-0.01,-0.012,stopped_out,True,1,167443.68,-2009.32
KPITTECH,2020-01-14,2020-01-15,94.0488,98.7512,3.17,4.91,5.32,0.05,0.048,take_profit,False,1,167041.81,8018.01
IRCTC,2020-01-14,2020-01-17,185.9332,195.2299,1.56,2.64,3.08,0.05,0.048,take_profit,False,3,133633.45,6414.41
GREENPANEL,2020-01-21,2020-01-23,55.2963,59.0882,5.0,2.78,6.67,0.068574,0.066574,take_profit_gap,False,2,169928.29,11312.81
UJJIVANSFB,2020-01-23,2020-01-31,49.7984,52.2884,2.73,2.82,3.08,0.05,0.048,take_profit,False,6,172190.85,8265.16
PRINCEPIPE,2020-02-14,2020-02-17,185.3725,183.5188,0.59,3.09,2.86,-0.01,-0.012,stopped_out,True,1,173843.89,-2086.13
SUMICHEM,2020-05-27,2020-05-28,239.6108,237.2147,4.74,3.99,2.65,-0.01,-0.012,stopped_out,True,1,173426.66,-2081.12
SBICARD,2020-06-03,2020-06-10,603.6758,597.639,3.44,3.41,5.76,-0.01,-0.012,stopped_out,True,5,173010.44,-2076.13
CSBBANK,2020-06-16,2020-06-17,152.2261,150.7038,6.08,3.86,2.8,-0.01,-0.012,stopped_out,True,1,172595.21,-2071.14
POWERINDIA,2020-08-20,2020-08-21,1056.5365,1045.9712,6.47,1.78,5.03,-0.01,-0.012,stopped_out,True,1,172180.98,-2066.17
ROUTE,2020-10-28,2020-10-29,876.0309,867.2706,1.8,2.4,9.29,-0.01,-0.012,stopped_out,True,1,171767.75,-2061.21
MAZDOCK,2020-11-13,2020-11-17,82.9956,82.1656,0.65,3.08,2.09,-0.01,-0.012,stopped_out,True,2,171355.51,-2056.27
UTIAMC,2020-11-24,2020-11-25,467.6683,462.9916,5.82,3.83,3.84,-0.01,-0.012,stopped_out,True,1,170944.25,-2051.33
SWSOLAR,2020-12-02,2020-12-03,246.3731,243.9094,2.18,6.95,6.6,-0.01,-0.012,stopped_out,True,1,170533.99,-2046.41
HEMIPROP,2020-12-03,2020-12-04,76.2881,75.5252,8.86,2.85,1.67,-0.01,-0.012,stopped_out,True,1,170124.71,-2041.5
MAXHEALTH,2020-12-07,2020-12-08,148.1001,146.6191,8.43,3.08,4.06,-0.01,-0.012,stopped_out,True,1,169716.41,-2036.6
SHAREINDIA,2020-12-15,2020-12-16,32.7333,32.406,16.62,7.89,8.95,-0.01,-0.012,stopped_out,True,1,169309.09,-2031.71
CAMS,2020-12-21,2020-12-22,310.9427,307.8333,4.85,5.5,4.29,-0.01,-0.012,stopped_out,True,1,168902.75,-2026.83
TARC,2021-02-08,2021-02-09,25.8129,25.5548,5.91,3.45,9.09,-0.01,-0.012,stopped_out,True,1,168497.38,-2021.97
HAPPSTMNDS,2021-02-12,2021-02-15,387.0699,383.1992,3.84,5.53,4.97,-0.01,-0.012,stopped_out,True,1,168092.99,-2017.12
GLAND,2021-02-18,2021-02-19,2405.6121,2381.556,2.75,2.5,3.37,-0.01,-0.012,stopped_out,True,1,167689.56,-2012.27
EQUITASBNK,2021-03-05,2021-03-08,62.0942,61.4733,17.7,6.62,4.1,-0.01,-0.012,stopped_out,True,1,167287.11,-2007.45
ANGELONE,2021-04-16,2021-04-19,289.1916,277.2319,0.69,5.61,7.33,-0.041355,-0.043355,stopped_out_gap,True,1,166885.62,-7235.33
ANURAS,2021-04-27,2021-04-28,625.191,656.4505,0.54,1.82,3.21,0.05,0.048,take_profit,False,1,165438.55,7941.05
LXCHEM,2021-04-28,2021-04-30,207.8169,203.6063,1.26,1.95,6.84,-0.020261,-0.022261,stopped_out_gap,True,2,167026.76,-3718.18
JUBLINGREA,2021-04-30,2021-05-03,393.6741,413.3578,8.1,3.87,10.55,0.05,0.048,take_profit,False,1,166283.13,7981.59
HOMEFIRST,2021-05-05,2021-05-06,528.0097,522.7296,1.12,2.8,3.78,-0.01,-0.012,stopped_out,True,1,167879.44,-2014.55
KALYANKJIL,2021-05-10,2021-05-11,61.0344,64.0862,0.68,1.81,3.54,0.05,0.048,take_profit,False,1,167476.53,8038.87
IRFC,2021-05-11,2021-05-24,20.1268,21.1331,4.66,1.93,2.68,0.05,0.048,take_profit,False,8,169084.31,8116.05
EASEMYTRIP,2021-05-25,2021-05-26,8.5146,8.9403,8.05,3.01,2.07,0.05,0.048,take_profit,False,1,170707.52,8193.96
RBA,2021-06-07,2021-06-08,165.0825,163.4317,4.25,1.91,3.77,-0.01,-0.012,stopped_out,True,1,172346.31,-2068.16
RAILTEL,2021-06-07,2021-06-08,128.4723,127.1876,2.11,3.11,2.72,-0.01,-0.012,stopped_out,True,1,137877.05,-1654.52
BECTORFOOD,2021-06-08,2021-06-09,85.8577,84.9991,0.96,3.25,1.98,-0.01,-0.012,stopped_out,True,1,171601.77,-2059.22
LODHA,2021-06-08,2021-06-09,343.3462,339.9127,4.33,2.55,4.19,-0.01,-0.012,stopped_out,True,1,137281.42,-1647.38
MTARTECH,2021-07-01,2021-07-02,1161.2605,1149.6479,9.49,3.0,2.47,-0.01,-0.012,stopped_out,True,1,170860.45,-2050.33
NAZARA,2021-07-05,2021-07-07,216.9272,214.7579,6.21,3.26,3.56,-0.01,-0.012,stopped_out,True,2,170450.39,-2045.4
SONACOMS,2021-08-09,2021-08-10,467.184,490.5432,0.55,4.02,11.71,0.05,0.048,take_profit,False,1,170041.31,8161.98
KIMS,2021-08-12,2021-08-13,260.07,257.4693,0.75,1.53,1.85,-0.01,-0.012,stopped_out,True,1,171673.7,-2060.08
CLEAN,2021-09-03,2021-09-07,1595.179,1579.2272,1.82,1.61,3.02,-0.01,-0.012,stopped_out,True,2,171261.69,-2055.14
CARTRADE,2021-10-06,2021-10-07,1427.6135,1413.3373,1.22,2.41,6.09,-0.01,-0.012,stopped_out,True,1,170850.66,-2050.21
KPIGREEN,2021-10-11,2021-10-12,15.9548,15.7952,3.72,2.85,4.38,-0.01,-0.012,stopped_out,True,1,170440.62,-2045.29
DEVYANI,2021-10-20,2021-10-21,124.5622,123.3166,5.74,2.79,2.3,-0.01,-0.012,stopped_out,True,1,170031.56,-2040.38
SANSERA,2021-11-11,2021-11-12,794.8491,785.6878,5.41,5.87,3.61,-0.011526,-0.013526,stopped_out_gap,True,1,169623.49,-2294.33
ETERNAL,2021-11-12,2021-11-15,153.0765,148.9255,2.02,6.15,7.75,-0.027117,-0.029117,stopped_out_gap,True,1,169164.62,-4925.57
LATENTVIEW,2021-12-30,2021-12-31,556.0279,550.4676,4.75,2.41,4.27,-0.01,-0.012,stopped_out,True,1,168179.51,-2018.15
SAPPHIRE,2022-01-10,2022-01-11,278.0089,275.2288,4.88,2.47,3.67,-0.01,-0.012,stopped_out,True,1,167775.88,-2013.31
POLICYBZR,2022-01-17,2022-01-18,1023.1113,1012.8802,2.25,2.73,8.21,-0.01,-0.012,stopped_out,True,1,167373.21,-2008.48
SHYAMMETL,2022-02-02,2022-02-03,341.0081,337.598,1.44,1.52,2.97,-0.01,-0.012,stopped_out,True,1,166971.52,-2003.66
MAPMYINDIA,2022-02-02,2022-02-03,1597.2317,1581.2594,4.87,1.73,9.35,-0.01,-0.012,stopped_out,True,1,133577.21,-1602.93
DATAPATTNS,2022-03-09,2022-03-10,705.697,698.64,1.49,1.97,10.9,-0.01,-0.012,stopped_out,True,1,166250.2,-1995.0
AWL,2022-03-28,2022-03-29,461.2305,484.292,2.23,2.05,8.5,0.05,0.048,take_profit,False,1,165851.2,7960.86
CMSINFO,2022-03-30,2022-03-31,255.3426,252.7891,1.81,1.79,2.67,-0.01,-0.012,stopped_out,True,1,167443.37,-2009.32
PARAS,2022-04-04,2022-04-05,686.9144,680.0452,0.78,2.24,5.9,-0.01,-0.012,stopped_out,True,1,167041.51,-2004.5
RATEGAIN,2022-04-05,2022-04-06,383.2415,379.4091,2.28,1.99,7.48,-0.01,-0.012,stopped_out,True,1,166640.61,-1999.69
ANANDRATHI,2022-04-13,2022-04-18,321.0677,317.857,6.9,14.37,1.7,-0.01,-0.012,stopped_out,True,1,166240.67,-1994.89
PAYTM,2022-05-24,2022-05-25,646.7732,640.3055,4.64,2.38,4.38,-0.01,-0.012,stopped_out,True,1,165841.69,-1990.1
IONEXCHANG,2022-05-31,2022-06-02,182.9398,181.1104,5.19,1.96,1.63,-0.01,-0.012,stopped_out,True,2,165443.67,-1985.32
CHOICEIN,2022-06-16,2022-06-17,91.6458,90.7293,3.2,1.6,1.69,-0.01,-0.012,stopped_out,True,1,165046.61,-1980.56
TEGA,2022-07-05,2022-07-06,482.1468,477.3253,0.74,3.49,2.76,-0.01,-0.012,stopped_out,True,1,164650.5,-1975.81
MSUMI,2022-07-05,2022-07-07,34.3128,33.9696,4.59,1.55,1.68,-0.01,-0.012,stopped_out,True,2,131720.4,-1580.64
DELHIVERY,2022-07-07,2022-07-08,595.5976,589.6417,2.07,5.36,12.62,-0.01,-0.012,stopped_out,True,1,163939.21,-1967.27
AETHER,2022-07-07,2022-07-08,831.0153,822.7051,1.71,2.97,3.26,-0.01,-0.012,stopped_out,True,1,131151.37,-1573.82
CAMPUS,2022-07-25,2022-07-26,399.3652,395.3715,0.72,5.6,4.76,-0.01,-0.012,stopped_out,True,1,130584.79,-1567.02
NUVOCO,2022-07-25,2022-07-26,314.4071,330.1275,2.57,4.51,3.24,0.05,0.048,take_profit,False,1,163230.99,7835.09
VIJAYA,2022-08-01,2022-08-04,358.2947,376.2094,2.05,2.2,4.61,0.05,0.048,take_profit,False,3,164484.6,7895.26
MANYAVAR,2022-08-02,2022-08-03,1207.6102,1195.5341,3.85,4.56,7.58,-0.01,-0.012,stopped_out,True,1,131587.68,-1579.05
RAINBOW,2022-08-11,2022-08-16,564.908,559.2589,10.52,7.66,6.53,-0.01,-0.012,stopped_out,True,2,165747.84,-1988.97
ABSLAMC,2022-08-16,2022-08-17,425.6935,421.4365,0.79,3.94,2.21,-0.01,-0.012,stopped_out,True,1,165350.05,-1984.2
APTUS,2022-08-17,2022-08-18,303.186,300.1542,2.77,5.69,4.28,-0.01,-0.012,stopped_out,True,1,164953.21,-1979.44
STARHEALTH,2022-09-05,2022-09-07,758.479,739.68,0.77,2.09,2.31,-0.024785,-0.026785,stopped_out_gap,True,2,164557.32,-4407.67
PARADEEP,2022-09-15,2022-09-16,67.2548,66.5822,2.41,1.91,2.24,-0.01,-0.012,stopped_out,True,1,163675.79,-1964.11
LICI,2022-12-13,2022-12-15,699.3565,692.363,3.43,3.93,2.61,-0.01,-0.012,stopped_out,True,2,163282.97,-1959.4
GMRP&UI,2022-12-15,2022-12-16,25.0125,24.5877,2.86,3.51,1.83,-0.016983,-0.018983,stopped_out_gap,True,1,162891.09,-3092.16
ACI,2023-01-16,2023-01-17,620.0649,613.8642,5.29,2.02,1.58,-0.01,-0.012,stopped_out,True,1,162272.66,-1947.27
MEDPLUS,2023-02-07,2023-02-08,676.6882,669.9213,1.04,2.34,1.75,-0.01,-0.012,stopped_out,True,1,161883.2,-1942.6
KAYNES,2023-02-07,2023-02-08,899.9498,890.9503,5.15,1.68,1.64,-0.01,-0.012,stopped_out,True,1,129506.56,-1554.08
MEDANTA,2023-02-17,2023-02-20,517.1723,512.0006,7.64,4.38,2.19,-0.01,-0.012,stopped_out,True,1,161183.87,-1934.21
INOXGREEN,2023-03-03,2023-03-06,46.7234,46.2561,1.83,2.27,6.38,-0.01,-0.012,stopped_out,True,1,160797.02,-1929.56
SYRMA,2023-03-08,2023-03-10,281.4793,273.9611,0.7,1.53,2.73,-0.02671,-0.02871,stopped_out_gap,True,2,160411.11,-4605.4
SKYGOLD,2023-04-10,2023-04-11,34.5598,34.2142,5.77,5.06,11.0,-0.01,-0.012,stopped_out,True,1,159490.03,-1913.88
NSLNISP,2023-04-19,2023-04-20,33.6168,35.2976,1.25,1.83,1.51,0.05,0.048,take_profit,False,1,159107.25,7637.15
SUPRIYA,2023-05-24,2023-05-25,257.9683,255.3886,2.35,1.61,2.47,-0.01,-0.012,stopped_out,True,1,160634.68,-1927.62
PPLPHARMA,2023-05-26,2023-05-29,80.5447,79.7392,1.34,2.94,5.23,-0.01,-0.012,stopped_out,True,1,160249.16,-1922.99
EMIL,2023-06-05,2023-06-06,80.04,79.2396,3.8,2.11,2.56,-0.01,-0.012,stopped_out,True,1,159864.56,-1918.37
GATEWAY,2023-06-05,2023-06-06,65.4965,64.8415,4.33,2.16,1.99,-0.01,-0.012,stopped_out,True,1,127891.65,-1534.7
FIVESTAR,2023-06-06,2023-06-08,587.3089,581.4359,1.56,1.54,2.35,-0.01,-0.012,stopped_out,True,2,159173.95,-1910.09
AVALON,2023-06-07,2023-06-12,495.4976,490.5426,5.02,1.97,4.29,-0.01,-0.012,stopped_out,True,3,127339.16,-1528.07
MANKIND,2023-06-14,2023-06-15,1620.9214,1592.7251,2.33,2.93,6.14,-0.017395,-0.019395,stopped_out_gap,True,1,158486.32,-3073.84
SHAILY,2023-06-15,2023-06-16,299.7412,296.7438,0.72,8.57,8.13,-0.01,-0.012,stopped_out,True,1,157871.55,-1894.46
NYKAA,2023-06-19,2023-06-20,150.5252,149.02,1.63,2.15,3.54,-0.01,-0.012,stopped_out,True,1,157492.66,-1889.91
AARTIPHARM,2023-08-23,2023-08-25,383.8008,379.9627,2.45,1.63,2.07,-0.01,-0.012,stopped_out,True,2,157114.67,-1885.38
KFINTECH,2023-08-25,2023-08-28,422.8103,418.5822,1.73,12.26,4.87,-0.01,-0.012,stopped_out,True,1,156737.6,-1880.85
CYIENTDLM,2023-09-01,2023-09-05,622.7112,653.8468,6.02,1.96,2.88,0.05,0.048,take_profit,False,2,156361.43,7505.35
BIKAJI,2023-09-06,2023-09-07,521.6226,516.4063,3.32,3.45,1.5,-0.01,-0.012,stopped_out,True,1,157862.5,-1894.35
SENCO,2023-09-15,2023-09-18,238.3174,234.6479,2.62,9.08,14.27,-0.015398,-0.017398,stopped_out_gap,True,1,157483.63,-2739.9
TVSSCS,2023-09-28,2023-09-29,217.1585,214.9869,0.57,1.81,1.57,-0.01,-0.012,stopped_out,True,1,156935.65,-1883.23
NETWEB,2023-10-11,2023-10-12,879.7469,870.9494,0.62,5.33,6.94,-0.01,-0.012,stopped_out,True,1,156559.0,-1878.71
JSWINFRA,2023-11-06,2023-11-07,187.6053,196.9855,2.45,3.15,5.2,0.05,0.048,take_profit,False,1,156183.26,7496.8
RRKABEL,2023-11-07,2023-11-08,1513.1699,1498.0382,2.07,5.96,5.33,-0.01,-0.012,stopped_out,True,1,157682.62,-1892.19
INDIGOPNTS,2023-11-10,2023-11-15,1495.5897,1480.6338,1.83,3.15,2.03,-0.01,-0.012,stopped_out,True,2,157304.18,-1887.65
SBFC,2023-11-13,2023-11-16,91.8959,90.977,1.43,9.88,3.49,-0.01,-0.012,stopped_out,True,2,125843.35,-1510.12
LLOYDSENGG,2023-11-15,2023-11-22,48.9323,48.1879,3.09,3.07,3.69,-0.015213,-0.017213,stopped_out_gap,True,5,131757.98,-2267.95
NUVAMA,2023-11-20,2023-11-21,519.7951,514.5972,2.73,2.31,2.02,-0.01,-0.012,stopped_out,True,1,130273.03,-1563.28
ARE&M,2023-11-28,2023-11-29,687.9738,681.0941,1.14,3.12,2.56,-0.01,-0.012,stopped_out,True,1,155858.38,-1870.3
ADANIENSOL,2023-11-28,2023-11-29,865.5325,908.8092,1.93,12.27,15.66,0.05,0.048,take_profit,False,1,124686.71,5984.96
LLOYDSME,2023-12-05,2023-12-06,601.4582,595.4436,5.62,4.74,5.68,-0.01,-0.012,stopped_out,True,1,156681.32,-1880.18
SANDUMA,2023-12-11,2023-12-12,123.3085,122.0754,3.06,5.67,14.54,-0.01,-0.012,stopped_out,True,1,156305.28,-1875.66
KPIL,2023-12-29,2024-01-01,699.2881,692.2952,4.3,11.71,2.78,-0.01,-0.012,stopped_out,True,1,155930.15,-1871.16
SIGNATURE,2024-01-04,2024-01-08,1027.6135,1078.9942,2.31,4.48,7.44,0.05,0.048,take_profit,False,2,155555.91,7466.68
CELLO,2024-01-04,2024-01-05,868.0422,859.3618,2.17,3.94,5.09,-0.01,-0.012,stopped_out,True,1,124444.73,-1493.34
JIOFIN,2024-01-15,2024-01-16,266.4679,253.5775,1.43,3.1,3.39,-0.048375,-0.050375,stopped_out_gap,True,1,156750.58,-7896.31
IREDA,2024-01-17,2024-01-18,124.2621,123.0195,2.97,1.74,4.77,-0.01,-0.012,stopped_out,True,1,155171.32,-1862.06
ASKAUTOLTD,2024-01-19,2024-01-23,301.2041,298.1921,0.93,3.76,2.59,-0.01,-0.012,stopped_out,True,1,154798.91,-1857.59
AZAD,2024-01-30,2024-01-31,854.7271,918.5405,5.01,6.53,18.11,0.074659,0.072659,take_profit_gap,False,1,154427.39,11220.54
ZAGGLE,2024-02-07,2024-02-08,277.9389,275.1595,5.23,7.28,7.3,-0.01,-0.012,stopped_out,True,1,156671.5,-1880.06
YATHARTH,2024-02-08,2024-02-09,425.1124,420.8613,1.08,3.04,4.14,-0.01,-0.012,stopped_out,True,1,156295.49,-1875.55
SAMHI,2024-02-23,2024-02-26,224.6623,222.4157,4.16,2.46,4.22,-0.01,-0.012,stopped_out,True,1,155920.38,-1871.04
LTFOODS,2024-03-21,2024-03-22,187.2813,185.4085,4.51,3.11,4.66,-0.01,-0.012,stopped_out,True,1,155546.17,-1866.55
JYOTICNC,2024-03-26,2024-03-27,729.4645,722.1699,7.8,2.96,2.06,-0.01,-0.012,stopped_out,True,1,155172.86,-1862.07
INDIASHLTR,2024-03-28,2024-04-01,620.5502,614.3447,4.96,1.95,3.85,-0.01,-0.012,stopped_out,True,1,154800.45,-1857.61
JSFB,2024-04-04,2024-04-05,467.6337,462.9574,1.21,4.9,7.94,-0.01,-0.012,stopped_out,True,1,154428.93,-1853.15
ENTERO,2024-04-12,2024-04-15,1171.1353,1159.424,6.04,6.88,4.99,-0.01,-0.012,stopped_out,True,1,154058.3,-1848.7
HONASA,2024-04-23,2024-04-24,437.9189,433.5397,4.93,7.08,6.24,-0.01,-0.012,stopped_out,True,1,153688.56,-1844.26
AIIL,2024-06-07,2024-06-10,210.6216,208.5154,10.82,2.64,8.22,-0.01,-0.012,stopped_out,True,1,153319.7,-1839.84
INDGN,2024-06-13,2024-06-14,598.4448,592.4603,0.89,2.21,2.49,-0.01,-0.012,stopped_out,True,1,152951.74,-1835.42
AADHARHFC,2024-06-14,2024-06-18,420.3601,416.1565,0.91,1.63,5.57,-0.01,-0.012,stopped_out,True,1,152584.65,-1831.02
BLUEJET,2024-06-20,2024-06-24,423.4533,414.2667,0.51,5.45,4.89,-0.021694,-0.023694,stopped_out_gap,True,2,152218.45,-3606.66
BALUFORGE,2024-06-20,2024-06-21,341.5749,338.1591,1.26,3.71,6.73,-0.01,-0.012,stopped_out,True,1,121774.76,-1461.3
TBOTEK,2024-06-24,2024-06-25,1700.6999,1785.7349,1.29,5.55,3.06,0.05,0.048,take_profit,False,1,151204.86,7257.83
BHARTIHEXA,2024-06-26,2024-06-27,1246.4493,1233.9848,0.65,4.09,7.71,-0.01,-0.012,stopped_out,True,1,152656.42,-1831.88
PARKHOTELS,2024-07-05,2024-07-08,194.6257,192.6794,3.23,2.29,2.17,-0.01,-0.012,stopped_out,True,1,152290.05,-1827.48
AWFIS,2024-07-11,2024-07-12,626.4631,620.1985,4.07,1.62,3.61,-0.01,-0.012,stopped_out,True,1,151924.55,-1823.09
UNITDSPR,2024-07-24,2024-07-25,1365.2746,1351.6218,2.03,5.45,1.68,-0.01,-0.012,stopped_out,True,1,151559.93,-1818.72
AEGISLOG,2024-09-03,2024-09-04,827.9794,819.6996,4.87,1.56,2.62,-0.01,-0.012,stopped_out,True,1,151196.19,-1814.35
TATATECH,2024-09-06,2024-09-09,1095.921,1084.9618,0.66,2.92,2.74,-0.01,-0.012,stopped_out,True,1,150833.32,-1810.0
KRN,2024-11-07,2024-11-08,593.1464,576.7615,18.86,6.86,4.85,-0.027624,-0.029624,stopped_out_gap,True,1,150471.32,-4457.56
EUREKAFORB,2024-11-07,2024-11-08,634.217,627.8748,3.01,5.86,5.76,-0.01,-0.012,stopped_out,True,1,120377.05,-1444.52
PREMIERENE,2024-11-19,2024-11-21,1092.9897,1079.1194,3.76,1.59,2.8,-0.01269,-0.01469,stopped_out_gap,True,1,149290.9,-2193.08
EMBDL,2024-11-26,2024-11-27,129.8249,136.3161,1.93,1.89,6.14,0.05,0.048,take_profit,False,1,148852.28,7144.91
OLAELEC,2024-11-27,2024-11-28,88.144,92.5513,4.03,4.8,13.38,0.05,0.048,take_profit,False,1,150281.27,7213.5
ABDL,2024-12-02,2024-12-04,342.8137,339.3855,0.97,2.42,2.07,-0.01,-0.012,stopped_out,True,2,151723.97,-1820.69
WAAREEENER,2024-12-10,2024-12-12,3134.459,3291.182,1.51,1.84,3.8,0.05,0.048,take_profit,False,2,151359.83,7265.27
SWIGGY,2024-12-16,2024-12-17,596.6482,589.705,1.53,2.52,10.85,-0.011637,-0.013637,stopped_out_gap,True,1,152812.88,-2083.91
SAGILITY,2024-12-27,2024-12-30,53.8331,53.2948,0.86,1.5,3.2,-0.01,-0.012,stopped_out,True,1,152396.1,-1828.75
LLOYDSENT,2025-01-03,2025-01-06,57.1699,56.5982,6.0,4.21,5.91,-0.01,-0.012,stopped_out,True,1,152030.35,-1824.36
HBLENGINE,2025-01-31,2025-02-01,594.9132,588.9641,2.61,1.56,5.65,-0.01,-0.012,stopped_out,True,1,151665.48,-1819.99
HYUNDAI,2025-02-03,2025-02-07,1783.5257,1872.702,3.14,3.64,2.8,0.05,0.048,take_profit,False,4,151301.48,7262.47
VMM,2025-02-03,2025-02-04,115.3977,121.1675,2.52,2.82,2.07,0.05,0.048,take_profit,False,1,121041.18,5809.98
BLACKBUCK,2025-02-04,2025-02-06,429.9649,465.9669,2.41,2.19,3.8,0.083733,0.081733,take_profit_gap,False,2,122203.18,9988.03
ACMESOLAR,2025-02-06,2025-02-07,241.5567,239.1411,6.8,1.76,5.27,-0.01,-0.012,stopped_out,True,1,124200.79,-1490.41
ITCHOTELS,2025-03-19,2025-03-20,184.2821,182.4393,5.58,1.99,2.41,-0.01,-0.012,stopped_out,True,1,124492.4,-1493.91
BAJAJHFL,2025-03-19,2025-03-20,121.6508,120.4343,1.87,3.39,2.01,-0.01,-0.012,stopped_out,True,1,155615.49,-1867.39
IIFLCAPS,2025-03-24,2025-03-25,238.2911,235.9082,2.71,4.87,6.84,-0.01,-0.012,stopped_out,True,1,154943.24,-1859.32
NIVABUPA,2025-03-28,2025-04-01,78.119,77.3379,4.59,2.05,1.92,-0.01,-0.012,stopped_out,True,1,154571.37,-1854.86
NTPCGREEN,2025-04-16,2025-04-23,105.8129,111.1035,0.96,4.99,6.88,0.05,0.048,take_profit,False,4,154200.4,7401.62
EMCURE,2025-04-17,2025-04-21,1097.0809,1086.1101,4.58,2.7,8.68,-0.01,-0.012,stopped_out,True,1,123360.32,-1480.32
IXIGO,2025-04-17,2025-04-21,157.8189,156.2407,2.63,2.65,3.81,-0.01,-0.012,stopped_out,True,1,98688.26,-1184.26
AFCONS,2025-05-13,2025-05-14,454.781,450.2332,2.09,4.47,6.1,-0.01,-0.012,stopped_out,True,1,155147.81,-1861.77
PVRINOX,2025-05-16,2025-05-19,1017.9087,1007.7296,0.51,1.71,2.76,-0.01,-0.012,stopped_out,True,1,154775.45,-1857.31
EIEL,2025-05-26,2025-05-27,241.9209,254.0169,3.38,4.04,4.45,0.05,0.048,take_profit,False,1,154403.99,7411.39
TRANSRAILL,2025-05-27,2025-05-30,614.625,608.4787,1.41,2.92,2.66,-0.01,-0.012,stopped_out,True,3,155886.27,-1870.64
FIRSTCRY,2025-06-06,2025-06-09,415.1074,410.9564,7.06,3.33,2.52,-0.01,-0.012,stopped_out,True,1,155512.14,-1866.15
RAYMONDLSL,2025-06-10,2025-06-11,1110.1548,1165.6625,1.94,1.63,1.99,0.05,0.048,take_profit,False,1,155138.91,7446.67
PNGJL,2025-06-10,2025-06-11,608.9043,602.8152,4.94,3.87,1.65,-0.01,-0.012,stopped_out,True,1,124111.13,-1489.33
IGIL,2025-07-04,2025-07-07,375.8076,372.0495,0.85,1.73,2.2,-0.01,-0.012,stopped_out,True,1,156330.38,-1875.96
SAILIFE,2025-08-08,2025-08-11,828.314,820.0308,0.92,6.14,1.55,-0.01,-0.012,stopped_out,True,1,155955.19,-1871.46
CEIGALL,2025-09-05,2025-09-09,274.227,271.4848,1.97,3.61,2.6,-0.01,-0.012,stopped_out,True,2,155580.9,-1866.97
HEXT,2025-12-04,2025-12-05,788.9443,781.0548,0.65,3.98,4.25,-0.01,-0.012,stopped_out,True,1,155207.5,-1862.49
AKUMS,2025-12-22,2025-12-23,443.3716,465.5401,1.05,2.29,1.87,0.05,0.048,take_profit,False,1,154835.0,7432.08
