Datetime,Close,High,Low,Open,Volume,date,time,vol_sma,vol_std,vol_ratio,vol_zscore,rvol,direction,signal
2026-01-16 19:25:00+00:00,59.34000015258789,59.560001373291016,59.290000915527344,59.470001220703125,21536,2026-01-16,19:25:00,,,,,4.911008494384585,-1.0,-1
2026-01-20 19:25:00+00:00,60.36000061035156,60.40999984741211,60.22999954223633,60.2400016784668,17610,2026-01-20,19:25:00,1402.87,1746.1892300767913,12.552838110445018,9.281428221434666,4.015734564734052,1.0,1
2026-01-20 20:00:00+00:00,59.900001525878906,60.0099983215332,59.849998474121094,59.93000030517578,5230,2026-01-20,20:00:00,1499.16,1776.706179604048,3.4886202940313242,2.0998632429091035,3.6033242905739997,-1.0,-1
2026-01-20 20:30:00+00:00,59.540000915527344,59.72999954223633,59.47999954223633,59.72999954223633,7179,2026-01-20,20:30:00,1566.285,1815.094619064189,4.58345703368161,3.092243754705061,5.362464985994397,-1.0,-1
2026-01-20 20:40:00+00:00,59.400001525878906,59.540000915527344,59.380001068115234,59.52000045776367,6405,2026-01-20,20:40:00,1609.745,1845.0199791853092,3.978891066597505,2.5990260561391874,5.658752070679183,-1.0,-1
2026-01-20 20:50:00+00:00,59.439998626708984,59.4900016784668,59.34000015258789,59.36000061035156,3198,2026-01-20,20:50:00,1634.67,1842.988904363788,1.9563581640331076,0.8482579554865372,3.2325478552024767,1.0,1
2026-01-22 10:20:00+00:00,59.939998626708984,60.119998931884766,59.7599983215332,60.11000061035156,7000,2026-01-22,10:20:00,665.525,1038.6557409053175,10.51801209571391,6.098724293844193,5.40723217303143,-1.0,-1
2026-01-22 14:30:00+00:00,59.630001068115234,59.97999954223633,59.41999816894531,59.93000030517578,12644,2026-01-22,14:30:00,697.635,1232.9769554367945,18.12409067778996,9.6890415894009,3.3324108848916123,-1.0,-1
2026-01-26 20:20:00+00:00,60.619998931884766,60.70000076293945,60.31999969482422,60.70000076293945,8972,2026-01-26,20:20:00,1123.965,1129.8948115647752,7.9824549696832205,6.945810282225624,4.8356801185744125,-1.0,-1
2026-01-27 19:25:00+00:00,62.38999938964844,62.439998626708984,62.290000915527344,62.349998474121094,13947,2026-01-27,19:25:00,1376.71,1775.9934627692155,10.130673852881143,7.077892043814053,3.180434410808962,1.0,1
2026-01-27 19:45:00+00:00,62.33000183105469,62.43000030517578,62.29999923706055,62.43000030517578,4856,2026-01-27,19:45:00,1456.75,1815.6445309625076,3.333447743264115,1.8722001702601958,3.381615598885794,-1.0,-1
2026-01-28 12:10:00+00:00,62.4900016784668,63.16999816894531,62.400001525878906,62.5099983215332,12232,2026-01-28,12:10:00,850.515,1549.580808861207,14.381874511325492,7.344879941023726,4.679754190478468,-1.0,-1
2026-01-28 14:20:00+00:00,63.029998779296875,63.189998626708984,62.869998931884766,63.150001525878906,13934,2026-01-28,14:20:00,906.505,1608.3521421132248,15.371123159828132,8.099902166252651,4.699097883820926,-1.0,-1
2026-01-28 21:10:00+00:00,63.400001525878906,63.40999984741211,63.31999969482422,63.380001068115234,4123,2026-01-28,21:10:00,1530.03,1823.2890704085703,2.6947184042142966,1.4221387283470945,4.973462002412545,1.0,1
2026-01-29 14:15:00+00:00,66.19999694824219,66.4000015258789,66.04000091552734,66.0999984741211,10388,2026-01-29,14:15:00,1003.485,1483.2597842972611,10.351923546440654,6.326953039076829,3.130565810291569,1.0,1
2026-01-29 14:20:00+00:00,66.19000244140625,66.22000122070312,65.95999908447266,66.20999908447266,11920,2026-01-29,14:20:00,1059.135,1671.9939610548865,11.254467088709182,6.495756116934605,4.019897141893601,-1.0,-1
2026-01-29 15:10:00+00:00,65.25,65.81999969482422,65.18000030517578,65.7699966430664,11787,2026-01-29,15:10:00,1384.36,2220.291275291525,8.514403767806062,4.685259144043671,3.3501261235655666,-1.0,-1
2026-01-29 15:15:00+00:00,65.3499984741211,65.41999816894531,64.86000061035156,65.23999786376953,11518,2026-01-29,15:15:00,1440.93,2331.417875812545,7.993448675508178,4.322292500433001,3.255166566573639,1.0,1
2026-01-30 00:30:00+00:00,65.25,65.54000091552734,64.0999984741211,65.37000274658203,5072,2026-01-30,00:30:00,2507.14,2656.1007844745686,2.023022248458403,0.9656485984990145,5.343869353351772,-1.0,-1
2026-01-30 02:30:00+00:00,63.91999816894531,64.20999908447266,63.63999938964844,64.18000030517578,4598,2026-01-30,02:30:00,2538.35,2651.63033522272,1.8114129257194636,0.7767485432040823,3.7655730153042946,-1.0,-1
2026-01-30 11:30:00+00:00,64.62999725341797,65.02999877929688,64.30000305175781,65.01000213623047,6968,2026-01-30,11:30:00,1102.25,1389.2464055655769,6.321614878657292,4.2222531413439155,3.1604490305023245,-1.0,-1
2026-02-02 18:50:00+00:00,61.61000061035156,61.650001525878906,61.540000915527344,61.650001525878906,117622,2026-02-02,18:50:00,1689.71,8328.265251925646,69.61076160998041,13.920340730405332,61.82699825881271,-1.0,-1
2026-02-02 19:25:00+00:00,62.189998626708984,62.220001220703125,61.970001220703125,61.9900016784668,15375,2026-02-02,19:25:00,1806.58,8380.777536972395,8.510555856923027,1.6189929800835248,3.5060714896528133,1.0,1
2026-02-03 17:10:00+00:00,63.470001220703125,63.7400016784668,62.59000015258789,62.619998931884766,25286,2026-02-03,17:10:00,1085.76,2015.4393170232065,23.288756262894193,12.007426765765208,8.69028031360756,1.0,1
2026-02-03 19:25:00+00:00,63.15999984741211,63.349998474121094,63.13999938964844,63.25,20810,2026-02-03,19:25:00,1525.36,2610.7125849865183,13.642681072009232,7.386734223790317,4.745453508921955,-1.0,-1
2026-02-04 17:25:00+00:00,64.69000244140625,64.7300033569336,63.540000915527344,63.599998474121094,30695,2026-02-04,17:25:00,998.67,2343.916663991843,30.735878718695865,12.669533203209202,8.836590017632876,1.0,1
2026-02-04 17:30:00+00:00,65.12999725341797,65.16000366210938,64.2699966430664,64.69000244140625,22798,2026-02-04,17:30:00,1112.395,2804.362127774055,20.494518583776447,7.732811959350205,6.643862812596762,1.0,1
2026-02-04 18:40:00+00:00,64.88999938964844,65.33000183105469,64.63999938964844,65.31999969482422,13262,2026-02-04,18:40:00,1438.32,3096.259800365069,9.220479448245175,3.8186976424284267,5.742057693348487,-1.0,-1
2026-02-04 18:45:00+00:00,65.01000213623047,65.05999755859375,64.81999969482422,64.9000015258789,5401,2026-02-04,18:45:00,1463.455,3107.9585210905,3.6905815347926656,1.2669232788275502,3.3916558734644218,1.0,1
2026-02-04 19:00:00+00:00,65.25,65.37999725341797,64.93000030517578,65.04000091552734,9908,2026-02-04,19:00:00,1546.45,3170.2225541298394,6.406932005561123,2.6375277625564277,5.068192717158477,1.0,1
2026-02-04 19:05:00+00:00,65.25,65.45999908447266,65.13999938964844,65.26000213623047,6858,2026-02-04,19:05:00,1580.17,3190.7097714030006,4.340039362853363,1.6541241222573693,3.3366174055829227,-1.0,-1
2026-02-04 19:25:00+00:00,65.12999725341797,65.31999969482422,65.08000183105469,65.27999877929688,26180,2026-02-04,19:25:00,1752.04,3631.916427048574,14.94258121960686,6.725914676360281,5.970013112137279,-1.0,-1
2026-02-04 19:45:00+00:00,64.27999877929688,65.06999969482422,63.630001068115234,65.06999969482422,16278,2026-02-04,19:45:00,1880.085,3780.219144663887,8.65811918078172,3.8087514107016593,11.335654596100278,-1.0,-1
2026-02-04 19:50:00+00:00,64.20999908447266,64.5199966430664,63.93000030517578,64.26000213623047,7961,2026-02-04,19:50:00,1918.705,3802.7369128189152,4.149152683711149,1.588933217975611,4.623280461689231,-1.0,-1
2026-02-05 19:25:00+00:00,63.2599983215332,63.47999954223633,63.220001220703125,63.400001525878906,31529,2026-02-05,19:25:00,1434.055,2533.0089307365097,21.985907095613488,11.881104971568123,7.189783934781369,-1.0,-1
2026-02-05 19:55:00+00:00,63.189998626708984,63.22999954223633,63.150001525878906,63.209999084472656,6754,2026-02-05,19:55:00,1527.465,2584.4272109732665,4.421705243655338,2.0223185152240157,4.356892311413942,-1.0,-1
2026-02-05 20:45:00+00:00,63.22999954223633,63.290000915527344,63.209999084472656,63.290000915527344,3924,2026-02-05,20:45:00,1589.68,2576.664880642347,2.468421317497861,0.9059462941948695,3.90787999502054,-1.0,-1
2026-02-06 08:40:00+00:00,63.880001068115234,64.19999694824219,63.650001525878906,64.16999816894531,4921,2026-02-06,08:40:00,1229.34,2485.4275456798346,4.002960938389705,1.4853219142987435,3.554030874785592,-1.0,-1
2026-02-06 09:20:00+00:00,64.29000091552734,64.58000183105469,64.13999938964844,64.48999786376953,5416,2026-02-06,09:20:00,1171.98,2461.872709093397,4.621239270294715,1.723899040077865,3.9587026039287347,-1.0,-1
2026-02-06 19:10:00+00:00,63.70000076293945,63.90999984741211,63.689998626708984,63.880001068115234,6989,2026-02-06,19:10:00,1598.305,1919.9235333325619,4.372757389859883,2.807765468993938,3.515704090294589,-1.0,-1
2026-02-09 19:25:00+00:00,64.33000183105469,64.43000030517578,64.31999969482422,64.41000366210938,24026,2026-02-09,19:25:00,1118.68,1977.6119621818586,21.477098008367,11.583323947295922,5.478821047830796,-1.0,-1
2026-02-10 19:25:00+00:00,64.0,64.0,63.869998931884766,63.959999084472656,21228,2026-02-10,19:25:00,1018.26,1723.8125713970455,20.847327794472925,11.723861593387287,4.8407730460064995,1.0,1
2026-02-10 20:50:00+00:00,64.18000030517578,64.2300033569336,64.05999755859375,64.08999633789062,3881,2026-02-10,20:50:00,1081.905,1735.2422204965892,3.587191111973787,1.6130860389041013,3.922926274559353,1.0,1
2026-02-10 20:55:00+00:00,64.30000305175781,64.44999694824219,64.13999938964844,64.18000030517578,4075,2026-02-10,20:55:00,1101.9,1746.5959138942599,3.6981577275614845,1.7022254411274167,4.385551893455304,1.0,1
2026-02-11 18:50:00+00:00,64.56999969482422,64.95999908447266,64.44000244140625,64.95999908447266,8822,2026-02-11,18:50:00,1051.435,1274.8421858288223,8.390437830203485,6.095315236958579,4.6372088439173424,-1.0,-1
2026-02-11 19:05:00+00:00,64.75,65.11000061035156,64.48999786376953,64.61000061035156,10102,2026-02-11,19:05:00,1147.655,1469.4755896296997,8.802296857505088,6.093564985490128,4.914918202274524,1.0,1
2026-02-11 19:25:00+00:00,64.5999984741211,64.68000030517578,64.54000091552734,64.55000305175781,32480,2026-02-11,19:25:00,1357.685,2675.5504680927856,23.92307494006342,11.632116594752533,7.406647283507212,1.0,1
2026-02-12 19:25:00+00:00,62.880001068115234,62.88999938964844,62.650001525878906,62.650001525878906,51001,2026-02-12,19:25:00,1469.115,3788.3862399828545,34.71545794577007,13.074666061564033,11.630123710164757,1.0,1
2026-02-12 19:30:00+00:00,63.0099983215332,63.02000045776367,62.86000061035156,62.88999938964844,8898,2026-02-12,19:30:00,1513.09,3823.333211496302,5.880681254915438,1.931537114733936,4.241561150007448,1.0,1
2026-02-13 11:40:00+00:00,62.27000045776367,62.869998931884766,62.13999938964844,62.7599983215332,7792,2026-02-13,11:40:00,819.715,3753.5262956365636,9.505742849648962,1.857529280694053,4.482508179628232,-1.0,-1
2026-02-17 13:50:00+00:00,62.4900016784668,63.31999969482422,62.16999816894531,63.31999969482422,20554,2026-02-17,13:50:00,523.09,1597.8892050005395,39.29342942897016,12.535856639693137,4.302700439606448,-1.0,-1
2026-02-17 20:15:00+00:00,62.220001220703125,62.310001373291016,62.189998626708984,62.209999084472656,4381,2026-02-17,20:15:00,1334.005,1983.8418757336856,3.28409563682295,1.5359061814708028,3.515698665864179,1.0,1
2026-02-18 18:35:00+00:00,64.81999969482422,65.05000305175781,64.62000274658203,65.0199966430664,13852,2026-02-18,18:35:00,1388.0,1782.2975178715342,9.979827089337176,6.993220758610959,4.5657780890775,-1.0,-1
2026-02-18 19:25:00+00:00,64.98999786376953,65.30000305175781,64.97000122070312,65.26000213623047,21306,2026-02-18,19:25:00,1619.44,2287.9954221235384,13.156399743121078,8.604282949888281,4.858559945271079,-1.0,-1
2026-02-18 19:30:00+00:00,64.87999725341797,65.05000305175781,64.80999755859375,64.98999786376953,6358,2026-02-18,19:30:00,1650.94,2309.6553869424197,3.851139350915236,2.03799234578944,3.0307761060628633,-1.0,-1
2026-02-18 19:55:00+00:00,65.02999877929688,65.18000030517578,64.88999938964844,64.94999694824219,5344,2026-02-18,19:55:00,1691.145,2314.597385998553,3.159989238060604,1.5781815974116389,3.4473249203725356,1.0,1
2026-02-19 15:00:00+00:00,65.75,66.41000366210938,65.44999694824219,66.37000274658203,30327,2026-02-19,15:00:00,1051.425,2397.877104317908,28.843712105000357,12.208955557931993,6.097641278258793,-1.0,-1
2026-02-19 19:25:00+00:00,66.41999816894531,66.44999694824219,66.3499984741211,66.41000366210938,21937,2026-02-19,19:25:00,1890.81,2995.5691355952085,11.601906061423412,6.6919470366411336,5.002451399578131,1.0,1
2026-02-19 20:50:00+00:00,66.69000244140625,66.72000122070312,66.66000366210938,66.66999816894531,3263,2026-02-19,20:50:00,1983.565,2987.3577955726732,1.6450179348798752,0.42828314770200926,3.2982500473813885,1.0,1
2026-02-19 21:20:00+00:00,66.33999633789062,66.9000015258789,65.9000015258789,66.69000244140625,10015,2026-02-19,21:20:00,2041.91,3033.374582654349,4.9047215597161475,2.6284554652736496,11.066298342541437,-1.0,-1
2026-02-20 19:10:00+00:00,66.37999725341797,66.41999816894531,66.30000305175781,66.31999969482422,6068,2026-02-20,19:10:00,1356.515,1468.9904063145539,4.4732273509692115,3.207294601617114,3.0524098468890495,1.0,1
2026-02-20 19:25:00+00:00,66.48999786376953,66.52999877929688,66.30000305175781,66.30000305175781,14820,2026-02-20,19:25:00,1462.87,1759.4098522633049,10.130770335026353,7.591824032824068,3.379510860270224,1.0,1
2026-02-23 04:20:00+00:00,65.58000183105469,65.62999725341797,65.55999755859375,65.62000274658203,2735,2026-02-23,04:20:00,1412.25,1786.3595550165624,1.93662595149584,0.7404724296882864,7.52536543422184,-1.0,-1
2026-02-24 15:25:00+00:00,65.9000015258789,66.45999908447266,65.73999786376953,66.43000030517578,18251,2026-02-24,15:25:00,725.8,1492.2509286882112,25.146045742628825,11.744137439006876,5.717955747013902,-1.0,-1
2026-02-25 03:30:00+00:00,66.31999969482422,66.5999984741211,66.26000213623047,66.26000213623047,4358,2026-02-25,03:30:00,1357.15,1914.5820928997116,3.211140993994768,1.5673655421351465,5.314634146341463,1.0,1
2026-02-26 10:05:00+00:00,64.81999969482422,64.98999786376953,64.6500015258789,64.9800033569336,4873,2026-02-26,10:05:00,682.83,1031.005179180718,7.136476136080723,4.064159991252123,3.217298011058843,-1.0,-1
2026-02-26 18:30:00+00:00,65.30000305175781,66.45999908447266,65.12999725341797,66.2300033569336,18144,2026-02-26,18:30:00,1891.615,2562.072699860767,9.59180382900326,6.34345192503055,4.600916049891437,-1.0,-1
2026-02-26 18:35:00+00:00,65.19999694824219,65.5199966430664,64.94000244140625,65.30999755859375,12135,2026-02-26,18:35:00,1951.665,2659.3571355965373,6.217767905864992,3.82924687462698,3.9998351942647603,-1.0,-1
2026-02-26 19:10:00+00:00,65.5,65.5999984741211,65.26000213623047,65.58999633789062,6743,2026-02-26,19:10:00,2086.835,2683.486472111422,3.2312089839397937,1.735117746405643,3.391957745150439,-1.0,-1
2026-02-26 19:15:00+00:00,65.20999908447266,65.56999969482422,65.19000244140625,65.5,7068,2026-02-26,19:15:00,2120.185,2703.7627105108027,3.3336713541506993,1.8299738289774863,3.1383693178664593,-1.0,-1
2026-02-27 17:30:00+00:00,66.2300033569336,66.80000305175781,66.12999725341797,66.66000366210938,18597,2026-02-27,17:30:00,1504.755,2005.5131187109157,12.358822532571747,8.52262936628726,5.419594557674444,-1.0,-1
2026-02-27 20:55:00+00:00,67.25,67.36000061035156,67.05000305175781,67.31999969482422,4102,2026-02-27,20:55:00,1912.775,2066.2912578302958,2.1445282377697326,1.0594948760025198,4.414609537902738,-1.0,-1
2026-03-01 23:10:00+00:00,72.52999877929688,72.55000305175781,71.04000091552734,71.86000061035156,9092,2026-03-01,23:10:00,2002.905,2097.01183812135,4.5394065120412606,3.3805698523623535,16.50277935337493,1.0,1
2026-03-01 23:15:00+00:00,72.3499984741211,73.0,72.25,72.54000091552734,7233,2026-03-01,23:15:00,2038.22,2125.2717169705033,3.548684636594676,2.4442898094013916,11.210694565533275,-1.0,-1
2026-03-01 23:20:00+00:00,72.31999969482422,72.5,72.16000366210938,72.37000274658203,2789,2026-03-01,23:20:00,2047.595,2124.422967702876,1.3620857640304844,0.3489912372777988,4.258828020614621,-1.0,-1
2026-03-01 23:25:00+00:00,72.52999877929688,72.52999877929688,72.06999969482422,72.31999969482422,6173,2026-03-01,23:25:00,2076.28,2141.2185727950314,2.9731057468164215,1.9132656759334763,10.79431693989071,1.0,1
2026-03-01 23:30:00+00:00,72.79000091552734,72.8499984741211,72.41000366210938,72.52999877929688,6213,2026-03-01,23:30:00,2106.145,2157.0740497850925,2.949939344157216,1.9039007958067837,9.771748746682395,1.0,1
2026-03-01 23:35:00+00:00,72.55000305175781,72.91000366210938,72.4000015258789,72.7699966430664,5376,2026-03-01,23:35:00,2129.62,2167.011026632702,2.5243940233468884,1.4980911311026042,9.312114322832088,-1.0,-1
2026-03-01 23:40:00+00:00,72.37999725341797,72.66999816894531,72.2699966430664,72.54000091552734,2857,2026-03-01,23:40:00,2142.375,2163.7283740707317,1.333566719178482,0.3302748203350219,3.926135875633428,-1.0,-1
2026-03-01 23:45:00+00:00,72.41000366210938,72.4800033569336,72.23999786376953,72.36000061035156,4158,2026-03-01,23:45:00,2161.76,2164.3354574236605,1.9234327584930795,0.9223339169318259,5.224028268551237,1.0,1
2026-03-01 23:50:00+00:00,72.12000274658203,72.41999816894531,72.01000213623047,72.41999816894531,4019,2026-03-01,23:50:00,2180.525,2164.085861850747,1.843134107611699,0.8495388433561127,5.118930106670912,-1.0,-1
2026-03-01 23:55:00+00:00,71.97000122070312,72.30000305175781,71.8499984741211,72.0999984741211,6058,2026-03-01,23:55:00,2210.275,2176.3145924709484,2.7408354164074606,1.7680003678288818,8.623487544483986,-1.0,-1
2026-03-02 00:20:00+00:00,71.86000061035156,71.98999786376953,71.56999969482422,71.5999984741211,4180,2026-03-02,00:20:00,2274.92,2156.2672762049096,1.8374272501890176,0.8835082835152949,4.245001586797842,1.0,1
2026-03-02 00:45:00+00:00,71.8499984741211,72.11000061035156,71.80999755859375,71.87000274658203,3117,2026-03-02,00:45:00,2327.845,2133.4338873594484,1.3390066778501146,0.3698989711730592,3.4222191724421878,-1.0,-1
2026-03-02 00:50:00+00:00,71.66000366210938,71.88999938964844,71.55999755859375,71.8499984741211,2847,2026-03-02,00:50:00,2336.31,2132.1112390252692,1.2185882866571645,0.23952314994290383,3.3157664871160284,-1.0,-1
2026-03-02 01:00:00+00:00,70.79000091552734,71.83000183105469,70.4800033569336,71.79000091552734,5960,2026-03-02,01:00:00,2373.035,2137.146899049187,2.511551662744123,1.678389539622117,3.351727531545464,-1.0,-1
2026-03-02 01:20:00+00:00,70.23999786376953,70.79000091552734,70.22000122070312,70.6500015258789,3454,2026-03-02,01:20:00,2428.24,2117.1296635922636,1.4224294138964848,0.48450504361623764,4.20930763957651,-1.0,-1
2026-03-02 01:25:00+00:00,69.54000091552734,70.37999725341797,69.19999694824219,70.23999786376953,5339,2026-03-02,01:25:00,2453.71,2121.3696239237784,2.175888756209984,1.360107153162324,6.700972701600251,-1.0,-1
2026-03-02 01:30:00+00:00,70.12999725341797,70.30000305175781,69.44999694824219,69.52999877929688,5637,2026-03-02,01:30:00,2476.535,2130.965317572877,2.2761640760175004,1.483114236509349,6.351102035067953,1.0,1
2026-03-02 01:35:00+00:00,69.79000091552734,70.22000122070312,69.52999877929688,70.12000274658203,3493,2026-03-02,01:35:00,2491.44,2127.5779459234577,1.4020004495392222,0.4707512605679324,4.727057430432208,-1.0,-1
2026-03-02 01:40:00+00:00,69.66999816894531,69.91000366210938,69.5999984741211,69.79000091552734,3606,2026-03-02,01:40:00,2507.735,2123.547698762516,1.4379509796689043,0.5171840503700514,3.605549306336708,-1.0,-1
2026-03-02 01:45:00+00:00,69.58000183105469,69.7300033569336,69.38999938964844,69.66999816894531,3152,2026-03-02,01:45:00,2521.625,2118.600534669642,1.2499876071977396,0.2975431138075757,3.0386214376092067,-1.0,-1
2026-03-02 04:15:00+00:00,70.95999908447266,70.98999786376953,70.52999877929688,70.54000091552734,1390,2026-03-02,04:15:00,2540.97,2108.2389157134503,0.5470351873497129,-0.5459390733286504,3.7284157585917854,1.0,1
2026-03-02 04:20:00+00:00,70.98999786376953,71.2300033569336,70.88999938964844,70.94999694824219,1694,2026-03-02,04:20:00,2542.745,2107.3711146948544,0.6662091558532216,-0.40275060907954857,4.661049011177988,1.0,1
2026-03-02 06:40:00+00:00,72.23999786376953,72.33999633789062,72.06999969482422,72.12000274658203,2770,2026-03-02,06:40:00,2519.565,2118.557629122832,1.0993961259185614,0.1182101428620047,3.4173799059295242,1.0,1
2026-03-02 07:00:00+00:00,72.3499984741211,72.66000366210938,71.95999908447266,71.98999786376953,4033,2026-03-02,07:00:00,2488.205,2112.9098735258913,1.620847156886189,0.7311220508530936,3.3724260478728962,1.0,1
2026-03-02 07:05:00+00:00,72.93000030517578,73.1500015258789,72.2300033569336,72.33999633789062,8929,2026-03-02,07:05:00,2513.0,2158.98078038,3.5531237564663747,2.971772633784506,7.086507936507936,1.0,1
2026-03-02 07:10:00+00:00,72.94999694824219,73.12000274658203,72.72000122070312,72.93000030517578,4175,2026-03-02,07:10:00,2511.49,2157.7054814369585,1.6623597943850066,0.7709624943308571,3.8682031385720075,1.0,1
2026-03-02 07:20:00+00:00,72.41000366210938,73.04000091552734,72.19000244140625,72.87999725341797,5296,2026-03-02,07:20:00,2520.345,2165.078084396183,2.1012996236626336,1.2820114988019478,4.091945141974116,-1.0,-1
2026-03-02 07:50:00+00:00,73.16000366210938,73.19999694824219,72.72000122070312,72.9000015258789,4031,2026-03-02,07:50:00,2492.555,2157.0699294127826,1.6172160694548365,0.7132105357468915,3.115297299908226,1.0,1
2026-03-02 07:55:00+00:00,73.23999786376953,73.33000183105469,72.91999816894531,73.16000366210938,3829,2026-03-02,07:55:00,2501.93,2158.791364601818,1.5304185169049496,0.6147282325472773,3.0930479123542183,1.0,1
2026-03-02 08:40:00+00:00,72.44000244140625,72.52999877929688,72.08000183105469,72.4000015258789,4725,2026-03-02,08:40:00,2450.575,2098.961017058353,1.9281189108678576,1.0835956368487283,3.412476302247901,1.0,1
2026-03-02 10:00:00+00:00,71.62999725341797,72.44999694824219,71.27999877929688,72.43000030517578,7186,2026-03-02,10:00:00,2378.585,2055.682393584047,3.0211239034972475,2.3385981292656566,3.64679015478305,-1.0,-1
2026-03-02 16:45:00+00:00,70.51000213623047,71.29000091552734,70.08999633789062,71.29000091552734,10269,2026-03-02,16:45:00,2675.92,1767.0780138793136,3.8375586714102066,4.296969313386854,3.2720755167881466,-1.0,-1
2026-03-02 19:45:00+00:00,70.86000061035156,71.16999816894531,70.83999633789062,71.13999938964844,4761,2026-03-02,19:45:00,2784.04,1819.9884472547303,1.7101047398744271,1.0862486533813143,3.315459610027855,-1.0,-1
2026-03-02 20:05:00+00:00,72.29000091552734,72.29000091552734,70.93000030517578,71.01000213623047,14352,2026-03-02,20:05:00,2866.405,1983.676286348174,5.006968659348557,5.790055100746439,15.392948116369487,1.0,1
2026-03-02 20:15:00+00:00,72.2300033569336,72.37000274658203,71.4800033569336,72.30999755859375,7813,2026-03-02,20:15:00,2932.665,2038.044863861082,2.66412972501121,2.3946160786442117,6.269836493128699,-1.0,-1
2026-03-02 20:20:00+00:00,72.66000366210938,72.76000213623047,72.22000122070312,72.23999786376953,6685,2026-03-02,20:20:00,2955.48,2054.398984016401,2.261899928268843,1.8153825177175156,3.603045206494644,1.0,1
2026-03-02 20:25:00+00:00,72.62000274658203,72.77999877929688,72.12999725341797,72.66000366210938,5445,2026-03-02,20:25:00,2975.975,2058.703496086549,1.8296524668385992,1.1993106363754875,3.2240396713788764,-1.0,-1
2026-03-02 20:50:00+00:00,72.19999694824219,72.45999908447266,72.0,72.4000015258789,3998,2026-03-02,20:50:00,3022.025,2028.0730548860308,1.322953979533591,0.4812326644982942,4.041190220481395,-1.0,-1
2026-03-02 20:55:00+00:00,71.58000183105469,72.2300033569336,71.54000091552734,72.19999694824219,6464,2026-03-02,20:55:00,3047.395,2039.2603124872046,2.121155938104512,1.6754138640755005,6.9566153225264005,-1.0,-1
2026-03-03 03:15:00+00:00,72.66000366210938,72.69000244140625,72.41000366210938,72.44999694824219,2077,2026-03-03,03:15:00,2634.14,2155.0073279032167,0.7884926389637605,-0.2585327635716613,3.635886214442013,1.0,1
2026-03-03 03:20:00+00:00,72.66999816894531,72.70999908447266,72.43000030517578,72.66000366210938,2122,2026-03-03,03:20:00,2633.755,2155.0923344079943,0.805693771820082,-0.2374631433787637,3.2552253116011505,1.0,1
2026-03-03 05:30:00+00:00,73.27999877929688,73.36000061035156,72.54000091552734,72.66000366210938,4114,2026-03-03,05:30:00,2451.57,2231.1617284257845,1.6781083142639206,0.745096143780192,3.5370231058570663,1.0,1
2026-03-03 07:25:00+00:00,73.37000274658203,73.54000091552734,73.04000091552734,73.2300033569336,3934,2026-03-03,07:25:00,2251.23,2250.8106986384932,1.7474891503755725,0.7476283994108883,3.2831212184435636,1.0,1
2026-03-03 09:50:00+00:00,75.48999786376953,75.55000305175781,75.16999816894531,75.16999816894531,5038,2026-03-03,09:50:00,2015.62,2041.9868085350424,2.4994790684752086,1.4801172991750662,3.0301481091647244,1.0,1
2026-03-03 10:35:00+00:00,76.08000183105469,76.51000213623047,76.05999755859375,76.12999725341797,5765,2026-03-03,10:35:00,1907.985,1847.5823792229257,3.0215122236285925,2.0876010960995535,3.72927953424436,-1.0,-1
2026-03-03 10:40:00+00:00,76.04000091552734,76.2300033569336,75.8499984741211,76.08000183105469,5021,2026-03-03,10:40:00,1918.145,1859.1079516408515,2.6176331820587078,1.6690020594346957,3.7491133096882585,-1.0,-1
2026-03-03 10:50:00+00:00,76.62000274658203,76.66999816894531,76.19999694824219,76.33999633789062,5094,2026-03-03,10:50:00,1925.4,1868.070597914849,2.6456840137114366,1.6961885720683196,3.011416959172363,1.0,1
2026-03-03 10:55:00+00:00,76.45999908447266,77.2699966430664,76.37000274658203,76.63999938964844,12067,2026-03-03,10:55:00,1971.635,2000.0905385976687,6.120301171362854,5.047454005296282,10.005804311774462,-1.0,-1
2026-03-03 11:00:00+00:00,76.22000122070312,76.80999755859375,76.18000030517578,76.4800033569336,5845,2026-03-03,11:00:00,1984.195,2016.5024716239004,2.945779018695239,1.9146046455826424,3.3452568321648304,-1.0,-1
2026-03-03 11:15:00+00:00,77.33000183105469,77.36000061035156,76.69000244140625,76.86000061035156,7285,2026-03-03,11:15:00,2017.82,2055.843119564642,3.610331942393276,2.5620534708482086,3.9102284544936095,1.0,1
2026-03-03 11:20:00+00:00,77.02999877929688,77.52999877929688,77.0199966430664,77.30999755859375,7809,2026-03-03,11:20:00,2044.99,2096.1010011291555,3.818600579953936,2.7498722613533255,3.750270140473046,-1.0,-1
2026-03-03 11:35:00+00:00,76.56999969482422,76.6500015258789,75.91000366210938,76.36000061035156,8939,2026-03-03,11:35:00,2120.615,2183.0259914098206,4.215286603178796,3.1233640949902832,5.399984897681795,1.0,1
2026-03-03 11:40:00+00:00,76.70999908447266,76.76000213623047,76.33000183105469,76.56999969482422,5253,2026-03-03,11:40:00,2137.31,2194.177190112051,2.4577623274115594,1.4199810361901035,3.0218962355732932,1.0,1
2026-03-03 12:00:00+00:00,77.44999694824219,77.58000183105469,77.1500015258789,77.18000030517578,7200,2026-03-03,12:00:00,2191.245,2234.866716647971,3.2858032762196836,2.241187343607016,3.203025079241506,1.0,1
2026-03-03 12:10:00+00:00,76.16000366210938,76.94999694824219,75.87000274658203,76.69999694824219,9413,2026-03-03,12:10:00,2248.905,2324.1000583842956,4.185592543926933,3.0825243406174376,3.601252959039717,-1.0,-1
2026-03-03 12:20:00+00:00,76.19000244140625,76.31999969482422,75.69000244140625,76.12000274658203,9305,2026-03-03,12:20:00,2298.88,2388.0942646142335,4.047623190423162,2.933770288641328,3.998495998281141,1.0,1
2026-03-03 12:30:00+00:00,76.62000274658203,76.6500015258789,75.9800033569336,76.02999877929688,9278,2026-03-03,12:30:00,2337.435,2439.6130255322696,3.969308237448314,2.8449450496296325,3.559733346122488,1.0,1
2026-03-03 12:35:00+00:00,76.45999908447266,76.86000061035156,76.02999877929688,76.62000274658203,8726,2026-03-03,12:35:00,2368.525,2481.065972758662,3.684149417886659,2.5623965947714056,3.9826563213144683,-1.0,-1
2026-03-03 12:50:00+00:00,76.16000366210938,76.62000274658203,75.87999725341797,75.87999725341797,10149,2026-03-03,12:50:00,2428.625,2558.761410164244,4.178907818209892,3.0172312937549104,3.023741690408357,1.0,1
2026-03-03 14:10:00+00:00,77.5199966430664,77.6500015258789,77.12000274658203,77.12000274658203,14972,2026-03-03,14:10:00,2602.695,2763.2477072155775,5.752498852151327,4.476364883141111,4.1873863795273385,1.0,1
2026-03-03 14:15:00+00:00,77.80000305175781,77.9800033569336,77.5,77.5199966430664,14796,2026-03-03,14:15:00,2667.245,2894.112664626716,5.5472969299783115,4.190837194503059,4.45897687033828,1.0,1
2026-03-03 14:20:00+00:00,77.44999694824219,77.8499984741211,77.18000030517578,77.80999755859375,9869,2026-03-03,14:20:00,2708.295,2937.6377817318253,3.643990038012846,2.43757247558906,3.3282185313211365,-1.0,-1
2026-03-03 16:40:00+00:00,75.73999786376953,76.63999938964844,75.36000061035156,76.5,15359,2026-03-03,16:40:00,3406.605,3217.6573892114016,4.508594333654767,3.7146263738568353,5.943597929666715,-1.0,-1
2026-03-03 16:45:00+00:00,75.81999969482422,75.94000244140625,74.54000091552734,75.73999786376953,23984,2026-03-03,16:45:00,3523.39,3525.417919258245,6.807080680821596,5.803740285153187,7.642171505954515,1.0,1
2026-03-03 18:35:00+00:00,74.04000091552734,74.80000305175781,73.70999908447266,74.5199966430664,13189,2026-03-03,18:35:00,3972.86,3516.9079513246375,3.31977467114371,2.620523518828167,4.347245684149809,-1.0,-1
2026-03-03 19:25:00+00:00,74.58000183105469,74.69999694824219,74.22000122070312,74.27999877929688,17946,2026-03-03,19:25:00,4216.155,3580.1958343134233,4.256484877809283,3.83494245437917,4.092355053873781,1.0,1
2026-03-03 19:35:00+00:00,73.29000091552734,74.83999633789062,72.94999694824219,74.7699966430664,14409,2026-03-03,19:35:00,4298.51,3633.911035920519,3.352091771334718,2.7822612881987836,6.263420995435775,-1.0,-1
2026-03-03 19:40:00+00:00,72.16999816894531,73.36000061035156,72.06999969482422,73.27999877929688,19247,2026-03-03,19:40:00,4391.21,3775.5470335985206,4.383074369023572,3.9347384280472766,8.416058593643246,-1.0,-1
2026-03-03 19:45:00+00:00,72.7300033569336,72.91999816894531,71.6500015258789,72.16999816894531,15485,2026-03-03,19:45:00,4466.065,3846.041553197211,3.467258089615803,2.8650067472203906,10.78342618384401,1.0,1
2026-03-03 19:50:00+00:00,73.1500015258789,73.4000015258789,72.51000213623047,72.7300033569336,6336,2026-03-03,19:50:00,4495.055,3838.1279254128817,1.4095489376659462,0.4796465974494486,3.6795760589452287,1.0,1
2026-03-03 20:00:00+00:00,73.73999786376953,73.86000061035156,73.5199966430664,73.58000183105469,4424,2026-03-03,20:00:00,4518.565,3830.5374533717118,0.9790718956128772,-0.024687136244226433,3.0480127459845843,1.0,1
2026-03-03 20:05:00+00:00,73.1500015258789,73.79000091552734,73.11000061035156,73.73999786376953,3395,2026-03-03,20:05:00,4532.63,3821.163434487636,0.7490132660287736,-0.29771822626909966,3.6412387719533448,-1.0,-1
2026-03-04 10:05:00+00:00,75.44999694824219,76.80000305175781,75.3499984741211,76.66000366210938,8830,2026-03-04,10:05:00,2325.6,3373.062312918954,3.7968696250429996,1.9283367446512643,5.829825864487909,-1.0,-1
2026-03-04 10:10:00+00:00,75.20999908447266,75.73999786376953,75.06999969482422,75.44000244140625,9107,2026-03-04,10:10:00,2331.14,3383.3215697924884,3.9066722719356197,2.0027242046683695,6.317998525777219,-1.0,-1
2026-03-04 10:15:00+00:00,75.51000213623047,75.73999786376953,75.11000061035156,75.22000122070312,4613,2026-03-04,10:15:00,2336.75,3386.183439943075,1.9741093398951535,0.6722169783094403,3.2216499345264076,1.0,1
2026-03-04 10:20:00+00:00,75.16999816894531,75.56999969482422,74.97000122070312,75.51000213623047,4106,2026-03-04,10:20:00,2280.485,3259.8513391783226,1.8004941931212,0.5599994631841521,3.1717279003524355,-1.0,-1
2026-03-04 14:35:00+00:00,74.73999786376953,75.1500015258789,74.31999969482422,74.33000183105469,14535,2026-03-04,14:35:00,1782.665,1888.621935925578,8.153522955799323,6.752190450308584,3.452699091394976,1.0,1
2026-03-04 19:25:00+00:00,74.69999694824219,74.80000305175781,74.56999969482422,74.68000030517578,18095,2026-03-04,19:25:00,2512.6,2250.343580690686,7.201703414789462,6.9244537295133295,4.12633259221253,1.0,1
2026-03-04 21:20:00+00:00,76.08000183105469,76.2300033569336,75.79000091552734,75.79000091552734,4121,2026-03-04,21:20:00,2627.415,2190.069582606519,1.5684617770698577,0.6819806146170044,4.553591160220995,1.0,1
2026-03-04 21:30:00+00:00,75.9800033569336,76.05000305175781,75.87000274658203,76.01000213623047,2729,2026-03-04,21:30:00,2656.17,2178.282309573533,1.0274191787423244,0.03343460105235794,3.0154696132596683,-1.0,-1
2026-03-05 06:50:00+00:00,76.5999984741211,77.26000213623047,76.05999755859375,77.13999938964844,7729,2026-03-05,06:50:00,2020.31,2220.6521279269123,3.8256505189797605,2.5707268275870576,8.531493618489135,-1.0,-1
2026-03-05 06:55:00+00:00,76.56999969482422,76.79000091552734,76.31999969482422,76.5999984741211,3737,2026-03-05,06:55:00,2002.745,2192.7971856654467,1.8659389987242512,0.7908870967807754,4.430349733254298,-1.0,-1
2026-03-05 09:05:00+00:00,75.79000091552734,76.83000183105469,75.68000030517578,76.7300033569336,8324,2026-03-05,09:05:00,1656.06,1841.7111544108639,5.026387932804367,3.620513446981308,5.874641612632879,-1.0,-1
2026-03-05 09:10:00+00:00,75.80000305175781,75.93000030517578,75.1500015258789,75.77999877929688,7041,2026-03-05,09:10:00,1653.695,1834.440331168632,4.257737974656754,2.936756736354577,4.617427658004755,1.0,1
2026-03-05 09:15:00+00:00,75.56999969482422,76.06999969482422,75.5,75.80999755859375,5160,2026-03-05,09:15:00,1652.175,1831.390693910971,3.1231558400290527,1.915388677939042,3.0984012609772575,-1.0,-1
2026-03-05 09:20:00+00:00,75.45999908447266,75.66999816894531,74.97000122070312,75.55999755859375,7081,2026-03-05,09:20:00,1676.235,1870.7216165448108,4.224348018028499,2.8891337718021903,5.175696665143901,-1.0,-1
2026-03-05 18:45:00+00:00,80.9000015258789,81.1500015258789,80.69999694824219,80.7699966430664,5228,2026-03-05,18:45:00,2406.93,1998.2004957476167,2.172061505735522,1.4118052747977679,3.2830173868676167,1.0,1
2026-03-05 19:10:00+00:00,81.55000305175781,81.63999938964844,81.12999725341797,81.22000122070312,6136,2026-03-05,19:10:00,2512.095,2028.8490080492202,2.442582784488644,1.7861876293517076,3.0866161536768635,1.0,1
2026-03-05 19:15:00+00:00,81.08999633789062,81.58000183105469,81.04000091552734,81.54000091552734,7755,2026-03-05,19:15:00,2547.645,2058.0503529435937,3.0439876827422974,2.53023692668744,3.44341455292224,-1.0,-1
2026-03-05 19:25:00+00:00,80.97000122070312,81.33999633789062,80.91999816894531,81.11000061035156,18528,2026-03-05,19:25:00,2668.73,2357.0683919056314,6.9426281414755335,6.728387710115689,4.225072686847956,-1.0,-1
2026-03-05 19:30:00+00:00,80.91999816894531,81.12000274658203,80.63999938964844,80.97000122070312,7917,2026-03-05,19:30:00,2706.455,2380.3880892096677,2.925228758652924,2.1889476861438992,3.7739311783107405,-1.0,-1
2026-03-05 20:00:00+00:00,80.70999908447266,82.16000366210938,80.62999725341797,81.62000274658203,10745,2026-03-05,20:00:00,2795.095,2430.1005099413237,3.8442342746847604,3.271430530333067,7.403005640959393,-1.0,-1
2026-03-05 20:05:00+00:00,80.56999969482422,81.41999816894531,80.1500015258789,80.7300033569336,12067,2026-03-05,20:05:00,2851.44,2512.7985872529657,4.231896866144825,3.6674487349479956,12.942217455422979,-1.0,-1
2026-03-05 20:10:00+00:00,80.01000213623047,80.72000122070312,79.94000244140625,80.58000183105469,8810,2026-03-05,20:10:00,2891.145,2543.8627127819636,3.047235610804716,2.3267195081951377,4.957968414758538,-1.0,-1
2026-03-05 20:15:00+00:00,80.33000183105469,80.55999755859375,79.80000305175781,80.01000213623047,5137,2026-03-05,20:15:00,2914.005,2543.3968709564288,1.762865883895189,0.8740260025420478,4.122379376065804,1.0,1
2026-03-05 20:25:00+00:00,79.80000305175781,80.08999633789062,79.38999938964844,80.06999969482422,6268,2026-03-05,20:25:00,2956.385,2542.4211182428917,2.120156880785148,1.3025438532734932,3.7113463104137367,-1.0,-1
2026-03-05 21:10:00+00:00,79.05999755859375,79.44999694824219,79.05000305175781,79.19999694824219,2721,2026-03-05,21:10:00,3037.715,2496.0502192987437,0.8957390670290004,-0.1268864694913791,3.2822677925211097,-1.0,-1
2026-03-06 09:15:00+00:00,82.16000366210938,82.41999816894531,81.7300033569336,81.80000305175781,6428,2026-03-06,09:15:00,2218.155,2511.9102364845307,2.8979038885920954,1.6759535985218017,3.8597913382871725,1.0,1
2026-03-06 09:35:00+00:00,84.12000274658203,84.13999938964844,83.11000061035156,83.37999725341797,11023,2026-03-06,09:35:00,2240.84,2577.453479033697,4.919137466307277,3.4073010711690848,5.229437229437229,1.0,1
2026-03-06 09:40:00+00:00,83.95999908447266,84.3499984741211,83.66000366210938,84.12000274658203,7569,2026-03-06,09:40:00,2245.8,2586.7774581688404,3.37029121025915,2.05785000297948,4.628296262325155,-1.0,-1
2026-03-06 09:50:00+00:00,84.5,84.9000015258789,84.20999908447266,84.2300033569336,6222,2026-03-06,09:50:00,2237.955,2575.8519892118466,2.7802167603906245,1.5466901889883158,3.7422750169160213,1.0,1
2026-03-06 10:05:00+00:00,83.9800033569336,84.2300033569336,83.7699966430664,84.2300033569336,5175,2026-03-06,10:05:00,2222.24,2553.713392858391,2.328731370149039,1.1562613127446353,3.4166872988363455,-1.0,-1
2026-03-06 10:25:00+00:00,83.76000213623047,84.37000274658203,83.52999877929688,84.04000091552734,6417,2026-03-06,10:25:00,2226.535,2561.260811298306,2.882056648559309,1.6360946068104045,4.609706819916491,-1.0,-1
2026-03-06 10:30:00+00:00,84.26000213623047,84.47000122070312,83.66999816894531,83.77999877929688,4597,2026-03-06,10:30:00,2232.905,2565.5820944557504,2.0587530593554133,0.9214653489782431,3.303184084070598,1.0,1
2026-03-06 10:35:00+00:00,84.19999694824219,84.31999969482422,83.9000015258789,84.25,5316,2026-03-06,10:35:00,2247.95,2574.824772786055,2.364821281612136,1.191556812885662,3.438829142071642,-1.0,-1
2026-03-06 11:55:00+00:00,86.04000091552734,86.22000122070312,85.79000091552734,85.9800033569336,6181,2026-03-06,11:55:00,2257.465,2537.200647248258,2.738026946154204,1.5464031211939435,3.0309234116889883,1.0,1
2026-03-06 14:35:00+00:00,88.9000015258789,89.62000274658203,88.55000305175781,88.66000366210938,14994,2026-03-06,14:35:00,2382.96,2573.8514008325806,6.292174438513445,4.899676801823379,3.561731694281133,1.0,1
2026-03-06 16:50:00+00:00,90.06999969482422,90.1500015258789,89.41000366210938,89.63999938964844,9418,2026-03-06,16:50:00,3205.0,2992.5660473477797,2.938533541341654,2.0761446536848847,3.014664399319796,1.0,1
2026-03-06 19:20:00+00:00,90.80999755859376,91.44000244140624,90.45999908447266,90.68000030517578,11869,2026-03-06,19:20:00,4096.705,3251.2574185974504,2.8972064134469044,2.3905504853420267,3.802567029094331,1.0,1
2026-03-06 19:25:00+00:00,90.86000061035156,91.2300033569336,90.29000091552734,90.81999969482422,32808,2026-03-06,19:25:00,4257.865,3824.2238174306767,7.7052701295132655,7.465602528248869,7.481443475286472,1.0,1
2026-03-06 19:30:00+00:00,90.37000274658205,91.01000213623048,90.2300033569336,90.86000061035156,8861,2026-03-06,19:30:00,4300.115,3828.185829541527,2.060642564210492,1.1913959256638864,4.223923730075972,-1.0,-1
2026-03-08 22:10:00+00:00,109.01000213623048,110.88999938964844,107.20999908447266,109.7300033569336,6862,2026-03-08,22:10:00,4548.275,3646.8920890149243,1.5087038492615334,0.6344374726549612,5.567263323360884,-1.0,-1
2026-03-08 22:15:00+00:00,106.23999786376952,109.58000183105467,105.37999725341795,109.08000183105467,7756,2026-03-08,22:15:00,4577.515,3649.0599133242786,1.694369106381956,0.8710421520879916,6.094190443451358,-1.0,-1
2026-03-08 22:20:00+00:00,108.26000213623048,109.3000030517578,105.54000091552734,106.23999786376952,9517,2026-03-08,22:20:00,4622.255,3654.5160318584726,2.0589517454143054,1.3393688678144393,6.662524611682345,1.0,1
2026-03-08 22:25:00+00:00,106.33999633789062,108.48999786376952,106.01000213623048,108.23999786376952,4763,2026-03-08,22:25:00,4643.405,3642.9530901536937,1.025755883882625,0.03282913533068707,4.469677419354839,-1.0,-1
2026-03-08 22:30:00+00:00,108.30999755859376,108.38999938964844,106.20999908447266,106.2699966430664,4415,2026-03-08,22:30:00,4657.895,3636.212415084288,0.9478530537936127,-0.06679890288927746,4.2667310944672625,1.0,1
2026-03-08 22:35:00+00:00,108.91000366210938,109.12000274658205,107.69000244140624,108.37000274658205,3952,2026-03-08,22:35:00,4672.16,3627.76698131975,0.8458614431012637,-0.19851330135267176,3.7883889521298904,1.0,1
2026-03-08 22:40:00+00:00,108.16000366210938,108.93000030517578,107.87999725341795,108.9000015258789,3310,2026-03-08,22:40:00,4681.835,3621.5043485418573,0.7069877515973971,-0.37880252733987413,3.691878703380969,-1.0,-1
2026-03-08 22:45:00+00:00,107.38999938964844,108.5500030517578,107.11000061035156,108.16000366210938,5267,2026-03-08,22:45:00,4702.61,3612.830174148271,1.120016331356417,0.15621824796485373,5.74294670846395,-1.0,-1
2026-03-08 22:50:00+00:00,107.43000030517578,107.79000091552734,106.91000366210938,107.3499984741211,3520,2026-03-08,22:50:00,4713.93,3605.5161877323535,0.7467230103119902,-0.33113982515521817,5.720089376396507,1.0,1
2026-03-08 22:55:00+00:00,106.94000244140624,107.4499969482422,106.62999725341795,107.4499969482422,3644,2026-03-08,22:55:00,4728.585,3595.1139403355523,0.7706322293032694,-0.3016830670737433,4.973895239720184,-1.0,-1
2026-03-08 23:00:00+00:00,105.33000183105467,106.94000244140624,105.0500030517578,106.88999938964844,5873,2026-03-08,23:00:00,4754.755,3584.2284417414003,1.2351845678694275,0.3119904376007629,6.364239756180155,-1.0,-1
2026-03-08 23:05:00+00:00,105.97000122070312,106.73999786376952,105.3000030517578,105.3499984741211,3988,2026-03-08,23:05:00,4771.175,3573.082917038901,0.83585280355468,-0.2191874686885341,5.644228217602831,1.0,1
2026-03-08 23:10:00+00:00,106.31999969482422,106.61000061035156,105.87999725341795,105.95999908447266,2359,2026-03-08,23:10:00,4779.51,3565.455710285867,0.49356523995137574,-0.6788781565893947,4.281792399319342,1.0,1
2026-03-08 23:15:00+00:00,106.7699966430664,107.2300033569336,106.2300033569336,106.30999755859376,2819,2026-03-08,23:15:00,4789.915,3556.6277246337168,0.5885281889135819,-0.5541527403470311,4.369272498304756,1.0,1
2026-03-08 23:25:00+00:00,106.23999786376952,106.5,105.8000030517578,106.27999877929688,1892,2026-03-08,23:25:00,4800.615,3545.911813585282,0.39411617053231723,-0.8202727966489078,3.3084153005464483,-1.0,-1
2026-03-08 23:30:00+00:00,106.5999984741211,106.88999938964844,106.0199966430664,106.1999969482422,2021,2026-03-08,23:30:00,4807.47,3539.166273099254,0.42038743871516615,-0.7873238454998849,3.1786100462007276,1.0,1
2026-03-08 23:35:00+00:00,106.77999877929688,106.9800033569336,106.30999755859376,106.58999633789062,1760,2026-03-08,23:35:00,4812.985,3533.52107972762,0.3656774330275287,-0.8640064488409215,3.0486088556890767,1.0,1
2026-03-08 23:45:00+00:00,107.41000366210938,107.5500030517578,106.52999877929688,106.5999984741211,3228,2026-03-08,23:45:00,4826.255,3522.9267497915757,0.6688415759217032,-0.4536725040038248,4.055594817432273,1.0,1
2026-03-08 23:50:00+00:00,108.0199966430664,108.33000183105467,107.3000030517578,107.4000015258789,3362,2026-03-08,23:50:00,4839.585,3512.2478182009504,0.6946876643348552,-0.42069497270179845,4.282120681420156,1.0,1
2026-03-08 23:55:00+00:00,108.02999877929688,108.52999877929688,107.73999786376952,108.0,3057,2026-03-08,23:55:00,4850.755,3502.9497713323603,0.6302111733121957,-0.5120698602874167,4.351601423487544,1.0,1
2026-03-09 00:35:00+00:00,108.81999969482422,109.13999938964844,108.3000030517578,108.38999938964844,4049,2026-03-09,00:35:00,4915.53,3451.990847781303,0.8237158556656149,-0.2510232611297172,3.8247727004368874,1.0,1
2026-03-09 00:40:00+00:00,109.3000030517578,109.4800033569336,108.7300033569336,108.81999969482422,2965,2026-03-09,00:40:00,4920.975,3448.028944540197,0.6025228740239484,-0.5672733702242266,3.0439525184472247,1.0,1
2026-03-09 00:45:00+00:00,109.55999755859376,109.86000061035156,109.29000091552734,109.3000030517578,3905,2026-03-09,00:45:00,4927.215,3445.0391481719385,0.7925369605345007,-0.29672086615980087,4.287380772661772,1.0,1
2026-03-09 00:55:00+00:00,108.26000213623048,109.4499969482422,108.16000366210938,109.30999755859376,3653,2026-03-09,00:55:00,4936.495,3439.0544467065524,0.7399987237908678,-0.37321159635293144,4.2526193247962745,-1.0,-1
2026-03-09 01:40:00+00:00,110.87000274658205,110.91000366210938,109.44000244140624,109.72000122070312,5138,2026-03-09,01:40:00,4950.54,3428.5253490011964,1.0378665761714885,0.054676568179556025,5.137357830271216,1.0,1
2026-03-09 01:45:00+00:00,112.5,113.06999969482422,110.8499984741211,110.87999725341795,6744,2026-03-09,01:45:00,4975.92,3422.88707427168,1.35532725606521,0.5165464012207329,6.501415918539495,1.0,1
2026-03-09 01:50:00+00:00,113.6999969482422,115.0,112.54000091552734,112.54000091552734,7363,2026-03-09,01:50:00,5002.885,3420.3295576875353,1.471750799788522,0.6900256130861435,6.199768445426797,1.0,1
2026-03-09 01:55:00+00:00,115.06999969482422,115.66999816894533,112.76000213623048,113.66999816894533,6345,2026-03-09,01:55:00,5023.36,3416.0214112047224,1.2630988023952097,0.3868945304806798,6.013505508825968,1.0,1
2026-03-09 02:00:00+00:00,113.81999969482422,115.0999984741211,113.05999755859376,115.08000183105467,5443,2026-03-09,02:00:00,5018.435,3414.695912765638,1.0846010758334022,0.12433464380028353,4.389073682088499,-1.0,-1
2026-03-09 02:05:00+00:00,114.37999725341795,115.0,113.6999969482422,113.8000030517578,3734,2026-03-09,02:05:00,5020.78,3413.6465907932284,0.7437091447942352,-0.3769517335129267,3.633621213964238,1.0,1
2026-03-09 02:10:00+00:00,115.33000183105467,115.45999908447266,113.25,114.4000015258789,4886,2026-03-09,02:10:00,5031.775,3409.6309684598514,0.9710291100059125,-0.04275389370534929,5.02642576994792,1.0,1
2026-03-09 02:15:00+00:00,118.11000061035156,118.87999725341795,115.31999969482422,115.33000183105467,9947,2026-03-09,02:15:00,5056.12,3427.29939622392,1.9673188136357525,1.4270361105273155,8.410950216678998,1.0,1
2026-03-09 02:20:00+00:00,115.9499969482422,118.16000366210938,115.62999725341795,118.06999969482422,5394,2026-03-09,02:20:00,5027.975,3401.0654012667164,1.0727976968859232,0.10762068846534817,6.930378222115153,-1.0,-1
2026-03-09 02:25:00+00:00,116.62999725341795,117.05999755859376,115.83000183105467,116.0,4214,2026-03-09,02:25:00,5011.2,3396.7405260050537,0.8409163473818646,-0.2346955835739376,5.565332232769294,1.0,1
2026-03-09 02:30:00+00:00,117.73999786376952,119.4800033569336,116.55999755859376,116.5999984741211,6670,2026-03-09,02:30:00,5021.29,3398.6648466122774,1.3283439116243037,0.4851052028985447,5.462455852996878,1.0,1
2026-03-09 02:35:00+00:00,116.08000183105467,117.9800033569336,115.8499984741211,117.70999908447266,5345,2026-03-09,02:35:00,5016.905,3397.6735043535296,1.0653978897348066,0.09656460503918443,4.1400009681948005,-1.0,-1
2026-03-09 02:40:00+00:00,115.66999816894533,116.58999633789062,115.31999969482422,116.08000183105467,4511,2026-03-09,02:40:00,5016.395,3397.742090793948,0.8992513548075859,-0.14874436802291405,5.2679366469600755,-1.0,-1
2026-03-09 02:45:00+00:00,115.51000213623048,116.41999816894533,115.33000183105467,115.6500015258789,2711,2026-03-09,02:45:00,5005.08,3401.64980274316,0.5416496839211361,-0.6744021674864964,3.3281669607918363,-1.0,-1
2026-03-09 02:50:00+00:00,113.33999633789062,116.19000244140624,113.12999725341795,115.44000244140624,6922,2026-03-09,02:50:00,5013.815,3404.3303078579297,1.3805854424225865,0.5605169967190015,6.031915473013452,-1.0,-1
2026-03-09 02:55:00+00:00,114.30999755859376,114.4000015258789,112.05999755859376,113.36000061035156,5788,2026-03-09,02:55:00,5025.075,3403.1418914056853,1.1518236046228165,0.2241825419994081,5.733531451213472,1.0,1
2026-03-09 03:00:00+00:00,113.62000274658205,114.4000015258789,112.98999786376952,114.33000183105467,2535,2026-03-09,03:00:00,5022.68,3404.7324997087403,0.5047106325706595,-0.7306535829798113,3.296488946684005,-1.0,-1
2026-03-09 03:05:00+00:00,111.97000122070312,113.7699966430664,111.18000030517578,113.48999786376952,4439,2026-03-09,03:05:00,5029.575,3402.13318897906,0.8825795420090167,-0.17358961780600496,5.192572013452259,-1.0,-1
2026-03-09 03:10:00+00:00,112.72000122070312,113.54000091552734,112.0199966430664,112.02999877929688,2396,2026-03-09,03:10:00,5009.47,3405.7721206488563,0.4782941109538534,-0.7673649050548017,3.5901854279827683,1.0,1
2026-03-09 03:15:00+00:00,114.5500030517578,114.91000366210938,112.75,112.75,2851,2026-03-09,03:15:00,5000.74,3409.0708754098823,0.5701156228878126,-0.6305941057155435,4.990809628008753,1.0,1
2026-03-09 03:20:00+00:00,114.20999908447266,114.48999786376952,113.26000213623048,114.48999786376952,2208,2026-03-09,03:20:00,4985.2,3414.705702571737,0.44291101660916316,-0.8133058137069883,3.3871524448705657,-1.0,-1
2026-03-09 03:40:00+00:00,115.08999633789062,115.88999938964844,114.58000183105467,114.6500015258789,2361,2026-03-09,03:40:00,4972.555,3425.669416586155,0.4748062112937916,-0.762348809069423,3.3041196536342166,1.0,1
2026-03-09 03:45:00+00:00,115.7699966430664,116.3000030517578,114.98999786376952,115.05999755859376,1910,2026-03-09,03:45:00,4963.015,3431.552546467985,0.38484671112217067,-0.8896891301117903,3.2642597735526597,1.0,1
2026-03-09 03:50:00+00:00,115.9499969482422,116.5,115.25,115.76000213623048,1805,2026-03-09,03:50:00,4941.29,3437.748440125891,0.3652892260927814,-0.9123093369464661,3.154560349535773,1.0,1
2026-03-09 04:15:00+00:00,116.1999969482422,116.36000061035156,115.05999755859376,115.51000213623048,1278,2026-03-09,04:15:00,4888.17,3476.1087918481317,0.2614475355808002,-1.0385664592737307,3.427996647108131,1.0,1
2026-03-09 04:25:00+00:00,115.1500015258789,115.68000030517578,114.87000274658205,115.56999969482422,1348,2026-03-09,04:25:00,4862.135,3492.3229885071246,0.2772444615379869,-1.0062457028071736,3.610915787711368,-1.0,-1
2026-03-09 04:40:00+00:00,116.23999786376952,116.4000015258789,115.55999755859376,115.6999969482422,1146,2026-03-09,04:40:00,4797.915,3524.1655967821334,0.23885375209856782,-1.0362495460867425,3.808890735355214,1.0,1
2026-03-09 04:45:00+00:00,116.58999633789062,116.7699966430664,116.16000366210938,116.19000244140624,1344,2026-03-09,04:45:00,4772.96,3530.891125352852,0.2815862693171533,-0.971131614730073,3.5097111147380446,1.0,1
2026-03-09 05:05:00+00:00,113.08000183105467,115.05999755859376,112.7300033569336,114.80999755859376,3680,2026-03-09,05:05:00,4707.065,3552.974885000211,0.7818035230021256,-0.2890718435235825,5.441271601515572,-1.0,-1
2026-03-09 05:10:00+00:00,113.36000061035156,113.98999786376952,112.87000274658205,113.08000183105467,2777,2026-03-09,05:10:00,4707.34,3552.8225942666645,0.5899297692539736,-0.5433257498179248,4.2368646896157145,1.0,1
2026-03-09 05:15:00+00:00,113.66999816894533,113.80999755859376,112.98999786376952,113.3499984741211,1828,2026-03-09,05:15:00,4699.62,3557.4132908914457,0.38896761865852986,-0.8072213614742542,3.3097204933801065,1.0,1
2026-03-09 05:20:00+00:00,109.0199966430664,113.72000122070312,108.63999938964844,113.66999816894533,8909,2026-03-09,05:20:00,4721.285,3569.8291829937493,1.8869862759820686,1.1730855414454526,9.55644945025476,-1.0,-1
2026-03-09 05:25:00+00:00,107.0500030517578,109.66000366210938,106.5,109.12000274658205,7126,2026-03-09,05:25:00,4748.16,3567.58719956958,1.5007918856988813,0.6665120898199434,8.385995881141513,-1.0,-1
2026-03-09 05:30:00+00:00,107.05999755859376,108.33000183105467,106.47000122070312,107.0500030517578,4758,2026-03-09,05:30:00,4756.855,3565.4702120675133,1.0002407052558886,0.000321135763839823,4.090703922622246,1.0,1
2026-03-09 05:35:00+00:00,108.20999908447266,108.5,106.7300033569336,107.0999984741211,3846,2026-03-09,05:35:00,4760.19,3564.298682685984,0.8079509431346229,-0.25648523914137417,4.519388954171563,1.0,1
2026-03-09 05:40:00+00:00,106.51000213623048,109.13999938964844,106.4800033569336,108.22000122070312,3867,2026-03-09,05:40:00,4760.605,3564.1892816110103,0.8122917150236157,-0.25071760487313144,4.635648460328164,-1.0,-1
2026-03-09 05:45:00+00:00,103.62999725341795,107.48999786376952,103.47000122070312,106.5500030517578,7131,2026-03-09,05:45:00,4757.34,3561.703988388785,1.498946890489223,0.6664394367803084,6.2282875702822205,-1.0,-1
2026-03-09 05:50:00+00:00,105.2699966430664,105.73999786376952,103.02999877929688,103.79000091552734,4841,2026-03-09,05:50:00,4744.43,3556.6691881124393,1.0203543945215758,0.027151808305019898,5.76052357578462,1.0,1
2026-03-09 05:55:00+00:00,103.69000244140624,105.77999877929688,103.41000366210938,105.22000122070312,3682,2026-03-09,05:55:00,4731.37,3555.746092520164,0.7782101167315175,-0.29511949748252425,3.791967044284243,-1.0,-1
2026-03-09 06:00:00+00:00,102.77999877929688,104.44000244140624,102.6500015258789,103.70999908447266,4582,2026-03-09,06:00:00,4729.58,3555.7306486612847,0.9687963836112298,-0.04150483109724947,3.96752895334993,-1.0,-1
2026-03-09 06:05:00+00:00,100.94000244140624,103.52999877929688,100.38999938964844,102.76000213623048,6829,2026-03-09,06:05:00,4740.585,3558.8193885016035,1.4405395114737949,0.5868280381824325,6.182188525517709,-1.0,-1
2026-03-09 06:10:00+00:00,103.5500030517578,103.86000061035156,100.0199966430664,100.93000030517578,6589,2026-03-09,06:10:00,4746.125,3560.8396177434774,1.3882904474703046,0.5175394563734492,5.643683083511777,1.0,1
2026-03-09 06:15:00+00:00,103.9800033569336,104.75,102.54000091552734,103.61000061035156,7012,2026-03-09,06:15:00,4755.955,3564.3834995175844,1.4743621417780446,0.6329411524616644,6.335667494917551,1.0,1
2026-03-09 06:20:00+00:00,104.80999755859376,105.4800033569336,103.8000030517578,103.91999816894533,5160,2026-03-09,06:20:00,4761.89,3564.06147518453,1.0836033591704133,0.11170121581008573,5.017929860815657,1.0,1
2026-03-09 06:25:00+00:00,104.66000366210938,105.36000061035156,103.5999984741211,104.7699966430664,3861,2026-03-09,06:25:00,4755.8,3564.5574774507854,0.8118507927162623,-0.2510269523385331,3.1874516278829783,-1.0,-1
2026-03-09 06:30:00+00:00,105.43000030517578,105.43000030517578,104.5500030517578,104.6500015258789,3102,2026-03-09,06:30:00,4722.815,3549.0745896627764,0.6568116684646763,-0.4566866542396352,3.4314159292035398,1.0,1
2026-03-09 06:35:00+00:00,105.0500030517578,106.16999816894533,104.5999984741211,105.43000030517578,3883,2026-03-09,06:35:00,4682.185,3511.557941520878,0.8293136644536685,-0.22758701787328853,4.438031287949139,-1.0,-1
2026-03-09 06:45:00+00:00,106.56999969482422,107.41000366210938,105.04000091552734,105.06999969482422,3771,2026-03-09,06:45:00,4619.37,3481.8350419566173,0.8163450860182233,-0.24365600029209264,3.4420674311141535,1.0,1
2026-03-09 06:50:00+00:00,104.87999725341795,106.8000030517578,104.72000122070312,106.5500030517578,2971,2026-03-09,06:50:00,4597.125,3478.062262941759,0.6462734861462327,-0.4675376336203415,3.2794756812694033,-1.0,-1
2026-03-09 06:55:00+00:00,104.5199966430664,105.20999908447266,103.52999877929688,104.91000366210938,3055,2026-03-09,06:55:00,4573.03,3471.9338664445895,0.668047224706595,-0.43722895031826403,3.6218138707765264,-1.0,-1
2026-03-09 07:05:00+00:00,102.12000274658205,103.5999984741211,101.36000061035156,103.5199966430664,4448,2026-03-09,07:05:00,4558.825,3470.973364180327,0.9756900078419329,-0.03192908396926614,3.53015873015873,-1.0,-1
2026-03-09 09:30:00+00:00,98.36000061035156,102.06999969482422,97.5,101.62999725341795,7789,2026-03-09,09:30:00,3819.06,3266.9695016980418,2.0395071038423067,1.2151751027784563,3.839783090953907,-1.0,-1
2026-03-09 14:05:00+00:00,102.91000366210938,104.56999969482422,99.37000274658205,99.79000091552734,16358,2026-03-09,14:05:00,3200.585,2212.50782533324,5.110940656161295,5.946833204089698,3.5996149085407785,1.0,1
2026-03-09 19:15:00+00:00,92.0500030517578,95.18000030517578,91.41999816894533,94.9499969482422,9629,2026-03-09,19:15:00,3669.695,2850.1718597526105,2.6239237865817184,2.090858128294501,4.275517566742521,-1.0,-1
2026-03-09 19:20:00+00:00,89.70999908447266,93.04000091552734,88.61000061035156,91.98999786376952,14096,2026-03-09,19:20:00,3717.62,2943.447818614176,3.7916731672414072,3.5259262740680466,4.5160489377465405,-1.0,-1
2026-03-09 19:35:00+00:00,82.02999877929688,86.0,81.19000244140625,85.6500015258789,16862,2026-03-09,19:35:00,3802.895,3108.8173475579774,4.433990420455995,4.200666536507242,7.329710932405999,-1.0,-1
2026-03-09 19:40:00+00:00,86.12000274658203,87.23999786376953,81.9000015258789,81.9000015258789,10269,2026-03-09,19:40:00,3841.565,3140.902310226628,2.6731293105804537,2.0463657780990445,4.490284496187587,1.0,1
2026-03-09 19:45:00+00:00,86.18000030517578,86.8499984741211,84.69999694824219,86.12000274658203,4871,2026-03-09,19:45:00,3843.725,3141.4637242900294,1.2672602748635764,0.32700520845013553,3.3920612813370474,1.0,1
2026-03-09 20:35:00+00:00,84.16000366210938,84.77999877929688,83.16999816894531,83.97000122070312,3526,2026-03-09,20:35:00,3904.385,3123.0864930369735,0.9030871699384153,-0.12115738736138827,3.0101376587343935,1.0,1
2026-03-09 22:05:00+00:00,86.54000091552734,87.55000305175781,85.0199966430664,87.55000305175781,2923,2026-03-09,22:05:00,3919.03,3116.159088755289,0.7458478245892478,-0.3196338735060706,4.326918697335459,-1.0,-1
2026-03-10 03:00:00+00:00,88.98999786376953,89.54000091552734,88.41000366210938,88.61000061035156,2405,2026-03-10,03:00:00,3479.51,3194.2794674984907,0.6911892766510227,-0.33638572045215326,3.1274382314694407,1.0,1
2026-03-10 03:35:00+00:00,89.94999694824219,90.08999633789062,89.4000015258789,89.58000183105469,1694,2026-03-10,03:35:00,3404.455,3193.919267831004,0.49758331362875996,-0.5355348262016568,3.005544466622311,1.0,1
2026-03-10 03:40:00+00:00,91.0999984741211,91.1500015258789,89.56999969482422,89.97000122070312,2186,2026-03-10,03:40:00,3401.945,3194.6822982746776,0.6425735865806178,-0.3806153120943151,3.0592145543601856,1.0,1
2026-03-10 03:45:00+00:00,90.94000244140624,91.4800033569336,90.7699966430664,91.08999633789062,1826,2026-03-10,03:45:00,3403.11,3194.061741724755,0.5365680216037683,-0.49376315410496097,3.120700704977569,-1.0,-1
2026-03-10 17:05:00+00:00,80.54000091552734,81.05000305175781,79.7300033569336,80.9800033569336,14495,2026-03-10,17:05:00,2393.625,1980.3589427387722,6.055668703326544,6.110697782526329,3.4272709808036175,-1.0,-1
2026-03-10 17:15:00+00:00,77.80999755859375,81.08000183105469,77.5999984741211,80.93000030517578,14727,2026-03-10,17:15:00,2485.465,2192.73673768168,5.925249400011667,5.582765495570907,4.165832788218447,-1.0,-1
2026-03-10 17:20:00+00:00,78.16000366210938,78.79000091552734,76.7300033569336,77.83999633789062,14897,2026-03-10,17:20:00,2550.465,2361.399908191546,5.840895679807407,5.2284811891330465,4.677145267950001,1.0,1
2026-03-10 17:30:00+00:00,80.4000015258789,80.4000015258789,78.45999908447266,78.5,12262,2026-03-10,17:30:00,2641.155,2501.3321678747975,4.642665803407978,3.8462884392416146,3.5734295029415515,1.0,1
2026-03-10 17:35:00+00:00,80.73999786376953,81.56999969482422,80.0,80.33999633789062,13704,2026-03-10,17:35:00,2701.66,2619.6517307366967,5.072436946173834,4.199924696442733,3.9302371435229166,1.0,1
2026-03-10 19:40:00+00:00,86.37000274658203,87.80000305175781,85.22000122070312,86.83000183105469,7460,2026-03-10,19:40:00,3293.585,3270.3423334053796,2.2650091010251745,1.2739996536269484,3.2620043180016944,-1.0,-1
2026-03-10 23:10:00+00:00,85.9800033569336,87.33000183105469,85.87999725341797,87.33000183105469,1784,2026-03-10,23:10:00,3266.68,3290.520766103875,0.5461202199174697,-0.45059129098144546,3.238116846284742,-1.0,-1
2026-03-11 00:15:00+00:00,83.08999633789062,83.86000061035156,81.79000091552734,83.62999725341797,4612,2026-03-11,00:15:00,3303.535,3282.102518735893,1.396080259479618,0.39866670603085164,3.61902893575282,-1.0,-1
2026-03-11 08:55:00+00:00,86.52999877929688,86.83000183105469,85.69000244140625,86.29000091552734,6642,2026-03-11,08:55:00,2436.05,3330.2045853673944,2.726545021653907,1.262970454872517,4.514528462192014,1.0,1
2026-03-11 14:00:00+00:00,84.98999786376953,85.5999984741211,82.0,84.08999633789062,15907,2026-03-11,14:00:00,1529.765,1547.538301220264,10.39832915513167,9.290390414675535,3.2664921197186714,1.0,1
2026-03-11 22:55:00+00:00,90.81999969482422,91.91000366210938,90.6500015258789,91.87000274658205,2460,2026-03-11,22:55:00,2216.585,2085.0879264626724,1.1098153240232158,0.11674088028170146,3.3577887732468863,-1.0,-1
2026-03-11 23:30:00+00:00,93.73999786376952,93.9000015258789,92.41000366210938,92.58999633789062,2710,2026-03-11,23:30:00,2255.355,2065.743928677839,1.201584672922888,0.2200877822697954,4.26226285264917,1.0,1
2026-03-11 23:35:00+00:00,93.72000122070312,94.37999725341795,93.5500030517578,93.6999969482422,1966,2026-03-11,23:35:00,2262.275,2062.4256708092707,0.8690366997822988,-0.14365366189596807,3.4054346649345026,1.0,1
2026-03-12 05:00:00+00:00,93.08000183105467,94.8000030517578,92.61000061035156,94.8000030517578,3109,2026-03-12,05:00:00,2088.545,2073.99509310076,1.4885961279263793,0.49202382560816577,4.544491138315366,-1.0,-1
2026-03-13 10:45:00+00:00,93.6500015258789,94.93000030517578,93.36000061035156,94.9000015258789,5103,2026-03-13,10:45:00,1033.61,1303.2409033485612,4.93706523737193,3.1225155606642376,3.09800796812749,-1.0,-1
2026-03-17 07:30:00+00:00,95.87000274658205,96.91000366210938,95.83999633789062,96.9000015258789,28301,2026-03-17,07:30:00,1341.5,2356.1940949474665,21.096533730898248,11.441969088120088,9.354929344682258,-1.0,-1
2026-03-18 03:55:00+00:00,92.56999969482422,93.0999984741211,92.41000366210938,93.08000183105467,3091,2026-03-18,03:55:00,1466.83,1244.2280289561825,2.107265327270372,1.30536361679825,5.2899775377045675,-1.0,-1
2026-03-18 04:00:00+00:00,92.44000244140624,92.62999725341795,92.0999984741211,92.5199966430664,4221,2026-03-18,04:00:00,1482.595,1259.0361915501683,2.8470350972450333,2.1750010193339895,4.808201623237933,-1.0,-1
2026-03-18 11:25:00+00:00,95.36000061035156,95.5199966430664,94.1500015258789,94.1999969482422,8787,2026-03-18,11:25:00,964.465,1050.5932082500233,9.110750519718186,7.445826737286855,3.7995784011675044,1.0,1
2026-03-18 12:40:00+00:00,96.11000061035156,96.44000244140624,95.31999969482422,95.4499969482422,8660,2026-03-18,12:40:00,1068.24,1222.5799405170806,8.106792481090391,6.2096225763275035,3.2584718858029773,1.0,1
2026-03-18 12:50:00+00:00,97.12000274658205,97.31999969482422,96.27999877929688,96.58000183105467,10732,2026-03-18,12:50:00,1150.28,1471.4500015751998,9.329902284661125,6.511753705353689,3.197437759529263,1.0,1
2026-03-18 12:55:00+00:00,97.16999816894533,97.33000183105467,96.66999816894533,97.0999984741211,8004,2026-03-18,12:55:00,1187.605,1548.5266782789654,6.739614602498305,4.401858292538912,3.010508004419474,1.0,1
2026-03-19 02:05:00+00:00,97.11000061035156,97.93000030517578,96.72000122070312,97.87000274658205,3317,2026-03-19,02:05:00,2723.505,2310.930035313835,1.217915884127255,0.2568208430937635,3.2278311640919597,-1.0,-1
2026-03-19 09:25:00+00:00,98.3000030517578,98.95999908447266,97.16000366210938,97.30999755859376,12612,2026-03-19,09:25:00,1896.895,1959.949774757726,6.648760210765488,5.46703039945221,5.58392827494604,1.0,1
2026-03-19 09:45:00+00:00,95.08000183105467,97.06999969482422,95.05999755859376,97.0199966430664,6639,2026-03-19,09:45:00,1882.415,1948.5139480650419,3.5268524740824954,2.441134693812941,3.7387019569196114,-1.0,-1
2026-03-19 15:40:00+00:00,98.70999908447266,98.76000213623048,96.73999786376952,96.8000030517578,16819,2026-03-19,15:40:00,2070.35,1982.5493124716754,8.123747192503684,7.439234881685049,3.488876212207644,1.0,1
2026-03-19 15:45:00+00:00,99.87000274658205,100.27999877929688,98.66000366210938,98.6999969482422,27667,2026-03-19,15:45:00,2207.68,2680.7446365950586,12.532160458037398,9.497107502315885,5.028592200474833,1.0,1
2026-03-19 15:50:00+00:00,98.79000091552734,100.4800033569336,98.31999969482422,99.86000061035156,12847,2026-03-19,15:50:00,2269.245,2781.604906209047,5.661354327099983,3.802752496009959,3.07648097704074,-1.0,-1
2026-03-19 19:00:00+00:00,93.52999877929688,95.3000030517578,93.2699966430664,94.97000122070312,6936,2026-03-19,19:00:00,2932.28,3204.153952976026,2.3653948463311822,1.2495404586540964,3.5479395121327406,-1.0,-1
2026-03-19 19:05:00+00:00,92.88999938964844,94.18000030517578,92.36000061035156,93.52999877929688,9949,2026-03-19,19:05:00,2974.03,3240.8836345607747,3.345292414669657,2.1521815611085007,4.840479231283829,-1.0,-1
2026-03-19 19:10:00+00:00,93.45999908447266,93.70999908447266,92.0999984741211,92.91000366210938,8569,2026-03-19,19:10:00,3008.575,3263.5495388206873,2.848192250484033,1.7037967200612218,4.3104976891879145,1.0,1
2026-03-19 19:15:00+00:00,92.72000122070312,93.47000122070312,92.19000244140624,93.47000122070312,6787,2026-03-19,19:15:00,3031.41,3273.965155756177,2.2388921327039233,1.147107504610135,3.013598268302159,-1.0,-1
2026-03-23 11:05:00+00:00,86.48999786376953,98.62999725341795,84.37000274658203,98.58999633789062,21066,2026-03-23,11:05:00,1407.46,2148.1325110020825,14.96738806076194,9.151455927097107,6.918084604174791,-1.0,-1
2026-03-23 11:10:00+00:00,88.31999969482422,88.62000274658203,85.36000061035156,86.33999633789062,12466,2026-03-23,11:10:00,1454.73,2283.378933481988,8.569287771613977,4.822357707929191,5.6246580750683846,1.0,1
2026-03-23 11:15:00+00:00,89.37000274658203,89.81999969482422,87.81999969482422,88.27999877929688,9400,2026-03-23,11:15:00,1479.515,2342.1254251878895,6.353433388644251,3.3817510005317515,5.0454560703143345,1.0,1
2026-03-23 11:20:00+00:00,90.5999984741211,91.13999938964844,88.91999816894531,89.37999725341797,12490,2026-03-23,11:20:00,1528.755,2466.8854521735957,8.17004686820321,4.443353861583619,5.998319125945492,1.0,1
2026-03-23 11:25:00+00:00,90.6999969482422,91.0,89.55000305175781,90.62999725341795,8946,2026-03-23,11:25:00,1561.92,2521.4653778823326,5.7275660725261215,2.9284875631334515,3.8683314415437002,1.0,1
2026-03-23 12:40:00+00:00,89.61000061035156,91.5,89.18000030517578,91.16999816894533,8518,2026-03-23,12:40:00,1507.43,2282.938964730203,5.650676980025606,3.070853013728515,3.205041977282882,-1.0,-1
2026-03-24 20:20:00+00:00,87.93000030517578,91.38999938964844,87.55000305175781,91.30999755859376,11105,2026-03-24,20:20:00,1694.445,1637.9984191324463,6.553768343026773,5.745155117417165,5.985312942127602,-1.0,-1
2026-03-24 20:25:00+00:00,88.75,89.12999725341797,86.33999633789062,87.91999816894531,9077,2026-03-24,20:25:00,1738.855,1715.703496064232,5.2201017336120605,4.277047296828075,5.374583672563097,1.0,1
2026-03-24 20:35:00+00:00,88.16000366210938,89.47000122070312,87.5999984741211,89.23999786376953,4101,2026-03-24,20:35:00,1772.92,1720.7544283287666,2.3131331362949257,1.352941455022772,3.5010137658734393,-1.0,-1
2026-03-26 20:10:00+00:00,92.3499984741211,94.4499969482422,89.51000213623047,94.43000030517578,11566,2026-03-26,20:10:00,1486.495,1431.9885635737503,7.7807190740634855,7.038816689181531,6.5089514966058175,-1.0,-1
2026-03-26 20:15:00+00:00,93.11000061035156,93.1999969482422,91.75,92.33999633789062,4105,2026-03-26,20:15:00,1506.005,1440.9669056194302,2.725754562567853,1.8036465583383865,3.2942120573778713,1.0,1
2026-03-30 03:20:00+00:00,100.41000366210938,100.75,100.26000213623048,100.72000122070312,2169,2026-03-30,03:20:00,1601.16,1501.0038732587195,1.3546428839091658,0.3783068186008102,3.327325023969319,-1.0,-1
