date,entry_time,spot_at_entry,spot_at_close,vix,expiry,ce_strike,pe_strike,ce_entry_prem,pe_entry_prem,ce_exit_prem,pe_exit_prem,ce_stopped,pe_stopped,ce_exit_time,pe_exit_time,lots_per_leg,total_premium_collected,gross_pnl,total_costs,net_pnl,strike_dist,sl_mult,vix_filter,cumulative_pnl,equity
2020-03-26,09:15,8365.4,8653.5,79.36,2020-03-26,8450,8250,77.75,113.45,242.25,0.1,True,False,10:12,15:25,73,191.2,-93348.75,784.6,-94133.35,100,3.0,off,-94133.35,905866.65
2020-04-01,09:15,8541.1,8262.6,64.23,2020-04-01,8650,8450,35.0,66.8,0.05,202.0,False,True,15:25,11:12,72,101.8,-180450.0,515.28,-180965.28,100,3.0,off,-275098.63,724901.37
2020-04-09,09:15,8923.5,9098.5,50.79,2020-04-09,9000,8800,60.4,46.95,109.05,0.1,False,False,15:25,15:25,68,107.35,-3060.0,435.03,-3495.03,100,3.0,off,-278593.66000000003,721406.34
2020-04-16,09:15,8857.9,9016.6,49.51,2020-04-16,8950,8750,36.85,38.1,42.7,0.1,False,False,15:25,15:25,69,74.95,55458.75,310.1,55148.65,100,3.0,off,-223445.01000000004,776554.99
2020-04-23,09:15,9184.0,9302.9,42.18,2020-04-23,9300,9100,12.7,33.9,12.4,0.05,False,False,15:25,15:25,67,46.6,57201.25,214.08,56987.17,100,3.0,off,-166457.84000000003,833542.1599999999
2020-05-07,09:15,9209.0,9213.0,41.52,2020-05-07,9300,9100,19.35,26.45,0.05,0.05,False,False,15:25,15:25,66,45.8,75405.0,201.37,75203.63,100,3.0,off,-91254.21000000002,908745.79
2020-05-14,09:15,9211.5,9150.2,37.35,2020-05-14,9300,9100,47.0,35.95,0.1,0.1,False,False,15:25,15:25,66,82.95,136537.5,288.15,136249.35,100,3.0,off,44995.139999999985,1044995.14
2020-05-21,09:15,9073.5,9102.2,34.34,2020-05-21,9150,8950,12.05,6.95,0.1,0.05,False,False,15:25,15:25,67,19.0,31573.75,139.53,31434.22,100,3.0,off,76429.35999999999,1076429.3599999999
2020-05-28,09:15,9352.4,9488.0,30.68,2020-05-28,9450,9250,6.5,6.5,19.9,0.05,True,False,11:01,15:25,65,13.0,-11293.75,138.7,-11432.45,100,3.0,off,64996.90999999999,1064996.91
2020-06-04,09:15,10079.1,10030.8,29.12,2020-06-04,10200,10000,8.15,18.85,0.05,60.15,False,True,15:25,12:23,61,27.0,-50630.0,193.45,-50823.45,100,3.0,off,14173.459999999992,1014173.46
2020-06-11,09:15,10065.3,9910.1,29.41,2020-06-11,10150,9950,20.0,13.6,0.1,42.5,False,True,15:25,14:40,61,33.6,-13725.0,195.76,-13920.76,100,3.0,off,252.69999999999163,1000252.7
2020-06-25,09:15,10205.0,10284.4,30.4,2020-06-25,10300,10100,12.6,21.0,39.4,0.1,True,False,09:52,15:25,60,33.6,-8850.0,192.03,-9042.03,100,3.0,off,-8789.330000000009,991210.67
2020-07-02,09:15,10514.9,10563.6,27.48,2020-07-02,10600,10400,10.1,12.6,0.05,0.05,False,False,15:25,15:25,58,22.7,32770.0,141.03,32628.97,100,3.0,off,23839.639999999992,1023839.64
2020-07-09,09:15,10752.6,10833.5,25.82,2020-07-09,10850,10650,7.6,11.9,0.1,0.05,False,False,15:25,15:25,57,19.5,27573.75,133.8,27439.95,100,3.0,off,51279.59,1051279.59
2020-07-16,09:15,10641.2,10728.0,26.51,2020-07-16,10750,10550,5.0,17.45,0.15,0.1,False,False,15:25,15:25,57,22.45,31635.0,139.81,31495.19,100,3.0,off,82774.78,1082774.78
2020-07-23,09:15,11119.5,11234.6,24.84,2020-07-23,11200,11000,8.5,5.85,26.65,0.05,True,False,11:38,15:25,55,14.35,-16981.25,138.63,-17119.88,100,3.0,off,65654.9,1065654.9
2020-07-30,09:15,11258.9,11095.1,23.72,2020-07-30,11350,11150,5.6,6.9,0.1,24.35,False,True,15:25,13:53,54,12.5,-16132.5,132.94,-16265.44,100,3.0,off,49389.45999999999,1049389.46
2020-08-06,09:15,11159.9,11206.8,23.08,2020-08-06,11250,11050,7.75,14.5,23.5,0.05,True,False,13:02,15:25,55,22.25,-1787.5,152.07,-1939.57,100,3.0,off,47449.88999999999,1047449.89
2020-09-24,09:15,10985.4,10821.4,21.75,2020-09-24,11100,10900,8.55,10.1,0.15,33.7,False,True,15:25,12:24,56,18.65,-21280.0,152.4,-21432.4,100,3.0,off,26017.48999999999,1026017.49
2020-10-15,09:15,11978.6,11672.5,20.36,2020-10-15,12100,11900,5.2,15.5,0.05,46.75,False,True,15:25,13:04,51,20.7,-33277.5,158.26,-33435.76,100,3.0,off,-7418.270000000011,992581.73
2020-10-22,09:15,11896.0,11902.2,22.9,2020-10-22,12000,11800,7.15,18.9,0.05,0.05,False,False,15:25,15:25,51,26.05,33086.25,141.44,32944.81,100,3.0,off,25526.539999999986,1025526.54
2020-10-29,09:15,11640.0,11670.7,23.42,2020-10-29,11750,11550,10.3,20.6,0.05,0.05,False,False,15:25,15:25,52,30.9,40040.0,151.28,39888.72,100,3.0,off,65415.25999999999,1065415.26
2020-11-05,09:15,12064.4,12127.6,21.87,2020-11-05,12150,11950,22.6,13.05,0.05,0.05,False,False,15:25,15:25,51,35.65,45326.25,158.75,45167.5,100,3.0,off,110582.75999999998,1110582.76
2020-11-12,09:15,12693.7,12693.0,21.29,2020-11-12,12800,12600,14.6,14.35,0.05,0.05,False,False,15:25,15:25,48,28.95,34620.0,143.59,34476.41,100,3.0,off,145059.16999999998,1145059.17
2020-11-19,09:15,12863.4,12760.6,19.25,2020-11-19,12950,12750,10.0,6.2,0.05,18.8,False,True,15:25,14:29,47,16.2,-3113.75,131.17,-3244.92,100,3.0,off,141814.24999999997,1141814.25
2020-11-26,09:15,12893.1,13015.0,19.76,2020-11-26,13000,12800,8.85,20.9,0.1,0.05,False,False,15:25,15:25,47,29.75,34780.0,143.92,34636.08,100,3.0,off,176450.32999999996,1176450.33
2020-12-03,09:15,13167.5,13136.6,18.72,2020-12-03,13250,13050,10.0,13.35,0.05,0.05,False,False,15:25,15:25,46,23.35,26737.5,132.43,26605.07,100,3.0,off,203055.39999999997,1203055.4
2020-12-10,09:15,13473.3,13481.5,18.19,2020-12-10,13550,13350,16.15,8.85,0.05,0.05,False,False,15:25,15:25,45,25.0,28012.5,134.24,27878.26,100,3.0,off,230933.65999999997,1230933.66
2020-12-24,09:15,13669.3,13740.4,20.05,2020-12-24,13750,13550,8.55,6.35,0.15,0.05,False,False,15:25,15:25,45,14.9,16537.5,118.21,16419.29,100,3.0,off,247352.94999999998,1247352.95
2020-12-31,09:15,13953.2,13967.0,21.29,2020-12-31,14050,13850,8.6,14.5,0.05,0.05,False,False,15:25,15:25,44,23.1,25300.0,130.4,25169.6,100,3.0,off,272522.55,1272522.55
2021-01-14,09:15,14543.0,14597.5,23.48,2021-01-14,14650,14450,8.65,12.4,0.05,0.05,False,False,15:25,15:25,42,21.05,21997.5,125.71,21871.79,100,3.0,off,294394.33999999997,1294394.3399999999
2021-01-28,09:15,13861.4,13819.8,24.64,2021-01-28,13950,13750,24.25,19.6,0.05,59.05,False,True,15:25,13:04,44,43.85,-16775.0,191.53,-16966.53,100,3.0,off,277427.80999999994,1277427.81
2021-02-04,09:15,14738.6,14889.5,23.83,2021-02-04,14850,14650,15.55,37.4,55.5,0.1,True,False,14:11,15:25,41,52.95,-2716.25,196.5,-2912.75,100,3.0,off,274515.05999999994,1274515.06
2021-02-11,09:15,15094.1,15176.6,24.18,2021-02-11,15200,15000,14.95,26.3,0.05,0.05,False,False,15:25,15:25,40,41.25,41150.0,152.79,40997.21,100,3.0,off,315512.26999999996,1315512.27
2021-02-18,09:15,15219.2,15120.2,21.38,2021-02-18,15300,15100,15.2,17.15,0.05,0.05,False,False,15:25,15:25,40,32.35,32250.0,140.2,32109.8,100,3.0,off,347622.06999999995,1347622.0699999998
2021-02-25,09:15,15114.5,15103.8,23.55,2021-02-25,15200,15000,26.85,15.8,0.05,0.05,False,False,15:25,15:25,40,42.65,42550.0,154.77,42395.23,100,3.0,off,390017.29999999993,1390017.2999999998
2021-03-04,09:15,15029.0,15087.1,23.39,2021-03-04,15150,14950,18.6,36.45,59.95,0.1,True,False,11:45,15:25,40,55.05,-5000.0,198.96,-5198.96,100,3.0,off,384818.3399999999,1384818.3399999999
2021-03-10,09:15,15208.8,15168.1,21.49,2021-03-10,15300,15100,14.05,14.6,0.05,0.05,False,False,15:25,15:25,40,28.65,28550.0,134.97,28415.03,100,3.0,off,413233.3699999999,1413233.3699999999
2021-03-25,09:15,14523.9,14346.4,22.49,2021-03-25,14600,14400,37.0,29.1,0.1,89.55,False,True,15:25,12:01,42,66.1,-24727.5,234.42,-24961.92,100,3.0,off,388271.4499999999,1388271.45
2021-04-01,09:15,14792.5,14866.0,20.51,2021-04-01,14900,14700,19.55,25.85,0.05,0.05,False,False,15:25,15:25,41,45.4,46432.5,160.27,46272.23,100,3.0,off,434543.6799999999,1434543.68
2021-04-08,09:15,14903.9,14877.5,20.05,2021-04-08,15000,14800,15.35,20.5,0.05,0.05,False,False,15:25,15:25,41,35.85,36643.75,146.43,36497.32,100,3.0,off,471040.9999999999,1471041.0
2021-04-15,09:15,14503.5,14589.4,20.89,2021-04-15,14600,14400,28.85,22.4,0.1,68.35,False,True,15:25,11:12,42,51.25,-18060.0,202.47,-18262.47,100,3.0,off,452778.5299999999,1452778.5299999998
2021-04-22,09:15,14161.4,14398.7,23.43,2021-04-22,14250,14050,32.2,38.1,100.05,0.05,True,False,11:49,15:25,43,70.3,-32035.0,249.14,-32284.14,100,3.0,off,420494.3899999999,1420494.39
2021-04-29,09:15,15008.0,14888.6,22.21,2021-04-29,15100,14900,16.85,21.1,0.05,64.4,False,True,15:25,10:36,41,37.95,-27162.5,178.79,-27341.29,100,3.0,off,393153.0999999999,1393153.0999999999
2021-05-06,09:15,14671.3,14733.2,21.78,2021-05-06,14750,14550,21.95,18.3,0.1,0.05,False,False,15:25,15:25,41,40.25,41102.5,152.83,40949.67,100,3.0,off,434102.7699999999,1434102.77
2021-05-12,09:15,14797.0,14698.8,19.75,2021-05-12,14900,14700,11.7,19.45,0.1,2.55,False,False,15:25,15:25,41,31.15,29212.5,140.77,29071.73,100,3.0,off,463174.4999999999,1463174.5
2021-05-20,09:15,15060.9,14920.0,19.03,2021-05-20,15150,14950,11.6,12.7,0.05,39.1,False,True,15:25,14:49,40,24.3,-14850.0,146.18,-14996.18,100,3.0,off,448178.3199999999,1448178.3199999998
2021-05-27,09:15,15314.0,15370.1,20.25,2021-05-27,15400,15200,9.4,14.15,0.15,0.05,False,False,15:25,15:25,40,23.55,23350.0,127.8,23222.2,100,3.0,off,471400.5199999999,1471400.52
2021-06-03,09:15,15663.1,15688.9,15.74,2021-06-03,15750,15550,6.6,9.3,0.05,0.05,False,False,15:25,15:25,39,15.9,15405.0,116.37,15288.63,100,3.0,off,486689.1499999999,1486689.15
2021-06-10,09:15,15684.0,15745.1,14.73,2021-06-10,15800,15600,5.65,17.0,0.05,0.05,False,False,15:25,15:25,39,22.65,21986.25,125.68,21860.57,100,3.0,off,508549.7199999999,1508549.72
2021-06-24,09:15,15729.5,15793.7,15.47,2021-06-24,15850,15650,6.15,24.7,0.05,0.05,False,False,15:25,15:25,39,30.85,29981.25,136.99,29844.26,100,3.0,off,538393.9799999999,1538393.98
2021-07-08,09:15,15868.7,15728.0,12.45,2021-07-08,15950,15750,5.95,6.5,0.05,21.65,False,True,15:25,12:52,38,12.45,-8787.5,120.3,-8907.8,100,3.0,off,529486.1799999998,1529486.1799999997
2021-07-22,09:15,15741.6,15827.7,12.87,2021-07-22,15850,15650,6.55,6.85,0.05,0.05,False,False,15:25,15:25,39,13.4,12967.5,112.93,12854.57,100,3.0,off,542340.7499999998,1542340.7499999998
2021-08-12,09:15,16321.7,16361.4,12.62,2021-08-12,16400,16200,7.15,7.0,0.65,0.1,False,False,15:25,15:25,37,14.15,12395.0,113.22,12281.78,100,3.0,off,554622.5299999998,1554622.5299999998
2021-08-18,09:15,16671.8,16550.4,13.32,2021-08-18,16750,16550,6.1,7.25,0.05,0.15,False,False,15:25,15:25,36,13.35,11835.0,111.48,11723.52,100,3.0,off,566346.0499999998,1566346.0499999998
2021-09-02,09:15,17085.8,17233.8,14.08,2021-09-02,17200,17000,7.65,15.1,23.6,0.05,True,False,14:02,15:25,26,22.75,-585.0,122.15,-707.15,100,3.0,off,565638.8999999998,1565638.9
2021-09-23,09:15,17652.3,17826.3,16.09,2021-09-23,17750,17550,10.45,11.0,31.9,0.1,True,False,12:22,15:25,25,21.45,-6593.75,122.25,-6716.0,100,3.0,off,558922.8999999998,1558922.9
2021-09-30,09:15,17724.0,17608.7,18.71,2021-09-30,17800,17600,20.75,15.6,0.05,0.35,False,False,15:25,15:25,25,36.35,22468.75,126.65,22342.1,100,3.0,off,581264.9999999998,1581264.9999999998
2021-10-07,09:15,17777.2,17797.2,16.46,2021-10-07,17900,17700,10.05,17.85,0.05,0.05,False,False,15:25,15:25,25,27.9,17375.0,119.09,17255.91,100,3.0,off,598520.9099999998,1598520.9099999997
2021-10-14,09:15,18269.2,18339.0,16.11,2021-10-14,18350,18150,7.3,13.6,0.05,0.05,False,False,15:25,15:25,24,20.9,12480.0,112.17,12367.83,100,3.0,off,610888.7399999998,1610888.7399999998
2021-10-21,09:15,18352.2,18219.6,18.14,2021-10-21,18450,18250,16.45,21.2,0.15,65.0,False,True,15:25,10:35,24,37.65,-16500.0,143.73,-16643.73,100,3.0,off,594245.0099999998,1594245.0099999998
2021-10-28,09:15,18152.3,17862.9,17.03,2021-10-28,18250,18050,24.15,24.5,0.1,82.8,False,True,15:25,12:27,24,48.65,-20550.0,157.8,-20707.8,100,3.0,off,573537.2099999997,1573537.2099999997
2021-11-03,09:15,17969.5,17833.0,16.73,2021-11-03,18050,17850,16.65,18.7,0.1,58.8,False,True,15:25,13:13,24,35.35,-14130.0,140.11,-14270.11,100,3.0,off,559267.0999999997,1559267.0999999996
2021-11-11,09:15,17956.5,17885.7,15.74,2021-11-11,18050,17850,18.35,17.85,0.05,58.55,False,True,15:25,10:29,24,36.2,-13440.0,140.76,-13580.76,100,3.0,off,545686.3399999997,1545686.3399999999
2021-11-18,09:15,17909.7,17745.2,14.52,2021-11-18,18000,17800,16.15,17.15,0.1,52.05,False,True,15:25,10:15,24,33.3,-11310.0,136.57,-11446.57,100,3.0,off,534239.7699999998,1534239.7699999998
2021-11-25,09:15,17394.2,17547.0,16.54,2021-11-25,17500,17300,13.85,34.3,46.9,0.05,True,False,11:32,15:25,25,48.15,750.0,150.01,599.99,100,3.0,off,534839.7599999998,1534839.7599999998
2021-12-02,09:15,17176.8,17401.5,19.73,2021-12-02,17300,17100,13.55,46.5,41.3,0.05,True,False,10:15,15:25,23,60.05,10752.5,153.81,10598.69,100,3.0,off,545438.4499999997,1545438.4499999997
2021-12-09,09:15,17523.8,17502.7,16.59,2021-12-09,17600,17400,19.5,17.3,0.05,52.5,False,True,15:25,10:28,22,36.8,-8662.5,135.88,-8798.38,100,3.0,off,536640.0699999997,1536640.0699999998
2021-12-16,09:15,17359.7,17285.6,16.28,2021-12-16,17450,17250,15.8,19.05,0.15,57.55,False,True,15:25,12:04,23,34.85,-13138.75,137.49,-13276.24,100,3.0,off,523363.8299999997,1523363.8299999996
2021-12-23,09:15,17045.9,17051.3,16.22,2021-12-23,17150,16950,12.15,20.1,0.05,0.05,False,False,15:25,15:25,23,32.25,18486.25,120.66,18365.59,100,3.0,off,541729.4199999997,1541729.4199999997
2021-12-30,09:15,17165.3,17229.0,16.6,2021-12-30,17250,17050,16.5,14.9,0.05,0.05,False,False,15:25,15:25,23,31.4,17997.5,119.96,17877.54,100,3.0,off,559606.9599999997,1559606.9599999997
2022-01-06,09:15,17794.5,17746.0,17.58,2022-01-06,17900,17700,11.35,17.5,0.05,55.6,False,True,15:25,09:34,18,28.85,-12060.0,123.89,-12183.89,100,3.0,off,547423.0699999997,1547423.0699999998
2022-01-13,09:15,18215.8,18258.5,17.35,2022-01-13,18300,18100,16.45,13.15,0.05,0.05,False,False,15:25,15:25,18,29.6,13275.0,113.26,13161.74,100,3.0,off,560584.8099999997,1560584.8099999996
2022-01-20,09:15,17902.3,17783.0,17.93,2022-01-20,18000,17800,18.35,14.2,0.05,43.2,False,True,15:25,11:30,18,32.55,-4815.0,123.77,-4938.77,100,3.0,off,555646.0399999997,1555646.0399999996
2022-01-27,09:15,17001.2,17149.3,23.14,2022-01-27,17100,16900,42.4,68.1,9.5,0.05,False,False,15:25,15:25,19,110.5,47951.25,170.66,47780.59,100,3.0,off,603426.6299999997,1603426.6299999997
2022-02-03,09:15,17761.3,17520.2,18.57,2022-02-03,17850,17650,15.7,14.85,0.05,46.2,False,True,15:25,12:02,18,30.55,-7065.0,123.09,-7188.09,100,3.0,off,596238.5399999997,1596238.5399999996
2022-02-10,09:15,17518.8,17587.0,18.72,2022-02-10,17600,17400,19.25,15.75,5.9,0.05,False,False,15:25,15:25,19,35.0,13798.75,119.17,13679.58,100,3.0,off,609918.1199999996,1609918.1199999996
2022-02-17,09:15,17413.8,17280.2,20.15,2022-02-17,17500,17300,19.55,19.3,0.05,63.85,False,True,15:25,09:34,19,38.85,-11898.75,134.0,-12032.75,100,3.0,off,597885.3699999996,1597885.3699999996
2022-02-24,09:15,16656.3,16217.8,29.19,2022-02-24,16750,16550,80.0,91.3,0.1,294.45,False,True,15:25,15:03,20,171.3,-61625.0,281.02,-61906.02,100,3.0,off,535979.3499999996,1535979.3499999996
2022-03-03,09:15,16768.0,16508.8,27.74,2022-03-03,16850,16650,38.45,41.0,0.05,125.7,False,True,15:25,12:33,19,79.45,-21992.5,174.34,-22166.84,100,3.0,off,513812.5099999996,1513812.5099999995
2022-03-10,09:15,16661.8,16566.3,24.9,2022-03-10,16750,16550,37.9,46.2,0.05,0.2,False,False,15:25,15:25,20,84.1,41925.0,153.94,41771.06,100,3.0,off,555583.5699999996,1555583.5699999996
2022-03-17,09:15,17205.0,17299.4,22.49,2022-03-17,17300,17100,32.35,33.05,0.15,0.05,False,False,15:25,15:25,19,65.4,30970.0,138.39,30831.61,100,3.0,off,586415.1799999996,1586415.1799999997
2022-03-24,09:15,17135.8,17197.3,25.0,2022-03-24,17250,17050,22.55,32.0,69.5,0.1,True,False,09:58,15:25,19,54.55,-7148.75,145.75,-7294.5,100,3.0,off,579120.6799999996,1579120.6799999997
2022-03-31,09:15,17539.5,17468.8,20.73,2022-03-31,17650,17450,7.95,24.45,0.05,0.05,False,False,15:25,15:25,19,32.4,15342.5,116.19,15226.31,100,3.0,off,594346.9899999996,1594346.9899999998
2022-04-07,09:15,17738.5,17655.2,19.45,2022-04-07,17850,17650,11.0,16.9,0.1,11.0,False,False,15:25,15:25,18,27.9,7560.0,114.38,7445.62,100,3.0,off,601792.6099999996,1601792.6099999996
2022-04-13,09:15,17622.8,17467.5,17.63,2022-04-13,17700,17500,10.0,8.6,0.05,28.35,False,True,15:25,10:27,18,18.6,-4410.0,111.93,-4521.93,100,3.0,off,597270.6799999996,1597270.6799999997
2022-04-21,09:15,17236.3,17400.1,18.21,2022-04-21,17350,17150,5.7,17.05,18.7,0.05,True,False,11:05,15:25,19,22.75,1900.0,113.65,1786.35,100,3.0,off,599057.0299999996,1599057.0299999996
2022-04-28,09:15,17135.4,17231.3,20.08,2022-04-28,17250,17050,13.4,23.0,42.1,0.05,True,False,14:01,15:25,19,36.4,-2731.25,127.75,-2859.0,100,3.0,off,596198.0299999996,1596198.0299999996
2022-05-05,09:15,16821.7,16669.2,20.45,2022-05-05,16900,16700,27.85,18.2,0.05,55.05,False,True,15:25,14:23,19,46.05,-4298.75,136.97,-4435.72,100,3.0,off,591762.3099999996,1591762.3099999996
2022-05-12,09:15,15987.4,15826.5,23.17,2022-05-12,16100,15900,22.45,32.75,0.05,99.5,False,True,15:25,11:16,20,55.2,-22175.0,155.57,-22330.57,100,3.0,off,569431.7399999996,1569431.7399999998
2022-05-19,09:15,15979.5,15828.5,23.19,2022-05-19,16100,15900,23.75,52.3,0.05,89.6,False,False,15:25,15:25,20,76.05,-6800.0,168.12,-6968.12,100,3.0,off,562463.6199999996,1562463.6199999996
2022-05-26,09:15,16113.5,16201.5,24.17,2022-05-26,16200,16000,25.0,26.85,0.1,81.75,False,True,15:25,10:28,20,51.85,-15000.0,149.26,-15149.26,100,3.0,off,547314.3599999996,1547314.3599999996
2022-06-02,09:15,16460.3,16637.4,20.28,2022-06-02,16550,16350,20.35,26.7,66.15,0.05,True,False,10:33,15:25,20,47.05,-9575.0,142.4,-9717.4,100,3.0,off,537596.9599999996,1537596.9599999995
2022-06-09,09:15,16265.8,16481.8,19.52,2022-06-09,16350,16150,20.15,16.0,70.85,0.05,True,False,12:35,15:25,20,36.15,-17375.0,135.73,-17510.73,100,3.0,off,520086.22999999963,1520086.2299999995
2022-06-16,09:15,15833.2,15348.2,21.02,2022-06-16,15950,15750,21.1,30.0,0.05,90.95,False,True,15:25,11:16,21,51.1,-20947.5,153.58,-21101.08,100,3.0,off,498985.1499999996,1498985.1499999997
2022-06-23,09:15,15428.5,15577.5,21.11,2022-06-23,15550,15350,13.45,34.9,45.65,0.1,True,False,09:25,15:25,21,48.35,1365.0,140.98,1224.02,100,3.0,off,500209.16999999963,1500209.1699999997
2022-06-30,09:15,15842.6,15735.9,22.26,2022-06-30,15950,15750,23.25,40.1,0.05,0.1,False,False,15:25,15:25,21,63.35,33180.0,141.48,33038.52,100,3.0,off,533247.6899999996,1533247.6899999995
2022-07-07,09:15,16124.4,16136.9,19.76,2022-07-07,16200,16000,25.3,18.5,0.05,0.05,False,False,15:25,15:25,20,43.8,21850.0,125.4,21724.6,100,3.0,off,554972.2899999996,1554972.2899999996
2022-07-14,09:15,16022.5,15948.0,18.34,2022-07-14,16100,15900,26.3,23.1,0.05,0.05,False,False,15:25,15:25,20,49.4,24650.0,129.36,24520.64,100,3.0,off,579492.9299999996,1579492.9299999997
2022-07-21,09:15,16492.7,16609.8,16.97,2022-07-21,16600,16400,11.5,15.9,5.4,0.05,False,False,15:25,15:25,20,27.4,10975.0,114.99,10860.01,100,3.0,off,590352.9399999996,1590352.9399999995
2022-07-28,09:15,16779.1,16922.0,17.53,2022-07-28,16900,16700,8.75,23.1,26.85,0.05,True,False,12:13,15:25,19,31.85,2351.25,121.48,2229.77,100,3.0,off,592582.7099999996,1592582.7099999995
2022-08-04,09:15,17479.8,17364.0,18.15,2022-08-04,17600,17400,8.25,25.0,0.05,76.3,False,True,15:25,11:25,19,33.25,-20472.5,132.86,-20605.36,100,3.0,off,571977.3499999996,1571977.3499999996
2022-08-11,09:15,17698.7,17638.7,19.12,2022-08-11,17800,17600,14.45,21.25,0.05,0.05,False,False,15:25,15:25,18,35.7,16020.0,117.15,15902.85,100,3.0,off,587880.1999999996,1587880.1999999997
2022-08-18,09:15,17895.0,17964.5,17.22,2022-08-18,18000,17800,11.8,16.45,0.1,0.05,False,False,15:25,15:25,18,28.25,12645.0,112.41,12532.59,100,3.0,off,600412.7899999996,1600412.7899999996
2022-08-25,09:15,17674.9,17508.2,17.71,2022-08-25,17750,17550,17.2,10.75,0.05,40.55,False,True,15:25,15:12,18,27.95,-5692.5,120.31,-5812.81,100,3.0,off,594599.9799999995,1594599.9799999995
2022-09-01,09:15,17551.3,17563.2,18.15,2022-09-01,17650,17450,38.85,37.35,0.1,0.05,False,False,15:25,15:25,18,76.2,34222.5,142.93,34079.57,100,3.0,off,628679.5499999995,1628679.5499999993
2022-09-08,09:15,17752.8,17800.1,18.6,2022-09-08,17850,17650,14.2,23.8,0.05,0.1,False,False,15:25,15:25,18,38.0,17032.5,118.62,16913.88,100,3.0,off,645593.4299999995,1645593.4299999995
2022-09-15,09:15,18081.9,17872.3,17.86,2022-09-15,18200,18000,13.15,29.6,0.05,95.45,False,True,15:25,10:10,18,42.75,-23737.5,140.72,-23878.22,100,3.0,off,621715.2099999995,1621715.2099999995
2022-09-22,09:15,17633.1,17636.0,19.4,2022-09-22,17750,17550,36.65,52.2,0.05,0.1,False,False,15:25,15:25,18,88.85,39915.0,150.99,39764.01,100,3.0,off,661479.2199999995,1661479.2199999995
2022-09-29,09:15,17001.9,16842.9,21.54,2022-09-29,17100,16900,20.0,17.3,0.05,53.1,False,True,15:25,11:50,19,37.3,-7528.75,130.69,-7659.44,100,3.0,off,653819.7799999996,1653819.7799999996
2022-10-06,09:15,17408.8,17317.0,19.63,2022-10-06,17500,17300,18.15,20.15,0.05,0.05,False,False,15:25,15:25,19,38.3,18145.0,120.16,18024.84,100,3.0,off,671844.6199999995,1671844.6199999996
2022-10-13,09:15,17093.2,17017.8,20.39,2022-10-13,17200,17000,16.55,32.85,0.1,0.05,False,False,15:25,15:25,19,49.4,23393.75,127.62,23266.13,100,3.0,off,695110.7499999995,1695110.7499999995
2022-10-20,09:15,17435.9,17565.2,17.43,2022-10-20,17550,17350,7.25,20.5,21.9,0.05,True,False,10:47,15:25,19,27.75,2755.0,117.68,2637.32,100,3.0,off,697748.0699999995,1697748.0699999994
2022-10-27,09:15,17754.0,17758.9,16.78,2022-10-27,17850,17650,14.75,11.6,0.1,0.05,False,False,15:25,15:25,18,26.35,11790.0,111.2,11678.8,100,3.0,off,709426.8699999995,1709426.8699999996
2022-11-03,09:15,18001.4,18048.0,16.36,2022-11-03,18100,17900,13.25,20.0,42.65,0.05,True,False,10:27,15:25,18,33.25,-4252.5,124.11,-4376.61,100,3.0,off,705050.2599999995,1705050.2599999995
2022-11-10,09:15,18070.3,18036.8,16.05,2022-11-10,18150,17950,15.8,7.1,0.1,0.05,False,False,15:25,15:25,18,22.9,10237.5,109.01,10128.49,100,3.0,off,715178.7499999995,1715178.7499999995
2022-11-17,09:15,18373.6,18334.0,15.23,2022-11-17,18450,18250,11.55,7.0,0.05,0.05,False,False,15:25,15:25,18,18.55,8302.5,106.23,8196.27,100,3.0,off,723375.0199999996,1723375.0199999996
2022-12-01,09:15,18857.7,18801.0,13.63,2022-12-01,18950,18750,7.6,8.85,0.05,0.1,False,False,15:25,15:25,17,16.45,6927.5,104.32,6823.18,100,3.0,off,730198.1999999996,1730198.1999999997
2022-12-08,09:15,18563.4,18614.4,14.03,2022-12-08,18650,18450,15.6,8.8,0.05,0.05,False,False,15:25,15:25,17,24.4,10327.5,109.09,10218.41,100,3.0,off,740416.6099999996,1740416.6099999996
2022-12-15,09:15,18641.1,18399.8,12.81,2022-12-15,18750,18550,5.3,11.8,0.05,38.45,False,True,15:25,12:54,17,17.1,-9095.0,111.96,-9206.96,100,3.0,off,731209.6499999997,1731209.6499999997
2022-12-22,09:15,18316.7,18114.7,15.0,2022-12-22,18400,18200,20.15,18.95,0.05,57.3,False,True,15:25,09:36,18,39.1,-8212.5,130.76,-8343.26,100,3.0,off,722866.3899999997,1722866.3899999997
2022-12-29,09:15,18040.7,18210.4,15.63,2022-12-29,18150,17950,11.45,18.45,34.85,0.05,True,False,15:05,15:25,18,29.9,-2250.0,120.41,-2370.41,100,3.0,off,720495.9799999996,1720495.9799999995
2023-01-05,09:15,18066.4,17999.8,15.11,2023-01-05,18150,17950,21.7,13.2,0.05,40.8,False,True,15:25,12:42,18,34.9,-2677.5,124.78,-2802.28,100,3.0,off,717693.6999999996,1717693.6999999997
2023-01-12,09:15,17902.7,17866.0,15.57,2023-01-12,18000,17800,24.85,21.2,0.05,0.05,False,False,15:25,15:25,18,46.05,20677.5,123.73,20553.77,100,3.0,off,738247.4699999996,1738247.4699999997
2023-01-19,09:15,18116.0,18089.0,14.43,2023-01-19,18200,18000,13.75,14.2,0.05,0.1,False,False,15:25,15:25,18,27.95,12510.0,112.22,12397.78,100,3.0,off,750645.2499999997,1750645.2499999995
2023-01-25,09:15,18078.6,17910.0,13.84,2023-01-25,18200,18000,7.05,13.4,0.05,40.2,False,True,15:25,09:55,18,20.45,-8910.0,115.47,-9025.47,100,3.0,off,741619.7799999997,1741619.7799999998
2023-02-02,09:15,17517.3,17611.8,17.21,2023-02-02,17600,17400,47.3,43.3,10.5,0.05,False,False,15:25,15:25,19,90.6,38023.75,157.5,37866.25,100,3.0,off,779486.0299999997,1779486.0299999998
2023-02-09,09:15,17826.5,17897.1,13.78,2023-02-09,17950,17750,13.75,20.65,0.05,0.05,False,False,15:25,15:25,18,34.4,15435.0,116.31,15318.69,100,3.0,off,794804.7199999996,1794804.7199999997
2023-02-23,09:15,17560.2,17523.8,15.48,2023-02-23,17650,17450,19.2,15.75,0.05,0.05,False,False,15:25,15:25,18,34.95,15682.5,116.67,15565.83,100,3.0,off,810370.5499999996,1810370.5499999996
2023-03-02,09:15,17441.3,17318.7,12.85,2023-03-02,17550,17350,7.7,12.9,0.05,39.9,False,True,15:25,13:40,19,20.6,-9191.25,116.67,-9307.92,100,3.0,off,801062.6299999995,1801062.6299999994
2023-03-09,09:15,17757.0,17582.8,12.49,2023-03-09,17850,17650,8.0,9.3,0.05,30.05,False,True,15:25,13:42,18,17.3,-5760.0,111.43,-5871.43,100,3.0,off,795191.1999999995,1795191.1999999995
2023-03-16,09:15,16944.7,17010.2,16.53,2023-03-16,17050,16850,20.0,22.4,0.05,0.05,False,False,15:25,15:25,19,42.4,20092.5,122.91,19969.59,100,3.0,off,815160.7899999995,1815160.7899999996
2023-03-23,09:15,17077.7,17068.5,15.0,2023-03-23,17200,17000,13.15,28.05,0.05,0.05,False,False,15:25,15:25,19,41.2,19522.5,122.11,19400.39,100,3.0,off,834561.1799999995,1834561.1799999995
2023-03-29,09:15,17004.2,17116.3,14.83,2023-03-29,17100,16900,10.9,14.7,0.05,0.1,False,False,15:25,15:25,19,25.6,12088.75,111.63,11977.12,100,3.0,off,846538.2999999995,1846538.2999999993
2023-04-13,09:15,17792.0,17828.2,12.2,2023-04-13,17900,17700,7.4,10.75,0.05,0.05,False,False,15:25,15:25,18,18.15,8122.5,105.97,8016.53,100,3.0,off,854554.8299999995,1854554.8299999996
2023-04-27,09:15,17802.8,17923.2,11.8,2023-04-27,17900,17700,5.1,7.75,15.35,0.05,True,False,15:14,15:25,18,12.85,-1147.5,105.66,-1253.16,100,3.0,off,853301.6699999995,1853301.6699999995
2023-05-11,09:15,18343.1,18304.5,12.98,2023-05-11,18450,18250,6.1,7.85,0.05,0.05,False,False,15:25,15:25,18,13.95,6232.5,103.3,6129.2,100,3.0,off,859430.8699999994,1859430.8699999994
2023-05-25,09:15,18267.5,18335.9,12.78,2023-05-25,18350,18150,10.55,6.4,0.05,0.05,False,False,15:25,15:25,18,16.95,7582.5,105.21,7477.29,100,3.0,off,866908.1599999995,1866908.1599999995
2023-06-01,09:15,18530.8,18486.1,11.77,2023-06-01,18650,18450,5.75,13.7,0.05,0.05,False,False,15:25,15:25,17,19.45,8223.75,106.12,8117.63,100,3.0,off,875025.7899999995,1875025.7899999996
2023-06-22,09:15,18844.5,18779.3,11.42,2023-06-22,18950,18750,5.9,9.4,0.05,0.05,False,False,15:25,15:25,17,15.3,6460.0,103.62,6356.38,100,3.0,off,881382.1699999995,1881382.1699999995
2023-06-28,09:15,18869.8,18991.9,10.67,2023-06-28,18950,18750,8.15,6.7,25.85,0.05,True,False,11:12,15:25,17,14.85,-4696.25,108.22,-4804.47,100,3.0,off,876577.6999999995,1876577.6999999995
2023-07-06,09:15,19387.0,19486.2,11.97,2023-07-06,19500,19300,8.15,19.6,24.65,0.1,True,False,10:27,15:25,17,27.75,1275.0,115.76,1159.24,100,3.0,off,877736.9399999995,1877736.9399999995
2023-07-13,09:15,19471.2,19443.2,10.77,2023-07-13,19550,19350,13.65,7.4,0.1,0.05,False,False,15:25,15:25,17,21.05,8882.5,107.08,8775.42,100,3.0,off,886512.3599999995,1886512.3599999994
2023-07-20,09:15,19834.5,19970.0,11.83,2023-07-20,19950,19750,8.5,21.55,33.0,0.1,True,False,14:26,15:25,16,30.05,-1220.0,117.29,-1337.29,100,3.0,off,885175.0699999995,1885175.0699999994
2023-07-27,09:15,19835.2,19700.2,10.43,2023-07-27,19950,19750,12.4,11.3,0.1,34.2,False,True,15:25,11:17,16,23.7,-4240.0,113.9,-4353.9,100,3.0,off,880821.1699999995,1880821.1699999995
2023-08-03,09:15,19449.5,19394.5,11.52,2023-08-03,19550,19350,13.0,17.7,0.1,55.2,False,True,15:25,14:11,17,30.7,-10455.0,123.3,-10578.3,100,3.0,off,870242.8699999994,1870242.8699999994
2023-08-10,09:15,19606.0,19549.2,11.25,2023-08-10,19700,19500,13.1,19.4,0.05,0.05,False,False,15:25,15:25,17,32.5,13770.0,113.95,13656.05,100,3.0,off,883898.9199999995,1883898.9199999995
2023-08-17,09:15,19441.0,19346.2,12.3,2023-08-17,19550,19350,9.6,16.95,0.05,0.05,False,False,15:25,15:25,17,26.55,11241.25,110.38,11130.87,100,3.0,off,895029.7899999995,1895029.7899999996
2023-08-24,09:15,19517.0,19380.4,11.02,2023-08-24,19600,19400,8.8,6.2,0.05,13.25,False,False,15:25,15:25,17,15.0,722.5,105.93,616.57,100,3.0,off,895646.3599999994,1895646.3599999994
2023-08-31,09:15,19362.8,19279.5,11.9,2023-08-31,19450,19250,6.5,8.45,0.05,0.15,False,False,15:25,15:25,17,14.95,6268.75,103.43,6165.32,100,3.0,off,901811.6799999994,1901811.6799999992
2023-09-14,09:15,20124.5,20101.8,11.68,2023-09-14,20200,20000,15.1,10.25,0.05,0.05,False,False,15:25,15:25,16,25.35,10100.0,108.76,9991.24,100,3.0,off,911802.9199999993,1911802.9199999995
2023-09-21,09:15,19840.0,19748.8,11.1,2023-09-21,19950,19750,6.35,12.45,0.05,39.4,False,True,15:25,10:06,16,18.8,-8260.0,112.05,-8372.05,100,3.0,off,903430.8699999993,1903430.8699999992
2023-09-28,09:15,19744.3,19553.3,11.54,2023-09-28,19850,19650,6.95,14.3,0.1,43.2,False,True,15:25,09:44,16,21.25,-8820.0,114.12,-8934.12,100,3.0,off,894496.7499999993,1894496.7499999993
2023-10-05,09:15,19522.6,19546.6,11.41,2023-10-05,19600,19400,9.2,6.9,0.05,0.05,False,False,15:25,15:25,17,16.1,6800.0,104.1,6695.9,100,3.0,off,901192.6499999993,1901192.6499999994
2023-10-19,09:15,19558.7,19611.9,11.02,2023-10-19,19650,19450,7.75,5.75,30.2,0.05,True,False,11:28,15:25,17,13.5,-7118.75,108.23,-7226.98,100,3.0,off,893965.6699999993,1893965.6699999995
2023-10-26,09:15,19024.2,18848.5,11.7,2023-10-26,19100,18900,18.3,12.95,0.1,44.85,False,True,15:25,10:13,17,31.25,-5822.5,121.68,-5944.18,100,3.0,off,888021.4899999993,1888021.4899999993
2023-11-02,09:15,19137.1,19144.8,11.26,2023-11-02,19250,19050,7.25,11.2,0.05,0.05,False,False,15:25,15:25,17,18.45,7798.75,105.51,7693.24,100,3.0,off,895714.7299999993,1895714.7299999993
2023-11-23,09:15,19847.7,19811.0,11.84,2023-11-23,19950,19750,5.0,6.2,0.05,0.05,False,False,15:25,15:25,16,11.2,4440.0,100.76,4339.24,100,3.0,off,900053.9699999993,1900053.9699999993
2023-11-30,09:15,20130.8,20127.2,12.22,2023-11-30,20250,20050,5.6,13.45,0.05,44.7,False,True,15:25,09:54,16,19.05,-10280.0,113.14,-10393.14,100,3.0,off,889660.8299999993,1889660.8299999991
2023-12-07,09:15,20873.8,20916.1,13.26,2023-12-07,20950,20750,16.9,9.2,0.05,0.05,False,False,15:25,15:25,15,26.1,9750.0,108.26,9641.74,100,3.0,off,899302.5699999993,1899302.5699999994
2023-12-14,09:15,21094.0,21195.2,11.86,2023-12-14,21200,21000,6.15,10.3,18.8,0.05,True,False,09:52,15:25,15,16.45,-900.0,106.27,-1006.27,100,3.0,off,898296.2999999992,1898296.2999999993
2023-12-21,09:15,21021.2,21283.0,14.55,2023-12-21,21100,20900,30.65,37.35,99.55,0.1,True,False,12:04,15:25,15,68.0,-11868.75,147.08,-12015.83,100,3.0,off,886280.4699999993,1886280.4699999993
2023-12-28,09:15,21713.0,21773.7,15.65,2023-12-28,21800,21600,25.75,17.45,0.15,0.15,False,False,15:25,15:25,15,43.2,16087.5,117.36,15970.14,100,3.0,off,902250.6099999993,1902250.6099999994
2024-01-04,09:15,21582.8,21669.6,14.04,2024-01-04,21700,21500,6.95,17.55,0.1,0.05,False,False,15:25,15:25,15,24.5,9131.25,107.42,9023.83,100,3.0,off,911274.4399999992,1911274.4399999992
2024-01-11,09:15,21703.2,21669.4,12.9,2024-01-11,21800,21600,8.6,10.15,0.05,0.05,False,False,15:25,15:25,15,18.75,6993.75,104.36,6889.39,100,3.0,off,918163.8299999993,1918163.8299999991
2024-01-18,09:15,21446.1,21477.2,15.22,2024-01-18,21550,21350,20.25,27.6,0.05,84.0,False,True,15:25,09:56,15,47.85,-13575.0,133.79,-13708.79,100,3.0,off,904455.0399999992,1904455.039999999
2024-01-25,09:15,21436.0,21370.8,14.53,2024-01-25,21550,21350,30.0,37.9,0.1,115.55,False,True,15:25,10:54,15,67.9,-17906.25,149.7,-18055.95,100,3.0,off,886399.0899999993,1886399.0899999994
2024-02-01,09:15,21736.1,21690.3,16.05,2024-02-01,21850,21650,81.65,98.95,0.05,0.05,False,False,15:25,15:25,15,180.6,67687.5,190.22,67497.28,100,3.0,off,953896.3699999993,1953896.3699999992
2024-02-08,09:15,21980.0,21759.7,15.49,2024-02-08,22100,21900,21.15,25.65,0.05,86.5,False,True,15:25,10:57,15,46.8,-14906.25,133.66,-15039.91,100,3.0,off,938856.4599999993,1938856.4599999993
2024-02-15,09:15,21896.4,21927.0,15.17,2024-02-15,22000,21800,23.9,25.9,0.05,0.05,False,False,15:25,15:25,15,49.8,18637.5,120.84,18516.66,100,3.0,off,957373.1199999993,1957373.1199999992
2024-02-22,09:15,22050.3,22216.9,15.77,2024-02-22,22150,21950,23.85,28.55,78.45,90.75,True,True,15:12,10:00,15,52.4,-43800.0,150.4,-43950.4,100,3.0,off,913422.7199999993,1913422.7199999993
2024-02-29,09:15,21924.5,22042.0,16.4,2024-02-29,22000,21800,40.35,34.6,0.25,0.05,False,False,15:25,15:25,15,74.95,27993.75,134.21,27859.54,100,3.0,off,941282.2599999993,1941282.2599999993
2024-03-07,09:15,22498.2,22483.5,14.33,2024-03-07,22600,22400,19.05,27.15,0.05,0.05,False,False,15:25,15:25,14,46.2,16135.0,117.29,16017.71,100,3.0,off,957299.9699999993,1957299.9699999993
2024-03-14,09:15,21954.2,22153.0,14.57,2024-03-14,22050,21850,34.25,35.0,108.95,0.05,True,False,11:33,15:25,15,69.25,-14906.25,149.3,-15055.55,100,3.0,off,942244.4199999992,1942244.4199999992
2024-03-21,09:15,22005.3,22014.6,13.15,2024-03-21,22100,21900,20.6,21.55,0.05,0.05,False,False,15:25,15:25,15,42.15,15768.75,116.78,15651.97,100,3.0,off,957896.3899999992,1957896.3899999992
2024-03-28,09:15,22177.3,22343.1,12.76,2024-03-28,22300,22100,10.8,18.15,40.9,0.1,True,False,09:44,15:25,15,28.95,-4518.75,116.59,-4635.34,100,3.0,off,953261.0499999992,1953261.0499999993
2024-04-04,09:15,22562.5,22541.2,11.18,2024-04-04,22650,22450,16.85,17.9,0.05,54.05,False,True,15:25,09:34,14,34.75,-6772.5,120.02,-6892.52,100,3.0,off,946368.5299999992,1946368.5299999993
2024-04-10,09:15,22699.0,22735.0,11.29,2024-04-10,22800,22600,15.45,25.25,0.05,0.05,False,False,15:25,15:25,14,40.7,14210.0,114.57,14095.43,100,3.0,off,960463.9599999993,1960463.9599999993
2024-04-18,09:15,22250.0,22045.8,12.58,2024-04-18,22350,22150,14.55,20.7,0.05,112.05,False,True,15:25,13:26,14,35.25,-26897.5,129.29,-27026.79,100,3.0,off,933437.1699999992,1933437.1699999992
2024-04-25,09:15,22344.5,22559.2,10.53,2024-04-25,22450,22250,15.8,18.8,52.6,0.1,True,False,10:12,15:25,14,34.6,-6335.0,119.73,-6454.73,100,3.0,off,926982.4399999992,1926982.4399999992
2024-05-02,09:15,22648.8,22656.8,13.87,2024-05-02,22750,22550,31.9,27.5,0.1,0.05,False,False,15:25,15:25,14,59.4,20737.5,123.83,20613.67,100,3.0,off,947596.1099999993,1947596.1099999994
2024-05-09,09:15,22290.7,21968.2,17.41,2024-05-09,22400,22200,31.1,33.7,0.05,109.45,False,True,15:25,10:25,14,64.8,-15645.0,143.51,-15788.51,100,3.0,off,931807.5999999993,1931807.5999999992
2024-05-16,09:15,22292.8,22392.3,20.37,2024-05-16,22400,22200,17.75,29.5,5.1,94.6,False,True,15:25,10:22,14,47.25,-18357.5,133.3,-18490.8,100,3.0,off,913316.7999999992,1913316.7999999993
2024-05-23,09:15,22593.5,22951.0,21.72,2024-05-23,22700,22500,26.25,30.35,84.05,0.05,True,False,10:20,15:25,14,56.6,-9625.0,135.5,-9760.5,100,3.0,off,903556.2999999992,1903556.2999999993
2024-05-30,09:15,22653.9,22557.1,23.8,2024-05-30,22750,22550,34.05,36.35,0.05,113.85,False,True,15:25,14:58,14,70.4,-15225.0,146.98,-15371.98,100,3.0,off,888184.3199999993,1888184.3199999994
2024-06-06,09:15,22697.0,22849.0,17.3,2024-06-06,22800,22600,80.25,88.55,21.2,0.05,False,False,15:25,15:25,14,168.8,51642.5,181.28,51461.22,100,3.0,off,939645.5399999992,1939645.539999999
2024-06-13,09:15,23438.1,23399.3,13.93,2024-06-13,23550,23350,19.7,33.2,0.05,0.05,False,False,15:25,15:25,14,52.9,18480.0,120.6,18359.4,100,3.0,off,958004.9399999992,1958004.9399999992
2024-06-20,09:15,23535.0,23579.2,13.71,2024-06-20,23650,23450,25.85,44.65,0.05,0.05,False,False,15:25,15:25,14,70.5,24640.0,129.32,24510.68,100,3.0,off,982515.6199999993,1982515.6199999992
2024-06-27,09:15,23834.2,24036.1,14.05,2024-06-27,23950,23750,27.75,45.5,88.45,0.1,True,False,12:12,15:25,13,73.25,-4972.5,140.87,-5113.37,100,3.0,off,977402.2499999993,1977402.2499999993
2024-07-04,09:15,24347.3,24304.7,13.21,2024-07-04,24450,24250,21.8,30.9,0.05,0.05,False,False,15:25,15:25,13,52.7,17095.0,118.64,16976.36,100,3.0,off,994378.6099999993,1994378.6099999994
2024-07-11,09:15,24378.1,24338.5,14.43,2024-07-11,24500,24300,13.35,28.75,0.05,104.1,False,True,15:25,12:03,13,42.1,-20166.25,128.8,-20295.05,100,3.0,off,974083.5599999992,1974083.5599999991
2024-07-18,09:15,24562.6,24779.3,13.96,2024-07-18,24650,24450,23.35,22.3,72.05,0.1,True,False,13:10,15:25,13,45.65,-8612.5,125.81,-8738.31,100,3.0,off,965345.2499999992,1965345.249999999
2024-07-25,09:15,24251.2,24415.0,11.92,2024-07-25,24350,24150,32.8,44.8,53.25,0.05,False,False,15:25,15:25,13,77.6,7897.5,137.77,7759.73,100,3.0,off,973104.9799999992,1973104.979999999
2024-08-01,09:15,25030.0,25006.0,13.08,2024-08-01,25150,24950,21.05,38.55,0.05,0.05,False,False,15:25,15:25,13,59.6,19337.5,121.81,19215.69,100,3.0,off,992320.6699999991,1992320.669999999
2024-08-08,09:15,24234.5,24098.7,15.26,2024-08-08,24350,24150,34.4,44.9,0.1,33.9,False,False,15:25,15:25,13,79.3,14722.5,135.77,14586.73,100,3.0,off,1006907.3999999991,2006907.399999999
2024-08-14,09:15,24143.5,24144.5,14.84,2024-08-14,24250,24050,32.75,32.0,0.05,0.15,False,False,15:25,15:25,13,64.75,20978.75,124.19,20854.56,100,3.0,off,1027761.9599999991,2027761.959999999
2024-08-22,09:15,24828.5,24810.9,13.32,2024-08-22,24950,24750,11.0,25.3,0.05,0.05,False,False,15:25,15:25,13,36.3,11765.0,111.1,11653.9,100,3.0,off,1039415.8599999992,2039415.8599999992
2024-08-29,09:15,25035.0,25156.8,13.96,2024-08-29,25150,24950,12.65,22.85,42.45,0.15,True,False,12:29,15:25,13,35.5,-2307.5,116.88,-2424.38,100,3.0,off,1036991.4799999992,2036991.479999999
2024-09-05,09:15,25244.5,25144.8,13.95,2024-09-05,25350,25150,12.7,19.0,0.05,4.0,False,False,15:25,15:25,13,31.7,8986.25,109.56,8876.69,100,3.0,off,1045868.1699999991,2045868.169999999
2024-09-12,09:15,25028.8,25315.0,11.85,2024-09-12,25150,24950,13.8,28.3,43.65,0.05,True,False,14:04,15:25,13,42.1,-520.0,120.07,-640.07,100,3.0,off,1045228.0999999992,2045228.0999999992
2024-09-19,09:15,25533.9,25445.0,12.36,2024-09-19,25650,25450,25.45,35.6,0.05,34.25,False,False,15:25,15:25,13,61.05,8693.75,127.42,8566.33,100,3.0,off,1053794.4299999992,2053794.4299999992
2024-09-26,09:15,26012.2,26184.7,12.62,2024-09-26,26100,25900,32.55,21.15,112.45,0.15,True,False,14:36,15:25,12,53.7,-17670.0,132.21,-17802.21,100,3.0,off,1035992.2199999993,2035992.2199999993
2024-10-03,09:15,25545.3,25266.0,13.02,2024-10-03,25650,25450,42.2,54.5,0.1,164.1,False,True,15:25,13:40,13,96.7,-21937.5,162.57,-22100.07,100,3.0,off,1013892.1499999993,2013892.1499999994
2024-10-10,09:15,25053.7,25007.5,13.68,2024-10-10,25150,24950,38.9,41.7,0.05,0.1,False,False,15:25,15:25,13,80.6,26146.25,131.47,26014.78,100,3.0,off,1039906.9299999994,2039906.9299999992
2024-10-17,09:15,25001.2,24750.2,13.08,2024-10-17,25100,24900,23.8,23.8,0.1,76.7,False,True,15:25,09:38,13,47.6,-9490.0,127.38,-9617.38,100,3.0,off,1030289.5499999993,2030289.5499999993
2024-10-24,09:15,24463.0,24414.6,14.72,2024-10-24,24550,24350,44.2,34.25,0.05,0.05,False,False,15:25,15:25,13,78.45,25463.75,130.48,25333.27,100,3.0,off,1055622.8199999994,2055622.8199999994
2024-10-31,09:15,24302.1,24238.5,15.96,2024-10-31,24400,24200,32.5,34.9,0.1,0.15,False,False,15:25,15:25,13,67.4,21823.75,125.43,21698.32,100,3.0,off,1077321.1399999994,2077321.1399999994
2024-11-07,09:15,24443.0,24194.6,15.05,2024-11-07,24550,24350,29.15,36.25,0.05,109.9,False,True,15:25,09:58,13,65.4,-14478.75,140.35,-14619.1,100,3.0,off,1062702.0399999993,2062702.0399999993
2024-11-14,09:15,23599.8,23559.6,14.82,2024-11-14,23700,23500,46.4,56.7,0.1,0.05,False,False,15:25,15:25,14,103.1,36032.5,145.47,35887.03,100,3.0,off,1098589.0699999994,2098589.0699999994
2024-11-21,09:15,23446.8,23346.8,15.66,2024-11-21,23550,23350,41.35,107.15,0.05,0.3,False,False,15:25,15:25,4,148.5,44445.0,157.46,44287.54,100,3.0,off,1142876.6099999994,2142876.6099999994
2024-11-28,09:15,24300.7,23957.5,14.38,2024-11-28,24400,24200,34.5,30.3,0.05,92.0,False,True,15:25,10:35,4,64.8,-8175.0,134.18,-8309.18,100,3.0,off,1134567.4299999995,2134567.4299999997
2024-12-05,09:15,24500.0,24701.5,14.47,2024-12-05,24600,24400,64.0,78.4,194.35,0.2,True,False,14:12,15:25,4,142.4,-15645.0,180.78,-15825.78,100,3.0,off,1118741.6499999994,2118741.6499999994
2024-12-12,09:15,24626.2,24539.5,13.14,2024-12-12,24750,24550,16.35,22.15,0.1,0.7,False,False,15:25,15:25,4,38.5,11310.0,110.84,11199.16,100,3.0,off,1129940.8099999994,2129940.8099999996
2024-12-19,09:15,23954.7,23962.0,14.93,2024-12-19,24050,23850,54.6,59.5,0.1,0.05,False,False,15:25,15:25,4,114.1,34185.0,142.84,34042.16,100,3.0,off,1163982.9699999993,2163982.9699999993
2024-12-26,09:15,23794.8,23760.3,13.27,2024-12-26,23900,23700,29.45,28.05,0.1,0.05,False,False,15:25,15:25,4,57.5,17205.0,118.82,17086.18,100,3.0,off,1181069.1499999992,2181069.1499999994
2025-01-02,09:15,23787.6,24168.0,14.45,2025-01-02,23900,23700,64.09,70.34,211.5,0.05,True,False,12:31,15:25,4,134.43,-23136.0,179.66,-23315.66,100,3.0,off,1157753.4899999993,2157753.4899999993
2025-01-09,09:15,23643.7,23557.2,14.57,2025-01-09,23750,23550,20.7,27.1,0.1,24.8,False,False,15:25,15:25,4,47.8,6870.0,118.01,6751.99,100,3.0,off,1164505.4799999993,2164505.4799999995
2025-01-16,09:15,23334.0,23350.8,15.13,2025-01-16,23450,23250,14.85,19.85,0.1,0.05,False,False,15:25,15:25,4,34.7,10365.0,109.15,10255.85,100,3.0,off,1174761.3299999994,2174761.329999999
2025-01-23,09:15,23099.6,23216.3,16.85,2025-01-23,23200,23000,19.6,15.8,59.05,0.05,True,False,10:28,15:25,4,35.4,-7110.0,117.3,-7227.3,100,3.0,off,1167534.0299999993,2167534.0299999993
2025-01-30,09:15,23145.7,23298.0,18.8,2025-01-30,23250,23050,87.55,114.3,0.4,0.1,False,False,15:25,15:25,4,201.85,60405.0,180.13,60224.87,100,3.0,off,1227758.8999999994,2227758.8999999994
2025-02-06,09:15,23723.7,23628.0,14.23,2025-02-06,23800,23600,36.5,22.5,0.05,0.1,False,False,15:25,15:25,4,59.0,17655.0,119.46,17535.54,100,3.0,off,1245294.4399999995,2245294.4399999995
2025-02-13,09:15,23097.3,23019.4,15.15,2025-02-13,23200,23000,43.65,42.95,0.1,0.1,False,False,15:25,15:25,4,86.6,25920.0,131.18,25788.82,100,3.0,off,1271083.2599999995,2271083.26
2025-02-20,09:15,22860.6,22906.2,15.68,2025-02-20,22950,22750,48.05,34.0,0.1,0.05,False,False,15:25,15:25,4,82.05,24570.0,129.23,24440.77,100,3.0,off,1295524.0299999996,2295524.0299999993
2025-02-27,09:15,22584.6,22510.8,13.79,2025-02-27,22700,22500,6.75,17.95,0.05,0.1,False,False,15:25,15:25,4,24.7,7365.0,104.9,7260.1,100,3.0,off,1302784.1299999997,2302784.13
2025-03-06,09:15,22452.0,22529.2,13.55,2025-03-06,22550,22350,16.35,26.55,0.1,81.59,False,True,15:25,09:31,4,42.9,-11637.0,123.5,-11760.5,100,3.0,off,1291023.6299999997,2291023.63
2025-03-13,09:15,22503.7,22383.3,13.68,2025-03-13,22600,22400,18.55,25.1,0.05,1.35,False,False,15:25,15:25,4,43.65,12675.0,113.11,12561.89,100,3.0,off,1303585.5199999996,2303585.5199999996
2025-03-20,09:15,23007.8,23165.7,13.27,2025-03-20,23100,22900,25.1,31.1,82.5,0.05,True,False,13:22,15:25,4,56.2,-7905.0,129.25,-8034.25,100,3.0,off,1295551.2699999996,2295551.2699999996
2025-03-27,09:15,23452.7,23601.0,13.61,2025-03-27,23550,23350,28.15,32.7,90.2,0.2,True,False,10:04,15:25,4,60.85,-8865.0,132.27,-8997.27,100,3.0,off,1286553.9999999995,2286553.9999999995
2025-04-03,09:15,23192.2,23241.6,14.08,2025-04-03,23300,23100,16.35,40.2,0.1,0.1,False,False,15:25,15:25,4,56.55,16905.0,118.42,16786.58,100,3.0,off,1303340.5799999996,2303340.5799999996
2025-04-09,09:15,22409.7,22420.4,20.87,2025-04-09,22500,22300,99.1,113.2,0.05,0.1,False,False,15:25,15:25,4,212.3,63645.0,184.51,63460.49,100,3.0,off,1366801.0699999996,2366801.0699999994
2025-04-17,09:15,23377.5,23837.8,15.73,2025-04-17,23500,23300,15.05,20.3,47.8,0.15,True,False,11:12,15:25,4,35.35,-3780.0,115.79,-3895.79,100,3.0,off,1362905.2799999996,2362905.2799999993
2025-04-24,09:15,24279.2,24245.0,16.32,2025-04-24,24400,24200,14.75,20.14,0.15,0.1,False,False,15:25,15:25,4,34.89,10392.0,109.24,10282.76,100,3.0,off,1373188.0399999996,2373188.0399999996
2025-04-30,09:15,24279.8,24246.2,17.84,2025-04-30,24400,24200,11.35,25.2,0.1,0.2,False,False,15:25,15:25,4,36.55,10875.0,109.95,10765.05,100,3.0,off,1383953.0899999996,2383953.09
2025-05-08,09:15,24437.2,24154.1,18.74,2025-05-08,24550,24350,10.1,14.85,0.05,47.8,False,True,15:25,14:52,4,24.95,-6870.0,111.37,-6981.37,100,3.0,off,1376971.7199999995,2376971.7199999997
2025-05-15,09:15,24640.6,25035.3,17.29,2025-05-15,24750,24550,33.0,44.1,111.4,0.05,True,False,10:40,15:25,4,77.1,-10305.0,141.98,-10446.98,100,3.0,off,1366524.7399999995,2366524.7399999993
2025-05-22,09:15,24704.7,24637.0,17.78,2025-05-22,24800,24600,59.75,61.3,0.1,0.05,False,False,15:25,15:25,4,121.05,36270.0,145.79,36124.21,100,3.0,off,1402648.9499999995,2402648.9499999993
2025-05-29,09:15,24884.5,24880.8,17.19,2025-05-29,25000,24800,57.45,47.15,0.05,145.55,False,True,15:25,12:39,4,104.6,-12300.0,158.21,-12458.21,100,3.0,off,1390190.7399999995,2390190.7399999993
2025-06-05,09:15,24661.6,24761.1,15.82,2025-06-05,24750,24550,26.0,20.05,83.2,0.1,True,False,12:03,15:25,4,46.05,-11175.0,125.05,-11300.05,100,3.0,off,1378890.6899999995,2378890.6899999995
2025-06-12,09:15,25129.4,24856.0,13.91,2025-06-12,25250,25050,19.75,35.25,0.1,127.8,False,True,15:25,13:33,4,55.0,-21870.0,134.79,-22004.79,100,3.0,off,1356885.8999999994,2356885.8999999994
2025-06-19,09:15,24783.9,24744.7,14.21,2025-06-19,24900,24700,20.7,28.15,0.1,0.1,False,False,15:25,15:25,4,48.85,14595.0,115.16,14479.84,100,3.0,off,1371365.7399999995,2371365.7399999993
2025-06-26,09:15,25282.3,25530.4,12.8,2025-06-26,25400,25200,19.2,23.25,60.1,0.15,True,False,09:30,15:25,4,42.45,-5340.0,120.45,-5460.45,100,3.0,off,1365905.2899999996,2365905.2899999996
2025-07-03,09:15,25484.0,25397.4,12.4,2025-07-03,25600,25400,17.55,28.4,0.1,0.2,False,False,15:25,15:25,4,45.95,13695.0,113.94,13581.06,100,3.0,off,1379486.3499999996,2379486.3499999996
2025-07-10,09:15,25483.0,25348.2,11.87,2025-07-10,25600,25400,16.1,20.7,0.05,38.1,False,False,15:25,15:25,4,36.8,-405.0,115.11,-520.11,100,3.0,off,1378966.2399999995,2378966.2399999993
2025-07-17,09:15,25220.0,25109.5,11.27,2025-07-17,25300,25100,18.8,10.25,0.05,0.05,False,False,15:25,15:25,4,29.05,8685.0,106.74,8578.26,100,3.0,off,1387544.4999999995,2387544.4999999995
2025-07-24,09:15,25219.5,25051.9,10.47,2025-07-24,25300,25100,15.85,9.35,0.05,28.95,False,True,15:25,11:34,4,25.2,-1140.0,108.96,-1248.96,100,3.0,off,1386295.5399999996,2386295.5399999996
2025-07-31,09:15,24699.1,24765.6,11.9,2025-07-31,24800,24600,21.55,38.5,65.4,0.1,True,False,11:48,15:25,4,60.05,-1635.0,128.62,-1763.62,100,3.0,off,1384531.9199999995,2384531.9199999995
2025-08-07,09:15,24501.7,24626.7,11.83,2025-08-07,24600,24400,23.65,23.35,0.3,0.1,False,False,15:25,15:25,4,47.0,13980.0,114.4,13865.6,100,3.0,off,1398397.5199999996,2398397.5199999996
2025-08-14,09:15,24645.0,24616.0,12.28,2025-08-14,24750,24550,18.1,22.25,0.1,0.05,False,False,15:25,15:25,4,40.35,12060.0,111.54,11948.46,100,3.0,off,1410345.9799999995,2410345.9799999995
2025-08-21,09:15,25095.4,25077.0,11.87,2025-08-21,25200,25000,13.05,18.7,0.05,0.1,False,False,15:25,15:25,4,31.75,9480.0,107.89,9372.11,100,3.0,off,1419718.0899999996,2419718.09
2025-08-28,09:15,24615.5,24533.1,12.19,2025-08-28,24700,24500,24.45,22.0,0.15,0.15,False,False,15:25,15:25,4,46.45,13845.0,114.16,13730.84,100,3.0,off,1433448.9299999997,2433448.9299999997
2025-09-02,09:15,24675.8,24575.0,11.22,2025-09-02,24800,24600,9.35,18.4,0.1,55.45,False,True,15:25,14:03,4,27.75,-8340.0,113.58,-8453.58,100,3.0,off,1424995.3499999996,2424995.3499999996
2025-09-09,09:15,24867.5,24878.8,10.84,2025-09-09,24950,24750,19.5,14.75,0.05,0.1,False,False,15:25,15:25,4,34.25,10230.0,108.95,10121.05,100,3.0,off,1435116.3999999997,2435116.3999999994
2025-09-16,09:15,25094.8,25254.5,10.39,2025-09-16,25200,25000,9.25,13.5,28.95,0.05,True,False,09:59,15:25,4,22.75,-1875.0,107.93,-1982.93,100,3.0,off,1433133.4699999997,2433133.4699999997
2025-09-23,09:15,25237.5,25185.8,10.3,2025-09-23,25350,25150,13.45,13.75,0.05,46.0,False,True,15:25,09:42,4,27.2,-5655.0,112.08,-5767.08,100,3.0,off,1427366.3899999997,2427366.3899999997
2025-09-30,09:15,24710.3,24633.6,11.26,2025-09-30,24800,24600,21.2,15.65,0.05,48.65,False,True,15:25,10:36,4,36.85,-3555.0,116.53,-3671.53,100,3.0,off,1423694.8599999996,2423694.8599999994
2025-10-07,09:15,25122.5,25112.8,10.3,2025-10-07,25200,25000,16.55,11.15,0.05,0.05,False,False,15:25,15:25,4,27.7,8280.0,106.17,8173.83,100,3.0,off,1431868.6899999997,2431868.6899999995
2025-10-14,09:15,25291.7,25123.3,10.89,2025-10-14,25400,25200,16.3,19.0,0.05,62.8,False,True,15:25,10:02,4,35.3,-8265.0,117.76,-8382.76,100,3.0,off,1423485.9299999997,2423485.9299999997
2025-10-20,09:15,25905.1,25850.7,11.33,2025-10-20,26000,25800,33.6,18.0,0.05,62.75,False,True,15:25,09:46,3,51.6,-2520.0,117.11,-2637.11,100,3.0,off,1420848.8199999996,2420848.8199999994
2025-10-28,09:15,25986.8,25965.4,12.21,2025-10-28,26100,25900,38.8,29.3,0.1,0.1,False,False,15:25,15:25,3,68.1,15277.5,116.1,15161.4,100,3.0,off,1436010.2199999995,2436010.2199999997
2025-11-04,09:15,25768.7,25586.2,12.87,2025-11-04,25850,25650,36.75,23.1,0.1,51.7,False,False,15:25,15:25,3,59.85,1811.25,118.63,1692.62,100,3.0,off,1437702.8399999996,2437702.84
2025-11-11,09:15,25612.8,25705.5,12.41,2025-11-11,25700,25500,25.0,15.85,0.1,47.55,False,True,15:25,09:35,4,40.85,-2040.0,118.09,-2158.09,100,3.0,off,1435544.7499999995,2435544.7499999995
2025-11-18,09:15,25945.5,25894.7,11.83,2025-11-18,26050,25850,21.85,25.25,0.05,0.1,False,False,15:25,15:25,3,47.1,10563.75,109.41,10454.34,100,3.0,off,1445999.0899999996,2445999.09
2025-11-25,09:15,25935.6,25860.3,12.52,2025-11-25,26050,25850,24.8,24.1,0.1,0.05,False,False,15:25,15:25,3,48.9,10968.75,109.98,10858.77,100,3.0,off,1456857.8599999996,2456857.8599999994
2025-12-02,09:15,26110.2,26057.0,11.37,2025-12-02,26200,26000,21.2,16.1,0.05,0.05,False,False,15:25,15:25,3,37.3,8370.0,106.28,8263.72,100,3.0,off,1465121.5799999996,2465121.5799999996
2025-12-09,09:15,25857.2,25841.8,11.18,2025-12-09,25950,25750,26.25,16.35,0.1,50.3,False,True,15:25,09:48,3,42.6,-1755.0,112.99,-1867.99,100,3.0,off,1463253.5899999996,2463253.59
2025-12-16,09:15,25932.8,25851.3,10.09,2025-12-16,26050,25850,15.75,22.4,0.1,0.05,False,False,15:25,15:25,3,38.15,8550.0,106.55,8443.45,100,3.0,off,1471697.0399999996,2471697.0399999996
2025-12-23,09:15,26167.8,26166.0,9.76,2025-12-23,26250,26050,19.1,10.55,0.05,0.05,False,False,15:25,15:25,3,29.65,6648.75,103.84,6544.91,100,3.0,off,1478241.9499999995,2478241.9499999993
2025-12-30,09:15,25902.2,25970.5,9.87,2025-12-30,25950,25800,22.6,8.94,0.1,0.05,False,False,15:25,15:25,3,31.54,7062.75,104.45,6958.3,100,3.0,off,1485200.2499999995,2485200.2499999995
2026-01-06,09:15,26235.8,26174.7,10.07,2026-01-06,26350,26150,10.35,12.65,0.05,0.05,False,False,15:25,15:25,4,23.0,5954.0,102.87,5851.13,100,3.0,off,1491051.3799999994,2491051.3799999994
2026-01-13,09:15,25853.0,25714.2,11.25,2026-01-13,25950,25750,23.55,23.25,0.1,70.2,False,True,15:25,09:32,4,46.8,-6110.0,119.73,-6229.73,100,3.0,off,1484821.6499999994,2484821.6499999994
2026-01-20,09:15,25558.0,25225.3,11.97,2026-01-20,25650,25450,21.45,19.85,0.1,65.34,False,True,15:25,09:54,4,41.3,-6276.4,117.15,-6393.55,100,3.0,off,1478428.0999999994,2478428.0999999996
2026-01-27,09:15,25113.0,25234.1,14.83,2026-01-27,25200,25000,63.0,41.75,0.15,0.05,False,False,15:25,15:25,4,104.75,27183.0,132.95,27050.05,100,3.0,off,1505478.1499999994,2505478.1499999994
2026-02-03,09:15,25781.8,25714.8,13.84,2026-02-03,25900,25700,153.0,215.0,0.05,0.05,False,False,15:25,15:25,4,368.0,95654.0,229.76,95424.24,100,3.0,off,1600902.3899999994,2600902.3899999997
2026-02-10,09:15,25910.1,25916.8,11.97,2026-02-10,26000,25800,20.65,17.1,0.05,0.1,False,False,15:25,15:25,4,37.75,9776.0,108.3,9667.7,100,3.0,off,1610570.0899999994,2610570.0899999994
2026-02-17,09:15,25605.8,25716.0,13.26,2026-02-17,25700,25500,20.75,17.9,63.95,0.05,True,False,10:27,15:25,4,38.65,-6591.0,116.01,-6707.01,100,3.0,off,1603863.0799999994,2603863.079999999
2026-02-24,09:15,25596.2,25460.2,14.17,2026-02-24,25700,25500,25.9,33.6,0.05,107.85,False,True,15:25,12:46,4,59.5,-12584.0,128.75,-12712.75,100,3.0,off,1591150.3299999994,2591150.329999999
2026-03-02,09:15,24860.8,24849.8,15.03,2026-03-02,24950,24750,67.7,80.5,0.1,0.05,False,False,15:25,15:25,4,148.2,38493.0,148.92,38344.08,100,3.0,off,1629494.4099999995,2629494.409999999
2026-03-10,09:15,24195.8,24286.2,20.82,2026-03-10,24300,24100,58.95,59.8,0.05,0.05,False,False,15:25,15:25,5,118.75,38561.25,149.01,38412.24,100,3.0,off,1667906.6499999994,2667906.6499999994
2026-03-17,09:15,23400.8,23558.8,21.1,2026-03-17,23500,23300,44.9,48.1,144.95,0.05,True,False,14:58,15:25,5,93.0,-16900.0,158.1,-17058.1,100,3.0,off,1650848.5499999993,2650848.5499999993
2026-03-24,09:15,22851.2,22958.4,25.14,2026-03-24,22950,22750,73.85,69.8,0.1,0.05,False,False,15:25,15:25,5,143.65,46637.5,160.47,46477.03,100,3.0,off,1697325.5799999994,2697325.579999999
2026-04-28,09:15,24034.3,24016.5,0.0,2026-04-28,24150,23950,16.0,28.4,50.45,0.1,True,False,09:26,15:25,5,44.4,-1998.75,122.11,-2120.86,100,3.0,off,1695204.7199999993,2695204.7199999993
