Datetime,Close,High,Low,Open,Volume,date,time,vol_sma,vol_std,vol_ratio,vol_zscore,rvol,direction,signal,hour,dow,is_spike,spike_group
2026-01-16 19:25:00+00:00,59.34000015258789,59.560001373291016,59.290000915527344,59.470001220703125,21536,2026-01-16,19:25:00,,,,,4.911008494384585,-1.0,-1,19,Friday,1,2
2026-01-20 19:25:00+00:00,60.36000061035156,60.40999984741211,60.22999954223633,60.2400016784668,17610,2026-01-20,19:25:00,1415.4666666666667,1827.1058082610061,12.441126601356443,8.863489602031798,4.015734564734052,1.0,1,19,Tuesday,1,4
2026-01-20 20:00:00+00:00,59.900001525878906,60.0099983215332,59.849998474121094,59.93000030517578,5230,2026-01-20,20:00:00,1470.8186666666666,1840.2588879059742,3.555842823135234,2.042745919086904,3.6033242905739997,-1.0,-1,20,Tuesday,1,6
2026-01-20 20:30:00+00:00,59.540000915527344,59.72999954223633,59.47999954223633,59.72999954223633,7179,2026-01-20,20:30:00,1513.504,1857.0570759329735,4.743297672156797,3.050792608059013,5.362464985994397,-1.0,-1,20,Tuesday,1,8
2026-01-20 20:40:00+00:00,59.400001525878906,59.540000915527344,59.380001068115234,59.52000045776367,6405,2026-01-20,20:40:00,1537.0266666666666,1873.2399337923493,4.167136549355032,2.598691841614857,5.658752070679183,-1.0,-1,20,Tuesday,1,10
2026-01-20 20:50:00+00:00,59.439998626708984,59.4900016784668,59.34000015258789,59.36000061035156,3198,2026-01-20,20:50:00,1549.0213333333334,1873.4852075938797,2.064529345840729,0.8801663658633594,3.2325478552024767,1.0,1,20,Tuesday,1,12
2026-01-22 10:20:00+00:00,59.939998626708984,60.119998931884766,59.7599983215332,60.11000061035156,7000,2026-01-22,10:20:00,924.2133333333334,1136.6578705991542,7.574008886837094,5.3453082267085374,5.40723217303143,-1.0,-1,10,Thursday,1,14
2026-01-22 14:30:00+00:00,59.630001068115234,59.97999954223633,59.41999816894531,59.93000030517578,12644,2026-01-22,14:30:00,1110.864,1304.4765808184288,11.38213138602025,8.8411982013231,3.3324108848916123,-1.0,-1,14,Thursday,1,16
2026-01-26 20:20:00+00:00,60.619998931884766,60.70000076293945,60.31999969482422,60.70000076293945,8972,2026-01-26,20:20:00,1202.712,1239.1562841358495,7.459807501712795,6.269820925306504,4.8356801185744125,-1.0,-1,20,Monday,1,18
2026-01-27 19:25:00+00:00,62.38999938964844,62.439998626708984,62.290000915527344,62.349998474121094,13947,2026-01-27,19:25:00,1255.0186666666666,1543.6023919942616,11.112982117663059,8.222312558699713,3.180434410808962,1.0,1,19,Tuesday,1,20
2026-01-27 19:45:00+00:00,62.33000183105469,62.43000030517578,62.29999923706055,62.43000030517578,4856,2026-01-27,19:45:00,1290.0853333333334,1574.5322242872862,3.76409209106581,2.2647454346517306,3.381615598885794,-1.0,-1,19,Tuesday,1,22
2026-01-28 12:10:00+00:00,62.4900016784668,63.16999816894531,62.400001525878906,62.5099983215332,12232,2026-01-28,12:10:00,1070.4,1552.104684572421,11.427503736920777,7.191267516259598,4.679754190478468,-1.0,-1,12,Wednesday,1,24
2026-01-28 14:20:00+00:00,63.029998779296875,63.189998626708984,62.869998931884766,63.150001525878906,13934,2026-01-28,14:20:00,1281.1093333333333,1762.3398402729222,10.876511190301738,7.179597474631905,4.699097883820926,-1.0,-1,14,Wednesday,1,26
2026-01-28 21:10:00+00:00,63.400001525878906,63.40999984741211,63.31999969482422,63.380001068115234,4123,2026-01-28,21:10:00,1581.76,1851.792139904413,2.606590127452964,1.3723138495075236,4.973462002412545,1.0,1,21,Wednesday,1,28
2026-01-29 14:15:00+00:00,66.19999694824219,66.4000015258789,66.04000091552734,66.0999984741211,10388,2026-01-29,14:15:00,1322.7066666666667,1709.2893101552613,7.8535931373043155,5.30354532698148,3.130565810291569,1.0,1,14,Thursday,1,30
2026-01-29 14:20:00+00:00,66.19000244140625,66.22000122070312,65.95999908447266,66.20999908447266,11920,2026-01-29,14:20:00,1352.0933333333332,1794.6032166385241,8.815959450531029,5.88871488064166,4.019897141893601,-1.0,-1,14,Thursday,1,30
2026-01-29 15:10:00+00:00,65.25,65.81999969482422,65.18000030517578,65.7699966430664,11787,2026-01-29,15:10:00,1544.888,2068.329068875424,7.629679303612948,4.951877413572668,3.3501261235655666,-1.0,-1,15,Thursday,1,32
2026-01-29 15:15:00+00:00,65.3499984741211,65.41999816894531,64.86000061035156,65.23999786376953,11518,2026-01-29,15:15:00,1574.168,2130.8117044518212,7.316881044462853,4.666687337611645,3.255166566573639,1.0,1,15,Thursday,1,32
2026-01-30 00:30:00+00:00,65.25,65.54000091552734,64.0999984741211,65.37000274658203,5072,2026-01-30,00:30:00,1776.328,2209.788448180329,2.855328520408393,1.4913970623359227,5.343869353351772,-1.0,-1,0,Friday,1,34
2026-01-30 02:30:00+00:00,63.91999816894531,64.20999908447266,63.63999938964844,64.18000030517578,4598,2026-01-30,02:30:00,1694.6426666666666,2215.1750405344433,2.713256363976831,1.310667229544468,3.7655730153042946,-1.0,-1,2,Friday,1,36
2026-01-30 11:30:00+00:00,64.62999725341797,65.02999877929688,64.30000305175781,65.01000213623047,6968,2026-01-30,11:30:00,1656.1146666666666,2199.4201691353296,4.207438132303238,2.4151298637138647,3.1604490305023245,-1.0,-1,11,Friday,1,38
2026-02-02 18:50:00+00:00,61.61000061035156,61.650001525878906,61.540000915527344,61.650001525878906,117622,2026-02-02,18:50:00,2199.92,6372.698831735264,53.466489690534196,18.111962144705803,61.82699825881271,-1.0,-1,18,Monday,1,40
2026-02-02 19:25:00+00:00,62.189998626708984,62.220001220703125,61.970001220703125,61.9900016784668,15375,2026-02-02,19:25:00,2259.941333333333,6405.205431277741,6.803273949294259,2.0475625344697828,3.5060714896528133,1.0,1,19,Monday,1,42
2026-02-03 17:10:00+00:00,63.470001220703125,63.7400016784668,62.59000015258789,62.619998931884766,25286,2026-02-03,17:10:00,1468.4826666666668,6290.798255723788,17.219134126654087,3.7860882459014746,8.69028031360756,1.0,1,17,Tuesday,1,44
2026-02-03 19:25:00+00:00,63.15999984741211,63.349998474121094,63.13999938964844,63.25,20810,2026-02-03,19:25:00,1702.2053333333333,6396.4656093775775,12.225317118028848,2.9872426170248723,4.745453508921955,-1.0,-1,19,Tuesday,1,46
2026-02-04 17:25:00+00:00,64.69000244140625,64.7300033569336,63.540000915527344,63.599998474121094,30695,2026-02-04,17:25:00,1367.7146666666667,2557.4844040952994,22.44254649605278,11.467239169228776,8.836590017632876,1.0,1,17,Wednesday,1,48
2026-02-04 17:30:00+00:00,65.12999725341797,65.16000366210938,64.2699966430664,64.69000244140625,22798,2026-02-04,17:30:00,1419.2906666666668,2784.6630127236817,16.062953512928523,7.677305740640694,6.643862812596762,1.0,1,17,Wednesday,1,48
2026-02-04 18:40:00+00:00,64.88999938964844,65.33000183105469,64.63999938964844,65.31999969482422,13262,2026-02-04,18:40:00,1576.296,2937.322767047936,8.413394438607977,3.978352032365973,5.742057693348487,-1.0,-1,18,Wednesday,1,50
2026-02-04 18:45:00+00:00,65.01000213623047,65.05999755859375,64.81999969482422,64.9000015258789,5401,2026-02-04,18:45:00,1588.848,2943.5928591917145,3.3993182481898834,1.2950676884869141,3.3916558734644218,1.0,1,18,Wednesday,1,50
2026-02-04 19:00:00+00:00,65.25,65.37999725341797,64.93000030517578,65.04000091552734,9908,2026-02-04,19:00:00,1630.8346666666666,2978.13612697163,6.075416596491285,2.77931060919976,5.068192717158477,1.0,1,19,Wednesday,1,52
2026-02-04 19:05:00+00:00,65.25,65.45999908447266,65.13999938964844,65.26000213623047,6858,2026-02-04,19:05:00,1646.0453333333332,2990.2360611075355,4.166349407954742,1.7429910415621976,3.3366174055829227,-1.0,-1,19,Wednesday,1,52
2026-02-04 19:25:00+00:00,65.12999725341797,65.31999969482422,65.08000183105469,65.27999877929688,26180,2026-02-04,19:25:00,1733.4826666666668,3247.8558964590707,15.1025450115067,7.526971058040416,5.970013112137279,-1.0,-1,19,Wednesday,1,54
2026-02-04 19:45:00+00:00,64.27999877929688,65.06999969482422,63.630001068115234,65.06999969482422,16278,2026-02-04,19:45:00,1800.8,3338.0989802788945,9.039315859617949,4.336959474697915,11.335654596100278,-1.0,-1,19,Wednesday,1,56
2026-02-04 19:50:00+00:00,64.20999908447266,64.5199966430664,63.93000030517578,64.26000213623047,7961,2026-02-04,19:50:00,1818.3893333333333,3353.1406457618514,4.378050318523646,1.8318977089226844,4.623280461689231,-1.0,-1,19,Wednesday,1,56
2026-02-05 19:25:00+00:00,63.2599983215332,63.47999954223633,63.220001220703125,63.400001525878906,31529,2026-02-05,19:25:00,1778.7493333333334,3320.8756546231516,17.725375582244304,8.958556043870509,7.189783934781369,-1.0,-1,19,Thursday,1,58
2026-02-05 19:55:00+00:00,63.189998626708984,63.22999954223633,63.150001525878906,63.209999084472656,6754,2026-02-05,19:55:00,1832.8293333333334,3335.750568185201,3.6850130435858004,1.4752813695371734,4.356892311413942,-1.0,-1,19,Thursday,1,60
2026-02-05 20:45:00+00:00,63.22999954223633,63.290000915527344,63.209999084472656,63.290000915527344,3924,2026-02-05,20:45:00,1857.9013333333332,3333.1033881536214,2.1120604897569013,0.6198723609984345,3.90787999502054,-1.0,-1,20,Thursday,1,62
2026-02-06 08:40:00+00:00,63.880001068115234,64.19999694824219,63.650001525878906,64.16999816894531,4921,2026-02-06,08:40:00,1058.9653333333333,1993.5793774237018,4.646988758838816,1.9372364654261047,3.554030874785592,-1.0,-1,8,Friday,1,64
2026-02-06 09:20:00+00:00,64.29000091552734,64.58000183105469,64.13999938964844,64.48999786376953,5416,2026-02-06,09:20:00,1088.9893333333334,2006.0298700313658,4.973418778512675,2.157002112136551,3.9587026039287347,-1.0,-1,9,Friday,1,66
2026-02-06 19:10:00+00:00,63.70000076293945,63.90999984741211,63.689998626708984,63.880001068115234,6989,2026-02-06,19:10:00,1683.1413333333333,2316.1249974981033,4.152354803240924,2.290834334242797,3.515704090294589,-1.0,-1,19,Friday,1,68
2026-02-09 19:25:00+00:00,64.33000183105469,64.43000030517578,64.31999969482422,64.41000366210938,24026,2026-02-09,19:25:00,1447.824,2504.998895462294,16.59455845461879,9.013247886416025,5.478821047830796,-1.0,-1,19,Monday,1,70
2026-02-10 19:25:00+00:00,64.0,64.0,63.869998931884766,63.959999084472656,21228,2026-02-10,19:25:00,1103.3146666666667,1910.7730753911806,19.240204668115233,10.532221535104755,4.8407730460064995,1.0,1,19,Tuesday,1,72
2026-02-10 20:50:00+00:00,64.18000030517578,64.2300033569336,64.05999755859375,64.08999633789062,3881,2026-02-10,20:50:00,1118.4213333333332,1918.9946533947189,3.470069717315836,1.4395968544152222,3.922926274559353,1.0,1,20,Tuesday,1,74
2026-02-10 20:55:00+00:00,64.30000305175781,64.44999694824219,64.13999938964844,64.18000030517578,4075,2026-02-10,20:55:00,1128.376,1924.6303249345563,3.61138485752976,1.5310077794291195,4.385551893455304,1.0,1,20,Tuesday,1,74
2026-02-11 18:50:00+00:00,64.56999969482422,64.95999908447266,64.44000244140625,64.95999908447266,8822,2026-02-11,18:50:00,1094.3173333333334,1580.8876502353385,8.061646956763303,4.888192190960747,4.6372088439173424,-1.0,-1,18,Wednesday,1,76
2026-02-11 19:05:00+00:00,64.75,65.11000061035156,64.48999786376953,64.61000061035156,10102,2026-02-11,19:05:00,1144.32,1668.4504303402653,8.827950223713646,5.368861931470846,4.914918202274524,1.0,1,19,Wednesday,1,78
2026-02-11 19:25:00+00:00,64.5999984741211,64.68000030517578,64.54000091552734,64.55000305175781,32480,2026-02-11,19:25:00,1251.256,2336.8291164129755,25.95791748451156,13.363725991199567,7.406647283507212,1.0,1,19,Wednesday,1,80
2026-02-12 19:25:00+00:00,62.880001068115234,62.88999938964844,62.650001525878906,62.650001525878906,51001,2026-02-12,19:25:00,1499.44,3378.465207183533,34.01336498959611,14.652085181977384,11.630123710164757,1.0,1,19,Thursday,1,82
2026-02-12 19:30:00+00:00,63.0099983215332,63.02000045776367,62.86000061035156,62.88999938964844,8898,2026-02-12,19:30:00,1521.104,3399.780814319021,5.8496986399352044,2.169815174240166,4.241561150007448,1.0,1,19,Thursday,1,82
2026-02-13 11:40:00+00:00,62.27000045776367,62.869998931884766,62.13999938964844,62.7599983215332,7792,2026-02-13,11:40:00,962.816,2885.2560884607697,8.092927412922094,2.3669247341033226,4.482508179628232,-1.0,-1,11,Friday,1,84
2026-02-17 13:50:00+00:00,62.4900016784668,63.31999969482422,62.16999816894531,63.31999969482422,20554,2026-02-17,13:50:00,809.9573333333333,1530.6217475272954,25.376645354158576,12.899361124695227,4.302700439606448,-1.0,-1,13,Tuesday,1,86
2026-02-17 20:15:00+00:00,62.220001220703125,62.310001373291016,62.189998626708984,62.209999084472656,4381,2026-02-17,20:15:00,1222.1253333333334,1745.8728300752466,3.5847387174692393,1.8093383505661864,3.515698665864179,1.0,1,20,Tuesday,1,88
2026-02-18 18:35:00+00:00,64.81999969482422,65.05000305175781,64.62000274658203,65.0199966430664,13852,2026-02-18,18:35:00,1443.496,1918.926476664716,9.596147131685852,6.466378024846064,4.5657780890775,-1.0,-1,18,Wednesday,1,90
2026-02-18 19:25:00+00:00,64.98999786376953,65.30000305175781,64.97000122070312,65.26000213623047,21306,2026-02-18,19:25:00,1538.3653333333334,2183.18008677899,13.84976607203837,9.054514002933834,4.858559945271079,-1.0,-1,19,Wednesday,1,92
2026-02-18 19:30:00+00:00,64.87999725341797,65.05000305175781,64.80999755859375,64.98999786376953,6358,2026-02-18,19:30:00,1551.6346666666666,2197.303499971604,4.097614043168237,2.1873925624727972,3.0307761060628633,-1.0,-1,19,Wednesday,1,92
2026-02-18 19:55:00+00:00,65.02999877929688,65.18000030517578,64.88999938964844,64.94999694824219,5344,2026-02-18,19:55:00,1564.68,2205.11864402452,3.4153948411176724,1.7138851055662179,3.4473249203725356,1.0,1,19,Wednesday,1,94
2026-02-19 15:00:00+00:00,65.75,66.41000366210938,65.44999694824219,66.37000274658203,30327,2026-02-19,15:00:00,1500.3706666666667,2416.878253156548,20.213005141840505,11.92721614987619,6.097641278258793,-1.0,-1,15,Thursday,1,96
2026-02-19 19:25:00+00:00,66.41999816894531,66.44999694824219,66.3499984741211,66.41000366210938,21937,2026-02-19,19:25:00,1911.608,2723.1989531502177,11.475679114128,7.353627973760225,5.002451399578131,1.0,1,19,Thursday,1,98
2026-02-19 20:50:00+00:00,66.69000244140625,66.72000122070312,66.66000366210938,66.66999816894531,3263,2026-02-19,20:50:00,1889.6213333333333,2724.5340651698375,1.7268009957550579,0.5040783612228593,3.2982500473813885,1.0,1,20,Thursday,1,100
2026-02-19 21:20:00+00:00,66.33999633789062,66.9000015258789,65.9000015258789,66.69000244140625,10015,2026-02-19,21:20:00,1897.8906666666667,2759.7646215010914,5.276910928483411,2.941232476890828,11.066298342541437,-1.0,-1,21,Thursday,1,102
2026-02-20 19:10:00+00:00,66.37999725341797,66.41999816894531,66.30000305175781,66.31999969482422,6068,2026-02-20,19:10:00,1709.312,2486.1606508982472,3.5499663022315415,1.753180349960575,3.0524098468890495,1.0,1,19,Friday,1,104
2026-02-20 19:25:00+00:00,66.48999786376953,66.52999877929688,66.30000305175781,66.30000305175781,14820,2026-02-20,19:25:00,1761.304,2579.2110333192304,8.414220373087213,5.063058366028523,3.379510860270224,1.0,1,19,Friday,1,106
2026-02-23 04:20:00+00:00,65.58000183105469,65.62999725341797,65.55999755859375,65.62000274658203,2735,2026-02-23,04:20:00,1135.8826666666666,1894.284148535769,2.407819117467532,0.8441802855022613,7.52536543422184,-1.0,-1,4,Monday,1,108
2026-02-24 15:25:00+00:00,65.9000015258789,66.45999908447266,65.73999786376953,66.43000030517578,18251,2026-02-24,15:25:00,953.568,1408.158966111256,19.139694285043124,12.283721097035123,5.717955747013902,-1.0,-1,15,Tuesday,1,110
2026-02-25 03:30:00+00:00,66.31999969482422,66.5999984741211,66.26000213623047,66.26000213623047,4358,2026-02-25,03:30:00,955.8613333333333,1591.9457696986005,4.559238718028836,2.137094574088906,5.314634146341463,1.0,1,3,Wednesday,1,112
2026-02-26 10:05:00+00:00,64.81999969482422,64.98999786376953,64.6500015258789,64.9800033569336,4873,2026-02-26,10:05:00,859.216,1201.2893691389984,5.67144932124169,3.3412299343636116,3.217298011058843,-1.0,-1,10,Thursday,1,114
2026-02-26 18:30:00+00:00,65.30000305175781,66.45999908447266,65.12999725341797,66.2300033569336,18144,2026-02-26,18:30:00,1618.4293333333333,2150.719576062654,11.210869468505267,7.683740293525486,4.600916049891437,-1.0,-1,18,Thursday,1,116
2026-02-26 18:35:00+00:00,65.19999694824219,65.5199966430664,64.94000244140625,65.30999755859375,12135,2026-02-26,18:35:00,1649.6986666666667,2217.3002872943466,7.355888833031325,4.728859412239552,3.9998351942647603,-1.0,-1,18,Thursday,1,116
2026-02-26 19:10:00+00:00,65.5,65.5999984741211,65.26000213623047,65.58999633789062,6743,2026-02-26,19:10:00,1717.7653333333333,2245.837646898837,3.925448877766773,2.2375770009937086,3.391957745150439,-1.0,-1,19,Thursday,1,118
2026-02-26 19:15:00+00:00,65.20999908447266,65.56999969482422,65.19000244140625,65.5,7068,2026-02-26,19:15:00,1734.7333333333333,2262.143456902719,4.074401444986742,2.3576164678648923,3.1383693178664593,-1.0,-1,19,Thursday,1,118
2026-02-27 17:30:00+00:00,66.2300033569336,66.80000305175781,66.12999725341797,66.66000366210938,18597,2026-02-27,17:30:00,1981.624,2493.0580710067115,9.384726870486025,6.664656629233916,5.419594557674444,-1.0,-1,17,Friday,1,120
2026-02-27 20:55:00+00:00,67.25,67.36000061035156,67.05000305175781,67.31999969482422,4102,2026-02-27,20:55:00,2067.4773333333333,2527.8201413996085,1.9840604459670015,0.8048526211758833,4.414609537902738,-1.0,-1,20,Friday,1,122
2026-03-01 23:10:00+00:00,72.52999877929688,72.55000305175781,71.04000091552734,71.86000061035156,9092,2026-03-01,23:10:00,2036.7813333333334,2556.593037111025,4.463905796465796,2.759617414369216,16.50277935337493,1.0,1,23,Sunday,1,124
2026-03-01 23:15:00+00:00,72.3499984741211,73.0,72.25,72.54000091552734,7233,2026-03-01,23:15:00,2050.349333333333,2570.6315206721133,3.5276915413438497,2.0161001781039465,11.210694565533275,-1.0,-1,23,Sunday,1,124
2026-03-01 23:20:00+00:00,72.31999969482422,72.5,72.16000366210938,72.37000274658203,2789,2026-03-01,23:20:00,2055.472,2570.1830879330882,1.3568659655787088,0.28539912329354505,4.258828020614621,-1.0,-1,23,Sunday,1,124
2026-03-01 23:25:00+00:00,72.52999877929688,72.52999877929688,72.06999969482422,72.31999969482422,6173,2026-03-01,23:25:00,2059.421333333333,2575.3777986852183,2.997443942181817,1.5972719298763585,10.79431693989071,1.0,1,23,Sunday,1,124
2026-03-01 23:30:00+00:00,72.79000091552734,72.8499984741211,72.41000366210938,72.52999877929688,6213,2026-03-01,23:30:00,2071.4506666666666,2584.223878791219,2.999347317306776,1.6026279175434908,9.771748746682395,1.0,1,23,Sunday,1,124
2026-03-01 23:35:00+00:00,72.55000305175781,72.91000366210938,72.4000015258789,72.7699966430664,5376,2026-03-01,23:35:00,2076.981333333333,2589.0792898575505,2.588371842212031,1.274205343803193,9.312114322832088,-1.0,-1,23,Sunday,1,124
2026-03-01 23:40:00+00:00,72.37999725341797,72.66999816894531,72.2699966430664,72.54000091552734,2857,2026-03-01,23:40:00,2081.018666666667,2589.112123983751,1.3728853305176183,0.29970943558031987,3.926135875633428,-1.0,-1,23,Sunday,1,124
2026-03-01 23:45:00+00:00,72.41000366210938,72.4800033569336,72.23999786376953,72.36000061035156,4158,2026-03-01,23:45:00,2085.9653333333335,2591.3084850265022,1.9933217170755153,0.7996094168793937,5.224028268551237,1.0,1,23,Sunday,1,124
2026-03-01 23:50:00+00:00,72.12000274658203,72.41999816894531,72.01000213623047,72.41999816894531,4019,2026-03-01,23:50:00,2086.0026666666668,2591.3363074447857,1.9266514200684945,0.7459461466965611,5.118930106670912,-1.0,-1,23,Sunday,1,124
2026-03-01 23:55:00+00:00,71.97000122070312,72.30000305175781,71.8499984741211,72.0999984741211,6058,2026-03-01,23:55:00,2094.6693333333333,2599.180372145165,2.8921032563930535,1.5248386411119426,8.623487544483986,-1.0,-1,23,Sunday,1,124
2026-03-02 00:20:00+00:00,71.86000061035156,71.98999786376953,71.56999969482422,71.5999984741211,4180,2026-03-02,00:20:00,2089.0133333333333,2596.5421509255175,2.000944624575557,0.8052966388091757,4.245001586797842,1.0,1,0,Monday,1,126
2026-03-02 00:45:00+00:00,71.8499984741211,72.11000061035156,71.80999755859375,71.87000274658203,3117,2026-03-02,00:45:00,2021.9226666666666,2512.4462847145,1.5416019867558404,0.4358609933257824,3.4222191724421878,-1.0,-1,0,Monday,1,128
2026-03-02 00:50:00+00:00,71.66000366210938,71.88999938964844,71.55999755859375,71.8499984741211,2847,2026-03-02,00:50:00,2012.8666666666666,2503.2946169785682,1.4144006889014011,0.33321420805838564,3.3157664871160284,-1.0,-1,0,Monday,1,128
2026-03-02 01:00:00+00:00,70.79000091552734,71.83000183105469,70.4800033569336,71.79000091552734,5960,2026-03-02,01:00:00,2009.8986666666667,2505.1942158688526,2.9653236249389687,1.576764511235053,3.351727531545464,-1.0,-1,1,Monday,1,130
2026-03-02 01:20:00+00:00,70.23999786376953,70.79000091552734,70.22000122070312,70.6500015258789,3454,2026-03-02,01:20:00,1962.2613333333334,2432.5633035215897,1.7602140659484025,0.6132373470022738,4.20930763957651,-1.0,-1,1,Monday,1,132
2026-03-02 01:25:00+00:00,69.54000091552734,70.37999725341797,69.19999694824219,70.23999786376953,5339,2026-03-02,01:25:00,1956.8986666666667,2422.85136751356,2.728296610827745,1.3959177928459552,6.700972701600251,-1.0,-1,1,Monday,1,132
2026-03-02 01:30:00+00:00,70.12999725341797,70.30000305175781,69.44999694824219,69.52999877929688,5637,2026-03-02,01:30:00,1954.5706666666667,2418.880974912769,2.884009310143472,1.52236896793408,6.351102035067953,1.0,1,1,Monday,1,132
2026-03-02 01:35:00+00:00,69.79000091552734,70.22000122070312,69.52999877929688,70.12000274658203,3493,2026-03-02,01:35:00,1945.488,2406.6290477592624,1.7954364149252013,0.6430205774507876,4.727057430432208,-1.0,-1,1,Monday,1,132
2026-03-02 01:40:00+00:00,69.66999816894531,69.91000366210938,69.5999984741211,69.79000091552734,3606,2026-03-02,01:40:00,1937.848,2396.7513966998804,1.8608270617716147,0.696005435647978,3.605549306336708,-1.0,-1,1,Monday,1,132
2026-03-02 01:45:00+00:00,69.58000183105469,69.7300033569336,69.38999938964844,69.66999816894531,3152,2026-03-02,01:45:00,1938.8133333333333,2397.168398068582,1.6257367049260374,0.5060915485303998,3.0386214376092067,-1.0,-1,1,Monday,1,132
2026-03-02 04:15:00+00:00,70.95999908447266,70.98999786376953,70.52999877929688,70.54000091552734,1390,2026-03-02,04:15:00,1696.5173333333332,2023.3408543628989,0.8193255516399086,-0.15149070542039153,3.7284157585917854,1.0,1,4,Monday,1,134
2026-03-02 04:20:00+00:00,70.98999786376953,71.2300033569336,70.88999938964844,70.94999694824219,1694,2026-03-02,04:20:00,1688.5253333333333,2017.3914959387178,1.0032422768901306,0.0027137353744615166,4.661049011177988,1.0,1,4,Monday,1,134
2026-03-02 06:40:00+00:00,72.23999786376953,72.33999633789062,72.06999969482422,72.12000274658203,2770,2026-03-02,06:40:00,1610.328,1874.7292129997888,1.720146454635329,0.618581068646382,3.4173799059295242,1.0,1,6,Monday,1,136
2026-03-02 07:00:00+00:00,72.3499984741211,72.66000366210938,71.95999908447266,71.98999786376953,4033,2026-03-02,07:00:00,1627.416,1874.808801020778,2.4781616992827895,1.2831089755340548,3.3724260478728962,1.0,1,7,Monday,1,138
2026-03-02 07:05:00+00:00,72.93000030517578,73.1500015258789,72.2300033569336,72.33999633789062,8929,2026-03-02,07:05:00,1650.152,1911.2638917742206,5.411016682099588,3.808395078945936,7.086507936507936,1.0,1,7,Monday,1,138
2026-03-02 07:10:00+00:00,72.94999694824219,73.12000274658203,72.72000122070312,72.93000030517578,4175,2026-03-02,07:10:00,1659.0853333333334,1915.221709334783,2.5164468132641757,1.3136414726316585,3.8682031385720075,1.0,1,7,Monday,1,138
2026-03-02 07:20:00+00:00,72.41000366210938,73.04000091552734,72.19000244140625,72.87999725341797,5296,2026-03-02,07:20:00,1681.8053333333332,1925.002327097219,3.14899703017551,1.8775014532666265,4.091945141974116,-1.0,-1,7,Monday,1,140
2026-03-02 07:50:00+00:00,73.16000366210938,73.19999694824219,72.72000122070312,72.9000015258789,4031,2026-03-02,07:50:00,1718.928,1919.7058396652492,2.3450662273230756,1.2043886892604183,3.115297299908226,1.0,1,7,Monday,1,142
2026-03-02 07:55:00+00:00,73.23999786376953,73.33000183105469,72.91999816894531,73.16000366210938,3829,2026-03-02,07:55:00,1728.848,1920.9754125593836,2.2147696038055398,1.0932737536717834,3.0930479123542183,1.0,1,7,Monday,1,142
2026-03-02 08:40:00+00:00,72.44000244140625,72.52999877929688,72.08000183105469,72.4000015258789,4725,2026-03-02,08:40:00,1809.7093333333332,1928.1272142481573,2.610916522874392,1.5119804570589177,3.412476302247901,1.0,1,8,Monday,1,144
2026-03-02 10:00:00+00:00,71.62999725341797,72.44999694824219,71.27999877929688,72.43000030517578,7186,2026-03-02,10:00:00,1914.7893333333334,1929.9802999446974,3.75289326867638,2.731225115001283,3.64679015478305,-1.0,-1,10,Monday,1,146
2026-03-02 16:45:00+00:00,70.51000213623047,71.29000091552734,70.08999633789062,71.29000091552734,10269,2026-03-02,16:45:00,2592.36,1976.1839965537677,3.9612553811970557,3.884577556233203,3.2720755167881466,-1.0,-1,16,Monday,1,148
2026-03-02 19:45:00+00:00,70.86000061035156,71.16999816894531,70.83999633789062,71.13999938964844,4761,2026-03-02,19:45:00,2770.1066666666666,1985.965798891593,1.7187063795377315,1.0024811778956568,3.315459610027855,-1.0,-1,19,Monday,1,150
2026-03-02 20:05:00+00:00,72.29000091552734,72.29000091552734,70.93000030517578,71.01000213623047,14352,2026-03-02,20:05:00,2807.4293333333335,2069.090253132464,5.112150047588019,5.579539437290838,15.392948116369487,1.0,1,20,Monday,1,152
2026-03-02 20:15:00+00:00,72.2300033569336,72.37000274658203,71.4800033569336,72.30999755859375,7813,2026-03-02,20:15:00,2842.442666666667,2098.579672801201,2.7486922046390148,2.368534012672768,6.269836493128699,-1.0,-1,20,Monday,1,154
2026-03-02 20:20:00+00:00,72.66000366210938,72.76000213623047,72.22000122070312,72.23999786376953,6685,2026-03-02,20:20:00,2855.88,2107.013857252089,2.3407846268050476,1.8173207484234752,3.603045206494644,1.0,1,20,Monday,1,154
2026-03-02 20:25:00+00:00,72.62000274658203,72.77999877929688,72.12999725341797,72.66000366210938,5445,2026-03-02,20:25:00,2866.7546666666667,2109.830693355229,1.8993602987071094,1.2220152742366224,3.2240396713788764,-1.0,-1,20,Monday,1,154
2026-03-02 20:50:00+00:00,72.19999694824219,72.45999908447266,72.0,72.4000015258789,3998,2026-03-02,20:50:00,2883.770666666667,2102.710345609423,1.3863793144901027,0.5299014843675005,4.041190220481395,-1.0,-1,20,Monday,1,156
2026-03-02 20:55:00+00:00,71.58000183105469,72.2300033569336,71.54000091552734,72.19999694824219,6464,2026-03-02,20:55:00,2899.032,2107.8789004272116,2.2297097789882967,1.6912584490871247,6.9566153225264005,-1.0,-1,20,Monday,1,156
2026-03-03 03:15:00+00:00,72.66000366210938,72.69000244140625,72.41000366210938,72.44999694824219,2077,2026-03-03,03:15:00,2457.8746666666666,1972.9146840549502,0.8450390201615922,-0.19305176739008872,3.635886214442013,1.0,1,3,Tuesday,1,158
2026-03-03 03:20:00+00:00,72.66999816894531,72.70999908447266,72.43000030517578,72.66000366210938,2122,2026-03-03,03:20:00,2456.594666666667,1972.9766352341744,0.863797365024538,-0.16958876283243643,3.2552253116011505,1.0,1,3,Tuesday,1,158
2026-03-03 05:30:00+00:00,73.27999877929688,73.36000061035156,72.54000091552734,72.66000366210938,4114,2026-03-03,05:30:00,2321.3573333333334,1978.9874133333533,1.7722390004009148,0.9058383366103312,3.5370231058570663,1.0,1,5,Tuesday,1,160
2026-03-03 07:25:00+00:00,73.37000274658203,73.54000091552734,73.04000091552734,73.2300033569336,3934,2026-03-03,07:25:00,2304.1093333333333,1943.046421757622,1.7073842560711818,0.8388325921684959,3.2831212184435636,1.0,1,7,Tuesday,1,162
2026-03-03 09:50:00+00:00,75.48999786376953,75.55000305175781,75.16999816894531,75.16999816894531,5038,2026-03-03,09:50:00,2232.832,1872.6881865096966,2.2563273905067645,1.49793650657254,3.0301481091647244,1.0,1,9,Tuesday,1,164
2026-03-03 10:35:00+00:00,76.08000183105469,76.51000213623047,76.05999755859375,76.12999725341797,5765,2026-03-03,10:35:00,2266.693333333333,1884.7960865984865,2.543352431147869,1.8560663891127351,3.72927953424436,-1.0,-1,10,Tuesday,1,166
2026-03-03 10:40:00+00:00,76.04000091552734,76.2300033569336,75.8499984741211,76.08000183105469,5021,2026-03-03,10:40:00,2275.824,1889.8300183754277,2.2062338739726797,1.4526047175183836,3.7491133096882585,-1.0,-1,10,Tuesday,1,166
2026-03-03 10:50:00+00:00,76.62000274658203,76.66999816894531,76.19999694824219,76.33999633789062,5094,2026-03-03,10:50:00,2289.52,1894.9712918119292,2.2249205073552534,1.4799590960126994,3.011416959172363,1.0,1,10,Tuesday,1,168
2026-03-03 10:55:00+00:00,76.45999908447266,77.2699966430664,76.37000274658203,76.63999938964844,12067,2026-03-03,10:55:00,2318.456,1960.257092589657,5.2047569589416405,4.973094619502889,10.005804311774462,-1.0,-1,10,Tuesday,1,168
2026-03-03 11:00:00+00:00,76.22000122070312,76.80999755859375,76.18000030517578,76.4800033569336,5845,2026-03-03,11:00:00,2330.584,1967.9744228914683,2.5079550876518506,1.785803696999479,3.3452568321648304,-1.0,-1,11,Tuesday,1,168
2026-03-03 11:15:00+00:00,77.33000183105469,77.36000061035156,76.69000244140625,76.86000061035156,7285,2026-03-03,11:15:00,2358.9333333333334,1984.5662286415272,3.0882602306127063,2.4821880950975626,3.9102284544936095,1.0,1,11,Tuesday,1,170
2026-03-03 11:20:00+00:00,77.02999877929688,77.52999877929688,77.0199966430664,77.30999755859375,7809,2026-03-03,11:20:00,2376.501333333333,2003.534818610141,3.2859228355857577,2.7114570788618537,3.750270140473046,-1.0,-1,11,Tuesday,1,170
2026-03-03 11:35:00+00:00,76.56999969482422,76.6500015258789,75.91000366210938,76.36000061035156,8939,2026-03-03,11:35:00,2424.4293333333335,2042.1072501370525,3.6870532281961057,3.19012170699137,5.399984897681795,1.0,1,11,Tuesday,1,172
2026-03-03 11:40:00+00:00,76.70999908447266,76.76000213623047,76.33000183105469,76.56999969482422,5253,2026-03-03,11:40:00,2435.2026666666666,2046.351443800306,2.157109990024102,1.376986021570354,3.0218962355732932,1.0,1,11,Tuesday,1,172
2026-03-03 12:00:00+00:00,77.44999694824219,77.58000183105469,77.1500015258789,77.18000030517578,7200,2026-03-03,12:00:00,2471.08,2063.9669112403694,2.913705748093951,2.2911801416225663,3.203025079241506,1.0,1,12,Tuesday,1,174
2026-03-03 12:10:00+00:00,76.16000366210938,76.94999694824219,75.87000274658203,76.69999694824219,9413,2026-03-03,12:10:00,2513.896,2108.0111295508104,3.7443871981975385,3.2728024550183985,3.601252959039717,-1.0,-1,12,Tuesday,1,176
2026-03-03 12:20:00+00:00,76.19000244140625,76.31999969482422,75.69000244140625,76.12000274658203,9305,2026-03-03,12:20:00,2550.3893333333335,2137.7776863484837,3.6484625615330883,3.1596412993739063,3.998495998281141,1.0,1,12,Tuesday,1,178
2026-03-03 12:30:00+00:00,76.62000274658203,76.6500015258789,75.9800033569336,76.02999877929688,9278,2026-03-03,12:30:00,2582.4106666666667,2164.063237803379,3.592767068289681,3.093989684021275,3.559733346122488,1.0,1,12,Tuesday,1,180
2026-03-03 12:35:00+00:00,76.45999908447266,76.86000061035156,76.02999877929688,76.62000274658203,8726,2026-03-03,12:35:00,2601.1626666666666,2186.6928726865212,3.3546537138264325,2.800959114943516,3.9826563213144683,-1.0,-1,12,Tuesday,1,180
2026-03-03 12:50:00+00:00,76.16000366210938,76.62000274658203,75.87999725341797,75.87999725341797,10149,2026-03-03,12:50:00,2651.8773333333334,2226.1050697808537,3.8271000971387314,3.367820669580844,3.023741690408357,1.0,1,12,Tuesday,1,182
2026-03-03 14:10:00+00:00,77.5199966430664,77.6500015258789,77.12000274658203,77.12000274658203,14972,2026-03-03,14:10:00,2924.3013333333333,2462.168895707083,5.119855409337661,4.893124386256542,4.1873863795273385,1.0,1,14,Tuesday,1,184
2026-03-03 14:15:00+00:00,77.80000305175781,77.9800033569336,77.5,77.5199966430664,14796,2026-03-03,14:15:00,2956.928,2537.2609105011516,5.00384182502922,4.666083787836224,4.45897687033828,1.0,1,14,Tuesday,1,184
2026-03-03 14:20:00+00:00,77.44999694824219,77.8499984741211,77.18000030517578,77.80999755859375,9869,2026-03-03,14:20:00,2978.816,2561.3409382357254,3.3130612968374016,2.690069056072645,3.3282185313211365,-1.0,-1,14,Tuesday,1,184
2026-03-03 16:40:00+00:00,75.73999786376953,76.63999938964844,75.36000061035156,76.5,15359,2026-03-03,16:40:00,3249.0026666666668,2749.4813604259393,4.727296827908626,4.404466059539788,5.943597929666715,-1.0,-1,16,Tuesday,1,186
2026-03-03 16:45:00+00:00,75.81999969482422,75.94000244140625,74.54000091552734,75.73999786376953,23984,2026-03-03,16:45:00,3303.392,2950.5841574151395,7.260415960321997,7.008987677246005,7.642171505954515,1.0,1,16,Tuesday,1,186
2026-03-03 18:35:00+00:00,74.04000091552734,74.80000305175781,73.70999908447266,74.5199966430664,13189,2026-03-03,18:35:00,3430.528,3023.4633828479487,3.8445976829222794,3.227580679613859,4.347245684149809,-1.0,-1,18,Tuesday,1,188
2026-03-03 19:25:00+00:00,74.58000183105469,74.69999694824219,74.22000122070312,74.27999877929688,17946,2026-03-03,19:25:00,3537.5626666666667,3105.25603509955,5.072984337238596,4.640015886120456,4.092355053873781,1.0,1,19,Tuesday,1,190
2026-03-03 19:35:00+00:00,73.29000091552734,74.83999633789062,72.94999694824219,74.7699966430664,14409,2026-03-03,19:35:00,3574.008,3152.455925290358,4.031608211285481,3.4370003123840784,6.263420995435775,-1.0,-1,19,Tuesday,1,192
2026-03-03 19:40:00+00:00,72.16999816894531,73.36000061035156,72.06999969482422,73.27999877929688,19247,2026-03-03,19:40:00,3621.144,3252.9712326073554,5.315171117193904,4.803564151864755,8.416058593643246,-1.0,-1,19,Tuesday,1,192
2026-03-03 19:45:00+00:00,72.7300033569336,72.91999816894531,71.6500015258789,72.16999816894531,15485,2026-03-03,19:45:00,3660.4666666666667,3306.7205272408773,4.230334929972499,3.5759094958048077,10.78342618384401,1.0,1,19,Tuesday,1,192
2026-03-03 19:50:00+00:00,73.1500015258789,73.4000015258789,72.51000213623047,72.7300033569336,6336,2026-03-03,19:50:00,3675.402666666667,3306.1206842971033,1.7238927471711036,0.8047490056761157,3.6795760589452287,1.0,1,19,Tuesday,1,192
2026-03-03 20:00:00+00:00,73.73999786376953,73.86000061035156,73.5199966430664,73.58000183105469,4424,2026-03-03,20:00:00,3687.4906666666666,3303.3522042525765,1.1997318501687508,0.22295816122337386,3.0480127459845843,1.0,1,20,Tuesday,1,194
2026-03-03 20:05:00+00:00,73.1500015258789,73.79000091552734,73.11000061035156,73.73999786376953,3395,2026-03-03,20:05:00,3690.4746666666665,3302.579080290985,0.9199358637154534,-0.08946785511662379,3.6412387719533448,-1.0,-1,20,Tuesday,1,194
2026-03-04 10:05:00+00:00,75.44999694824219,76.80000305175781,75.3499984741211,76.66000366210938,8830,2026-03-04,10:05:00,2936.4773333333333,3331.806704065346,3.007004310834115,1.7688669212039254,5.829825864487909,-1.0,-1,10,Wednesday,1,196
2026-03-04 10:10:00+00:00,75.20999908447266,75.73999786376953,75.06999969482422,75.44000244140625,9107,2026-03-04,10:10:00,2959.2346666666667,3344.740122175585,3.0774848992487245,1.8380397605702536,6.317998525777219,-1.0,-1,10,Wednesday,1,196
2026-03-04 10:15:00+00:00,75.51000213623047,75.73999786376953,75.11000061035156,75.22000122070312,4613,2026-03-04,10:15:00,2968.4773333333333,3344.5077715727316,1.5539953592369242,0.49170843035396544,3.2216499345264076,1.0,1,10,Wednesday,1,196
2026-03-04 10:20:00+00:00,75.16999816894531,75.56999969482422,74.97000122070312,75.51000213623047,4106,2026-03-04,10:20:00,2978.2266666666665,3342.474763516011,1.3786727672395656,0.3374066861007525,3.1717279003524355,-1.0,-1,10,Wednesday,1,196
2026-03-04 14:35:00+00:00,74.73999786376953,75.1500015258789,74.31999969482422,74.33000183105469,14535,2026-03-04,14:35:00,3348.992,3330.7827342728838,4.340111890383733,3.3583721582614503,3.452699091394976,1.0,1,14,Wednesday,1,198
2026-03-04 19:25:00+00:00,74.69999694824219,74.80000305175781,74.56999969482422,74.68000030517578,18095,2026-03-04,19:25:00,3442.52,3368.2287636498118,5.256323855780068,4.350203334800388,4.12633259221253,1.0,1,19,Wednesday,1,200
2026-03-04 21:20:00+00:00,76.08000183105469,76.2300033569336,75.79000091552734,75.79000091552734,4121,2026-03-04,21:20:00,3107.904,3244.5786212175376,1.3259740326599534,0.3122427033744779,4.553591160220995,1.0,1,21,Wednesday,1,202
2026-03-04 21:30:00+00:00,75.9800033569336,76.05000305175781,75.87000274658203,76.01000213623047,2729,2026-03-04,21:30:00,3098.3013333333333,3241.8302659341107,0.8808052240238307,-0.11391754133892687,3.0154696132596683,-1.0,-1,21,Wednesday,1,204
2026-03-05 06:50:00+00:00,76.5999984741211,77.26000213623047,76.05999755859375,77.13999938964844,7729,2026-03-05,06:50:00,1773.7493333333334,1925.095125392752,4.3574364509979615,3.093483843013573,8.531493618489135,-1.0,-1,6,Thursday,1,206
2026-03-05 06:55:00+00:00,76.56999969482422,76.79000091552734,76.31999969482422,76.5999984741211,3737,2026-03-05,06:55:00,1781.0853333333334,1927.325560518525,2.0981588754122953,1.0148335635316588,4.430349733254298,-1.0,-1,6,Thursday,1,206
2026-03-05 09:05:00+00:00,75.79000091552734,76.83000183105469,75.68000030517578,76.7300033569336,8324,2026-03-05,09:05:00,1864.4453333333333,1938.0747094017556,4.464598586603773,3.3329750578400565,5.874641612632879,-1.0,-1,9,Thursday,1,208
2026-03-05 09:10:00+00:00,75.80000305175781,75.93000030517578,75.1500015258789,75.77999877929688,7041,2026-03-05,09:10:00,1881.56,1955.3434593058455,3.7421076128319055,2.638636182019716,4.617427658004755,1.0,1,9,Thursday,1,208
2026-03-05 09:15:00+00:00,75.56999969482422,76.06999969482422,75.5,75.80999755859375,5160,2026-03-05,09:15:00,1886.3413333333333,1961.1689684349258,2.7354540288219313,1.6692384589784472,3.0984012609772575,-1.0,-1,9,Thursday,1,208
2026-03-05 09:20:00+00:00,75.45999908447266,75.66999816894531,74.97000122070312,75.55999755859375,7081,2026-03-05,09:20:00,1901.7173333333333,1979.1980375287003,3.7234766050054406,2.6168592371553228,5.175696665143901,-1.0,-1,9,Thursday,1,208
2026-03-05 18:45:00+00:00,80.9000015258789,81.1500015258789,80.69999694824219,80.7699966430664,5228,2026-03-05,18:45:00,2461.1093333333333,2134.818006568527,2.124245326768633,1.296078006721577,3.2830173868676167,1.0,1,18,Thursday,1,210
2026-03-05 19:10:00+00:00,81.55000305175781,81.63999938964844,81.12999725341797,81.22000122070312,6136,2026-03-05,19:10:00,2502.016,2156.5199820308353,2.452422366603571,1.6851149213919219,3.0866161536768635,1.0,1,19,Thursday,1,212
2026-03-05 19:15:00+00:00,81.08999633789062,81.58000183105469,81.04000091552734,81.54000091552734,7755,2026-03-05,19:15:00,2518.0506666666665,2173.144382713926,3.0797632877919323,2.409848777186715,3.44341455292224,-1.0,-1,19,Thursday,1,212
2026-03-05 19:25:00+00:00,80.97000122070312,81.33999633789062,80.91999816894531,81.11000061035156,18528,2026-03-05,19:25:00,2573.7386666666666,2335.3264416942166,7.198866085341998,6.831705002131927,4.225072686847956,-1.0,-1,19,Thursday,1,214
2026-03-05 19:30:00+00:00,80.91999816894531,81.12000274658203,80.63999938964844,80.97000122070312,7917,2026-03-05,19:30:00,2585.325333333333,2351.018620009019,3.062283844096475,2.267814734128398,3.7739311783107405,-1.0,-1,19,Thursday,1,214
2026-03-05 20:00:00+00:00,80.70999908447266,82.16000366210938,80.62999725341797,81.62000274658203,10745,2026-03-05,20:00:00,2615.4693333333335,2387.2861045363907,4.108249277886136,3.4053441065227563,7.403005640959393,-1.0,-1,20,Thursday,1,216
2026-03-05 20:05:00+00:00,80.56999969482422,81.41999816894531,80.1500015258789,80.7300033569336,12067,2026-03-05,20:05:00,2644.76,2435.333548622859,4.562606814985102,3.868973104455495,12.942217455422979,-1.0,-1,20,Thursday,1,216
2026-03-05 20:10:00+00:00,80.01000213623047,80.72000122070312,79.94000244140625,80.58000183105469,8810,2026-03-05,20:10:00,2666.28,2454.040713284882,3.304229113221417,2.503511847517908,4.957968414758538,-1.0,-1,20,Thursday,1,216
2026-03-05 20:15:00+00:00,80.33000183105469,80.55999755859375,79.80000305175781,80.01000213623047,5137,2026-03-05,20:15:00,2668.325333333333,2455.7834958251265,1.9251775395703874,1.0052493108058815,4.122379376065804,1.0,1,20,Thursday,1,216
2026-03-05 20:25:00+00:00,79.80000305175781,80.08999633789062,79.38999938964844,80.06999969482422,6268,2026-03-05,20:25:00,2678.032,2462.723549730176,2.3405246837976543,1.4577226909586862,3.7113463104137367,-1.0,-1,20,Thursday,1,218
2026-03-05 21:10:00+00:00,79.05999755859375,79.44999694824219,79.05000305175781,79.19999694824219,2721,2026-03-05,21:10:00,2674.1386666666667,2463.3410232370993,1.0175238980376984,0.0190234859450164,3.2822677925211097,-1.0,-1,21,Thursday,1,220
2026-03-06 09:15:00+00:00,82.16000366210938,82.41999816894531,81.7300033569336,81.80000305175781,6428,2026-03-06,09:15:00,2059.96,2170.962423900789,3.1204489407561313,2.0120292971959866,3.8597913382871725,1.0,1,9,Friday,1,222
2026-03-06 09:35:00+00:00,84.12000274658203,84.13999938964844,83.11000061035156,83.37999725341797,11023,2026-03-06,09:35:00,2102.7173333333335,2224.5680888473353,5.242264295470369,4.009894195366584,5.229437229437229,1.0,1,9,Friday,1,224
2026-03-06 09:40:00+00:00,83.95999908447266,84.3499984741211,83.66000366210938,84.12000274658203,7569,2026-03-06,09:40:00,2121.32,2241.0166581335284,3.568061395734731,2.4308967004900355,4.628296262325155,-1.0,-1,9,Friday,1,224
2026-03-06 09:50:00+00:00,84.5,84.9000015258789,84.20999908447266,84.2300033569336,6222,2026-03-06,09:50:00,2146.584,2252.2830265818634,2.8985588264889706,1.8094599798964794,3.7422750169160213,1.0,1,9,Friday,1,226
2026-03-06 10:05:00+00:00,83.9800033569336,84.2300033569336,83.7699966430664,84.2300033569336,5175,2026-03-06,10:05:00,2180.2213333333334,2261.998766311531,2.3736122204106493,1.3239523872729708,3.4166872988363455,-1.0,-1,10,Friday,1,228
2026-03-06 10:25:00+00:00,83.76000213623047,84.37000274658203,83.52999877929688,84.04000091552734,6417,2026-03-06,10:25:00,2214.1786666666667,2269.777165809731,2.8981401079346805,1.8516449088666374,4.609706819916491,-1.0,-1,10,Friday,1,230
2026-03-06 10:30:00+00:00,84.26000213623047,84.47000122070312,83.66999816894531,83.77999877929688,4597,2026-03-06,10:30:00,2225.1306666666665,2271.3434036296676,2.065946089757725,1.0442583580902045,3.303184084070598,1.0,1,10,Friday,1,230
2026-03-06 10:35:00+00:00,84.19999694824219,84.31999969482422,83.9000015258789,84.25,5316,2026-03-06,10:35:00,2235.352,2276.613171691361,2.3781489447746935,1.3531714734441682,3.438829142071642,-1.0,-1,10,Friday,1,230
2026-03-06 11:55:00+00:00,86.04000091552734,86.22000122070312,85.79000091552734,85.9800033569336,6181,2026-03-06,11:55:00,2363.144,2288.1424186163626,2.615583307661319,1.6685394969027556,3.0309234116889883,1.0,1,11,Friday,1,232
2026-03-06 14:35:00+00:00,88.9000015258789,89.62000274658203,88.55000305175781,88.66000366210938,14994,2026-03-06,14:35:00,2829.037333333333,2588.7875248598048,5.300036101797644,4.699096604046505,3.561731694281133,1.0,1,14,Friday,1,234
2026-03-06 16:50:00+00:00,90.06999969482422,90.1500015258789,89.41000366210938,89.63999938964844,9418,2026-03-06,16:50:00,3211.9093333333335,2797.897181601975,2.932212283285705,2.2181267801675557,3.014664399319796,1.0,1,16,Friday,1,236
2026-03-06 19:20:00+00:00,90.80999755859376,91.44000244140624,90.45999908447266,90.68000030517578,11869,2026-03-06,19:20:00,3578.3573333333334,3005.0374498797696,3.316885066071285,2.75891492367204,3.802567029094331,1.0,1,19,Friday,1,238
2026-03-06 19:25:00+00:00,90.86000061035156,91.2300033569336,90.29000091552734,90.81999969482422,32808,2026-03-06,19:25:00,3663.538666666667,3359.718238118123,8.955276028204425,8.674674263654325,7.481443475286472,1.0,1,19,Friday,1,238
2026-03-06 19:30:00+00:00,90.37000274658205,91.01000213623048,90.2300033569336,90.86000061035156,8861,2026-03-06,19:30:00,3683.5653333333335,3368.2687487840876,2.405549840480636,1.5371204178810465,4.223923730075972,-1.0,-1,19,Friday,1,238
2026-03-08 22:10:00+00:00,109.01000213623048,110.88999938964844,107.20999908447266,109.7300033569336,6862,2026-03-08,22:10:00,3696.688,3372.2414151056687,1.8562561947343135,0.9386374254883574,5.567263323360884,-1.0,-1,22,Sunday,1,240
2026-03-08 22:15:00+00:00,106.23999786376952,109.58000183105467,105.37999725341795,109.08000183105467,7756,2026-03-08,22:15:00,3710.2026666666666,3378.3379684993783,2.0904518423432035,1.197570335193679,6.094190443451358,-1.0,-1,22,Sunday,1,240
2026-03-08 22:20:00+00:00,108.26000213623048,109.3000030517578,105.54000091552734,106.23999786376952,9517,2026-03-08,22:20:00,3717.1066666666666,3387.5643213631265,2.560324696986545,1.7121131240984102,6.662524611682345,1.0,1,22,Sunday,1,240
2026-03-08 22:25:00+00:00,106.33999633789062,108.48999786376952,106.01000213623048,108.23999786376952,4763,2026-03-08,22:25:00,3716.882666666667,3387.492184744339,1.281450190159352,0.3088176374382649,4.469677419354839,-1.0,-1,22,Sunday,1,240
2026-03-08 22:30:00+00:00,108.30999755859376,108.38999938964844,106.20999908447266,106.2699966430664,4415,2026-03-08,22:30:00,3716.5626666666667,3387.420361665165,1.1879256172908157,0.2061856099223541,4.2667310944672625,1.0,1,22,Sunday,1,240
2026-03-08 22:35:00+00:00,108.91000366210938,109.12000274658205,107.69000244140624,108.37000274658205,3952,2026-03-08,22:35:00,3711.6053333333334,3385.706900804198,1.0647683805462074,0.07100279903424785,3.7883889521298904,1.0,1,22,Sunday,1,240
2026-03-08 22:40:00+00:00,108.16000366210938,108.93000030517578,107.87999725341795,108.9000015258789,3310,2026-03-08,22:40:00,3706.6053333333334,3384.909581644269,0.8930003877762006,-0.11716866396787964,3.691878703380969,-1.0,-1,22,Sunday,1,240
2026-03-08 22:45:00+00:00,107.38999938964844,108.5500030517578,107.11000061035156,108.16000366210938,5267,2026-03-08,22:45:00,3709.872,3385.825105742125,1.4197255323094706,0.45989617046646,5.74294670846395,-1.0,-1,22,Sunday,1,240
2026-03-08 22:50:00+00:00,107.43000030517578,107.79000091552734,106.91000366210938,107.3499984741211,3520,2026-03-08,22:50:00,3706.1573333333336,3385.265696930785,0.9497707958431698,-0.0549904645600229,5.720089376396507,1.0,1,22,Sunday,1,240
2026-03-08 22:55:00+00:00,106.94000244140624,107.4499969482422,106.62999725341795,107.4499969482422,3644,2026-03-08,22:55:00,3703.4346666666665,3384.9030271298698,0.9839514742350884,-0.017558750188794166,4.973895239720184,-1.0,-1,22,Sunday,1,240
2026-03-08 23:00:00+00:00,105.33000183105467,106.94000244140624,105.0500030517578,106.88999938964844,5873,2026-03-08,23:00:00,3710.6986666666667,3386.6324387605855,1.5827208101690822,0.638481256065886,6.364239756180155,-1.0,-1,23,Sunday,1,240
2026-03-08 23:05:00+00:00,105.97000122070312,106.73999786376952,105.3000030517578,105.3499984741211,3988,2026-03-08,23:05:00,3708.312,3386.1194005688817,1.0754219170339496,0.08259838680024437,5.644228217602831,1.0,1,23,Sunday,1,240
2026-03-08 23:10:00+00:00,106.31999969482422,106.61000061035156,105.87999725341795,105.95999908447266,2359,2026-03-08,23:10:00,3705.461333333333,3386.8059263647,0.6366278818723786,-0.39756081765765244,4.281792399319342,1.0,1,23,Sunday,1,240
2026-03-08 23:15:00+00:00,106.7699966430664,107.2300033569336,106.2300033569336,106.30999755859376,2819,2026-03-08,23:15:00,3701.1013333333335,3386.8921259949266,0.7616651764195594,-0.26044565357221383,4.369272498304756,1.0,1,23,Sunday,1,240
2026-03-08 23:25:00+00:00,106.23999786376952,106.5,105.8000030517578,106.27999877929688,1892,2026-03-08,23:25:00,3688.704,3389.4580995995584,0.5129172739260185,-0.5300859155663463,3.3084153005464483,-1.0,-1,23,Sunday,1,242
2026-03-08 23:30:00+00:00,106.5999984741211,106.88999938964844,106.0199966430664,106.1999969482422,2021,2026-03-08,23:30:00,3679.528,3389.302329679043,0.5492552305621808,-0.4893420057209997,3.1786100462007276,1.0,1,23,Sunday,1,242
2026-03-08 23:35:00+00:00,106.77999877929688,106.9800033569336,106.30999755859376,106.58999633789062,1760,2026-03-08,23:35:00,3670.648,3389.9592505934884,0.47947937257944645,-0.5636197543275774,3.0486088556890767,1.0,1,23,Sunday,1,242
2026-03-08 23:45:00+00:00,107.41000366210938,107.5500030517578,106.52999877929688,106.5999984741211,3228,2026-03-08,23:45:00,3653.5733333333333,3388.1733297834458,0.8835186009678196,-0.12560553782546116,4.055594817432273,1.0,1,23,Sunday,1,244
2026-03-08 23:50:00+00:00,108.0199966430664,108.33000183105467,107.3000030517578,107.4000015258789,3362,2026-03-08,23:50:00,3647.6853333333333,3386.752284181684,0.9216803788630891,-0.08435377298412641,4.282120681420156,1.0,1,23,Sunday,1,244
2026-03-08 23:55:00+00:00,108.02999877929688,108.52999877929688,107.73999786376952,108.0,3057,2026-03-08,23:55:00,3640.6586666666667,3385.23264325442,0.8396832221568697,-0.1724131627495952,4.351601423487544,1.0,1,23,Sunday,1,244
2026-03-09 00:35:00+00:00,108.81999969482422,109.13999938964844,108.3000030517578,108.38999938964844,4049,2026-03-09,00:35:00,3586.4133333333334,3375.8043323326597,1.1289830880248046,0.137030058951024,3.8247727004368874,1.0,1,0,Monday,1,246
2026-03-09 00:40:00+00:00,109.3000030517578,109.4800033569336,108.7300033569336,108.81999969482422,2965,2026-03-09,00:40:00,3575.9706666666666,3371.6399351173764,0.829145503803536,-0.181208752542966,3.0439525184472247,1.0,1,0,Monday,1,246
2026-03-09 00:45:00+00:00,109.55999755859376,109.86000061035156,109.29000091552734,109.3000030517578,3905,2026-03-09,00:45:00,3573.84,3371.177612207343,1.0926622344592931,0.09823273588458797,4.287380772661772,1.0,1,0,Monday,1,246
2026-03-09 00:55:00+00:00,108.26000213623048,109.4499969482422,108.16000366210938,109.30999755859376,3653,2026-03-09,00:55:00,3567.736,3370.6868017777947,1.0238986292707757,0.025295734968621083,4.2526193247962745,-1.0,-1,0,Monday,1,248
2026-03-09 01:40:00+00:00,110.87000274658205,110.91000366210938,109.44000244140624,109.72000122070312,5138,2026-03-09,01:40:00,3548.2186666666666,3378.5139773830183,1.4480505523147014,0.4705563878012341,5.137357830271216,1.0,1,1,Monday,1,250
2026-03-09 01:45:00+00:00,112.5,113.06999969482422,110.8499984741211,110.87999725341795,6744,2026-03-09,01:45:00,3560.866666666667,3381.5829233860377,1.8939209555726133,0.9413145871182738,6.501415918539495,1.0,1,1,Monday,1,250
2026-03-09 01:50:00+00:00,113.6999969482422,115.0,112.54000091552734,112.54000091552734,7363,2026-03-09,01:50:00,3571.832,3387.237630550602,2.061407143449076,1.1192506737071584,6.199768445426797,1.0,1,1,Monday,1,250
2026-03-09 01:55:00+00:00,115.06999969482422,115.66999816894533,112.76000213623048,113.66999816894533,6345,2026-03-09,01:55:00,3562.7226666666666,3375.120200338162,1.7809413175391704,0.8243491100123101,6.013505508825968,1.0,1,1,Monday,1,250
2026-03-09 02:00:00+00:00,113.81999969482422,115.0999984741211,113.05999755859376,115.08000183105467,5443,2026-03-09,02:00:00,3566.325333333333,3376.407467391,1.5262208271146698,0.5558199609470716,4.389073682088499,-1.0,-1,2,Monday,1,250
2026-03-09 02:05:00+00:00,114.37999725341795,115.0,113.6999969482422,113.8000030517578,3734,2026-03-09,02:05:00,3569.058666666667,3376.1264504433357,1.0462142398705316,0.048855200110077025,3.633621213964238,1.0,1,2,Monday,1,250
2026-03-09 02:10:00+00:00,115.33000183105467,115.45999908447266,113.25,114.4000015258789,4886,2026-03-09,02:10:00,3575.536,3376.3172811598583,1.3665084060124133,0.3881341387293493,5.02642576994792,1.0,1,2,Monday,1,250
2026-03-09 02:15:00+00:00,118.11000061035156,118.87999725341795,115.31999969482422,115.33000183105467,9947,2026-03-09,02:15:00,3596.1413333333335,3391.5665829213003,2.7660203195573327,1.8725442981562823,8.410950216678998,1.0,1,2,Monday,1,250
2026-03-09 02:20:00+00:00,115.9499969482422,118.16000366210938,115.62999725341795,118.06999969482422,5394,2026-03-09,02:20:00,3602.501333333333,3392.6986426064345,1.497292991980387,0.5280453277425051,6.930378222115153,-1.0,-1,2,Monday,1,250
2026-03-09 02:25:00+00:00,116.62999725341795,117.05999755859376,115.83000183105467,116.0,4214,2026-03-09,02:25:00,3606.656,3392.490416532853,1.1683953224260921,0.17902600315101538,5.565332232769294,1.0,1,2,Monday,1,250
2026-03-09 02:30:00+00:00,117.73999786376952,119.4800033569336,116.55999755859376,116.5999984741211,6670,2026-03-09,02:30:00,3618.2746666666667,3395.5076592357395,1.8434200314993592,0.8987537769301381,5.462455852996878,1.0,1,2,Monday,1,250
2026-03-09 02:35:00+00:00,116.08000183105467,117.9800033569336,115.8499984741211,117.70999908447266,5345,2026-03-09,02:35:00,3611.362666666667,3389.3253720684233,1.4800507435420498,0.5114992345144297,4.1400009681948005,-1.0,-1,2,Monday,1,250
2026-03-09 02:40:00+00:00,115.66999816894533,116.58999633789062,115.31999969482422,116.08000183105467,4511,2026-03-09,02:40:00,3607.8346666666666,3387.6937818754295,1.2503344573069868,0.26660182161840507,5.2679366469600755,-1.0,-1,2,Monday,1,250
2026-03-09 02:45:00+00:00,115.51000213623048,116.41999816894533,115.33000183105467,115.6500015258789,2711,2026-03-09,02:45:00,3592.2773333333334,3378.343032435513,0.7546744720526403,-0.2608608198966709,3.3281669607918363,-1.0,-1,2,Monday,1,250
2026-03-09 02:50:00+00:00,113.33999633789062,116.19000244140624,113.12999725341795,115.44000244140624,6922,2026-03-09,02:50:00,3596.3973333333333,3381.4660253714524,1.9247039073917676,0.9834795445863901,6.031915473013452,-1.0,-1,2,Monday,1,250
2026-03-09 02:55:00+00:00,114.30999755859376,114.4000015258789,112.05999755859376,113.36000061035156,5788,2026-03-09,02:55:00,3602.9333333333334,3383.331539825468,1.6064688031973946,0.6458328546718141,5.733531451213472,1.0,1,2,Monday,1,250
2026-03-09 03:00:00+00:00,113.62000274658205,114.4000015258789,112.98999786376952,114.33000183105467,2535,2026-03-09,03:00:00,3599.76,3383.7747837534416,0.7042136142409493,-0.314666332142507,3.296488946684005,-1.0,-1,3,Monday,1,250
2026-03-09 03:05:00+00:00,111.97000122070312,113.7699966430664,111.18000030517578,113.48999786376952,4439,2026-03-09,03:05:00,3597.656,3383.0048609732826,1.233858934817559,0.2486972483267279,5.192572013452259,-1.0,-1,3,Monday,1,250
2026-03-09 03:10:00+00:00,112.72000122070312,113.54000091552734,112.0199966430664,112.02999877929688,2396,2026-03-09,03:10:00,3592.0613333333336,3383.253344255379,0.6670264724507302,-0.3535240230721105,3.5901854279827683,1.0,1,3,Monday,1,250
2026-03-09 03:15:00+00:00,114.5500030517578,114.91000366210938,112.75,112.75,2851,2026-03-09,03:15:00,3588.424,3383.315049793664,0.7944992007633435,-0.21795901036321544,4.990809628008753,1.0,1,3,Monday,1,250
2026-03-09 03:20:00+00:00,114.20999908447266,114.48999786376952,113.26000213623048,114.48999786376952,2208,2026-03-09,03:20:00,3580.704,3383.152752365676,0.6166385157779029,-0.40574697640836177,3.3871524448705657,-1.0,-1,3,Monday,1,250
2026-03-09 03:40:00+00:00,115.08999633789062,115.88999938964844,114.58000183105467,114.6500015258789,2361,2026-03-09,03:40:00,3529.84,3372.8470670885436,0.6688688439136051,-0.3465440254926672,3.3041196536342166,1.0,1,3,Monday,1,252
2026-03-09 03:45:00+00:00,115.7699966430664,116.3000030517578,114.98999786376952,115.05999755859376,1910,2026-03-09,03:45:00,3485.5253333333335,3283.243416233212,0.5479805244087548,-0.4798685731138682,3.2642597735526597,1.0,1,3,Monday,1,252
2026-03-09 03:50:00+00:00,115.9499969482422,116.5,115.25,115.76000213623048,1805,2026-03-09,03:50:00,3469.2266666666665,3276.3492308832588,0.5202888636084123,-0.5079515489311907,3.154560349535773,1.0,1,3,Monday,1,252
2026-03-09 04:15:00+00:00,116.1999969482422,116.36000061035156,115.05999755859376,115.51000213623048,1278,2026-03-09,04:15:00,3453.744,3282.1842625329746,0.37003321612719414,-0.6628951411524056,3.427996647108131,1.0,1,4,Monday,1,254
2026-03-09 04:25:00+00:00,115.1500015258789,115.68000030517578,114.87000274658205,115.56999969482422,1348,2026-03-09,04:25:00,3399.362666666667,3233.6195083536927,0.39654492096949934,-0.6343859137932591,3.610915787711368,-1.0,-1,4,Monday,1,256
2026-03-09 04:40:00+00:00,116.23999786376952,116.4000015258789,115.55999755859376,115.6999969482422,1146,2026-03-09,04:40:00,3360.8373333333334,3227.900233482898,0.3409864525824517,-0.6861542095876763,3.808890735355214,1.0,1,4,Monday,1,258
2026-03-09 04:45:00+00:00,116.58999633789062,116.7699966430664,116.16000366210938,116.19000244140624,1344,2026-03-09,04:45:00,3347.7066666666665,3226.0572249323473,0.40146886624873546,-0.6211007824601393,3.5097111147380446,1.0,1,4,Monday,1,258
2026-03-09 05:05:00+00:00,113.08000183105467,115.05999755859376,112.7300033569336,114.80999755859376,3680,2026-03-09,05:05:00,3340.0853333333334,3229.7875988793903,1.1017682582161574,0.1052436596092584,5.441271601515572,-1.0,-1,5,Monday,1,260
2026-03-09 05:10:00+00:00,113.36000061035156,113.98999786376952,112.87000274658205,113.08000183105467,2777,2026-03-09,05:10:00,3340.8,3229.632856900952,0.8312380268199233,-0.17457092647397818,4.2368646896157145,1.0,1,5,Monday,1,260
2026-03-09 05:15:00+00:00,113.66999816894533,113.80999755859376,112.98999786376952,113.3499984741211,1828,2026-03-09,05:15:00,3339.9386666666664,3229.9940727703793,0.5473154397246417,-0.46809332543755117,3.3097204933801065,1.0,1,5,Monday,1,260
2026-03-09 05:20:00+00:00,109.0199966430664,113.72000122070312,108.63999938964844,113.66999816894533,8909,2026-03-09,05:20:00,3359.632,3241.3858094676193,2.6517785281245088,1.7120356311152776,9.55644945025476,-1.0,-1,5,Monday,1,260
2026-03-09 05:25:00+00:00,107.0500030517578,109.66000366210938,106.5,109.12000274658205,7126,2026-03-09,05:25:00,3373.08,3246.5323234603106,2.11260924733478,1.1559780178008383,8.385995881141513,-1.0,-1,5,Monday,1,260
2026-03-09 05:30:00+00:00,107.05999755859376,108.33000183105467,106.47000122070312,107.0500030517578,4758,2026-03-09,05:30:00,3378.512,3247.1424318081695,1.4083122984319723,0.4248313798886342,4.090703922622246,1.0,1,5,Monday,1,260
2026-03-09 05:35:00+00:00,108.20999908447266,108.5,106.7300033569336,107.0999984741211,3846,2026-03-09,05:35:00,3382.248,3246.8714567277284,1.1371135410531694,0.14283041573422184,4.519388954171563,1.0,1,5,Monday,1,260
2026-03-09 05:40:00+00:00,106.51000213623048,109.13999938964844,106.4800033569336,108.22000122070312,3867,2026-03-09,05:40:00,3390.624,3244.0509904799737,1.140498032220618,0.1468460272042512,4.635648460328164,-1.0,-1,5,Monday,1,260
2026-03-09 05:45:00+00:00,103.62999725341795,107.48999786376952,103.47000122070312,106.5500030517578,7131,2026-03-09,05:45:00,3402.232,3249.6362481818173,2.09597699392634,1.1474416566119543,6.2282875702822205,-1.0,-1,5,Monday,1,260
2026-03-09 05:50:00+00:00,105.2699966430664,105.73999786376952,103.02999877929688,103.79000091552734,4841,2026-03-09,05:50:00,3411.1653333333334,3248.9727244216015,1.4191631090684942,0.4400882334034408,5.76052357578462,1.0,1,5,Monday,1,260
2026-03-09 05:55:00+00:00,103.69000244140624,105.77999877929688,103.41000366210938,105.22000122070312,3682,2026-03-09,05:55:00,3415.5093333333334,3248.240885388807,1.078023697392912,0.08204153450114839,3.791967044284243,-1.0,-1,5,Monday,1,260
2026-03-09 06:00:00+00:00,102.77999877929688,104.44000244140624,102.6500015258789,103.70999908447266,4582,2026-03-09,06:00:00,3424.9733333333334,3246.4503493730836,1.3378206350998354,0.35639746250550175,3.96752895334993,-1.0,-1,6,Monday,1,260
2026-03-09 06:05:00+00:00,100.94000244140624,103.52999877929688,100.38999938964844,102.76000213623048,6829,2026-03-09,06:05:00,3440.936,3248.436798254902,1.9846344134270442,1.0429828900534888,6.182188525517709,-1.0,-1,6,Monday,1,260
2026-03-09 06:10:00+00:00,103.5500030517578,103.86000061035156,100.0199966430664,100.93000030517578,6589,2026-03-09,06:10:00,3456.074666666667,3249.8476385138797,1.9064981620767452,0.9640222194434894,5.643683083511777,1.0,1,6,Monday,1,260
2026-03-09 06:15:00+00:00,103.9800033569336,104.75,102.54000091552734,103.61000061035156,7012,2026-03-09,06:15:00,3471.208,3253.1650009590835,2.0200460473702524,1.0884145129300602,6.335667494917551,1.0,1,6,Monday,1,260
2026-03-09 06:20:00+00:00,104.80999755859376,105.4800033569336,103.8000030517578,103.91999816894533,5160,2026-03-09,06:20:00,3484.968,3249.353944678336,1.480644872492373,0.5154969352425585,5.017929860815657,1.0,1,6,Monday,1,260
2026-03-09 06:25:00+00:00,104.66000366210938,105.36000061035156,103.5999984741211,104.7699966430664,3861,2026-03-09,06:25:00,3493.952,3245.7120504239515,1.1050523876687486,0.11308704971288391,3.1874516278829783,-1.0,-1,6,Monday,1,260
2026-03-09 06:30:00+00:00,105.43000030517578,105.43000030517578,104.5500030517578,104.6500015258789,3102,2026-03-09,06:30:00,3500.8586666666665,3242.103352519865,0.8860683321882175,-0.12302466124550317,3.4314159292035398,1.0,1,6,Monday,1,260
2026-03-09 06:35:00+00:00,105.0500030517578,106.16999816894533,104.5999984741211,105.43000030517578,3883,2026-03-09,06:35:00,3509.213333333333,3239.0309358764903,1.1065158003123208,0.11540077080662992,4.438031287949139,-1.0,-1,6,Monday,1,260
2026-03-09 06:45:00+00:00,106.56999969482422,107.41000366210938,105.04000091552734,105.06999969482422,3771,2026-03-09,06:45:00,3524.184,3230.794382664841,1.0700349357468282,0.07639483382920201,3.4420674311141535,1.0,1,6,Monday,1,262
2026-03-09 06:50:00+00:00,104.87999725341795,106.8000030517578,104.72000122070312,106.5500030517578,2971,2026-03-09,06:50:00,3531.296,3226.619543660095,0.8413341730628076,-0.1736479905419626,3.2794756812694033,-1.0,-1,6,Monday,1,262
2026-03-09 06:55:00+00:00,104.5199966430664,105.20999908447266,103.52999877929688,104.91000366210938,3055,2026-03-09,06:55:00,3539.114666666667,3221.887466238546,0.8632102341225828,-0.15025809304005758,3.6218138707765264,-1.0,-1,6,Monday,1,262
2026-03-09 07:05:00+00:00,102.12000274658205,103.5999984741211,101.36000061035156,103.5199966430664,4448,2026-03-09,07:05:00,3558.3946666666666,3213.25705933763,1.250001873504007,0.27685470440286336,3.53015873015873,-1.0,-1,7,Monday,1,264
2026-03-09 09:30:00+00:00,98.36000061035156,102.06999969482422,97.5,101.62999725341795,7789,2026-03-09,09:30:00,3654.5466666666666,3162.8520572712932,2.131317701055489,1.3071915026276237,3.839783090953907,-1.0,-1,9,Monday,1,266
2026-03-09 14:05:00+00:00,102.91000366210938,104.56999969482422,99.37000274658205,99.79000091552734,16358,2026-03-09,14:05:00,4049.568,3094.099358394109,4.039443219622439,3.978033855508858,3.5996149085407785,1.0,1,14,Monday,1,268
2026-03-09 19:15:00+00:00,92.0500030517578,95.18000030517578,91.41999816894533,94.9499969482422,9629,2026-03-09,19:15:00,4364.552,3292.027621023668,2.2061829026209336,1.59915061659264,4.275517566742521,-1.0,-1,19,Monday,1,270
2026-03-09 19:20:00+00:00,89.70999908447266,93.04000091552734,88.61000061035156,91.98999786376952,14096,2026-03-09,19:20:00,4385.248,3328.6403191333684,3.2144134151591888,2.917332925453554,4.5160489377465405,-1.0,-1,19,Monday,1,270
2026-03-09 19:35:00+00:00,82.02999877929688,86.0,81.19000244140625,85.6500015258789,16862,2026-03-09,19:35:00,4427.032,3400.135841740537,3.8088724002898555,3.6571974117465005,7.329710932405999,-1.0,-1,19,Monday,1,272
2026-03-09 19:40:00+00:00,86.12000274658203,87.23999786376953,81.9000015258789,81.9000015258789,10269,2026-03-09,19:40:00,4444.125333333333,3413.3591908167,2.310690907607166,1.7064933225714736,4.490284496187587,1.0,1,19,Monday,1,272
2026-03-09 19:45:00+00:00,86.18000030517578,86.8499984741211,84.69999694824219,86.12000274658203,4871,2026-03-09,19:45:00,4449.856,3412.2639904769594,1.0946421637014772,0.12342069698456525,3.3920612813370474,1.0,1,19,Monday,1,272
2026-03-09 20:35:00+00:00,84.16000366210938,84.77999877929688,83.16999816894531,83.97000122070312,3526,2026-03-09,20:35:00,4411.6106666666665,3408.5365338455117,0.7992545730841163,-0.25982138019436757,3.0101376587343935,1.0,1,20,Monday,1,274
2026-03-09 22:05:00+00:00,86.54000091552734,87.55000305175781,85.0199966430664,87.55000305175781,2923,2026-03-09,22:05:00,4349.298666666667,3415.0266409924116,0.6720623769533418,-0.41765374522881676,4.326918697335459,-1.0,-1,22,Monday,1,276
2026-03-10 03:00:00+00:00,88.98999786376953,89.54000091552734,88.41000366210938,88.61000061035156,2405,2026-03-10,03:00:00,3406.3813333333333,3107.9457090925066,0.706027823856871,-0.3222003944289387,3.1274382314694407,1.0,1,3,Tuesday,1,278
2026-03-10 03:35:00+00:00,89.94999694824219,90.08999633789062,89.4000015258789,89.58000183105469,1694,2026-03-10,03:35:00,3347.9146666666666,3113.822702334803,0.5059866121637508,-0.531152485151621,3.005544466622311,1.0,1,3,Tuesday,1,280
2026-03-10 03:40:00+00:00,91.0999984741211,91.1500015258789,89.56999969482422,89.97000122070312,2186,2026-03-10,03:40:00,3322.0933333333332,3082.9679878746892,0.6580188395268847,-0.3685063671765609,3.0592145543601856,1.0,1,3,Tuesday,1,280
2026-03-10 03:45:00+00:00,90.94000244140624,91.4800033569336,90.7699966430664,91.08999633789062,1826,2026-03-10,03:45:00,3239.4746666666665,2679.3998128268736,0.5636716405869924,-0.5275340618820878,3.120700704977569,-1.0,-1,3,Tuesday,1,280
2026-03-10 17:05:00+00:00,80.54000091552734,81.05000305175781,79.7300033569336,80.9800033569336,14495,2026-03-10,17:05:00,3039.3866666666668,2763.935315868099,4.769054282881634,4.144674901603239,3.4272709808036175,-1.0,-1,17,Tuesday,1,282
2026-03-10 17:15:00+00:00,77.80999755859375,81.08000183105469,77.5999984741211,80.93000030517578,14727,2026-03-10,17:15:00,3090.8533333333335,2836.0284070315756,4.7647035985747195,4.102972536458488,4.165832788218447,-1.0,-1,17,Tuesday,1,284
2026-03-10 17:20:00+00:00,78.16000366210938,78.79000091552734,76.7300033569336,77.83999633789062,14897,2026-03-10,17:20:00,3126.2933333333335,2899.7582628978003,4.765067897232932,4.059202733300916,4.677145267950001,1.0,1,17,Tuesday,1,284
2026-03-10 17:30:00+00:00,80.4000015258789,80.4000015258789,78.45999908447266,78.5,12262,2026-03-10,17:30:00,3173.1226666666666,2953.2220536697714,3.8643321699507784,3.0776139308722805,3.5734295029415515,1.0,1,17,Tuesday,1,286
2026-03-10 17:35:00+00:00,80.73999786376953,81.56999969482422,80.0,80.33999633789062,13704,2026-03-10,17:35:00,3202.8986666666665,3002.678031139522,4.278624279506814,3.497245200594533,3.9302371435229166,1.0,1,17,Tuesday,1,286
2026-03-10 19:40:00+00:00,86.37000274658203,87.80000305175781,85.22000122070312,86.83000183105469,7460,2026-03-10,19:40:00,3468.168,3296.975670717737,2.150991532128778,1.2107556738903673,3.2620043180016944,-1.0,-1,19,Tuesday,1,288
2026-03-10 23:10:00+00:00,85.9800033569336,87.33000183105469,85.87999725341797,87.33000183105469,1784,2026-03-10,23:10:00,3233.4906666666666,3300.249649330663,0.5517257304593014,-0.439206369421369,3.238116846284742,-1.0,-1,23,Tuesday,1,290
2026-03-11 00:15:00+00:00,83.08999633789062,83.86000061035156,81.79000091552734,83.62999725341797,4612,2026-03-11,00:15:00,3103.5813333333335,3239.1615494600987,1.486025176935377,0.46568182649552897,3.61902893575282,-1.0,-1,0,Wednesday,1,292
2026-03-11 08:55:00+00:00,86.52999877929688,86.83000183105469,85.69000244140625,86.29000091552734,6642,2026-03-11,08:55:00,2272.826666666667,2680.085413343436,2.9223521957973038,1.6302366005129447,4.514528462192014,1.0,1,8,Wednesday,1,294
2026-03-11 14:00:00+00:00,84.98999786376953,85.5999984741211,82.0,84.08999633789062,15907,2026-03-11,14:00:00,2506.650666666667,2764.199295749809,6.345918165435098,4.847823148619388,3.2664921197186714,1.0,1,14,Wednesday,1,296
2026-03-11 22:55:00+00:00,90.81999969482422,91.91000366210938,90.6500015258789,91.87000274658205,2460,2026-03-11,22:55:00,2595.594666666667,2918.808038339832,0.947759691292323,-0.04645549309360912,3.3577887732468863,-1.0,-1,22,Wednesday,1,298
2026-03-11 23:30:00+00:00,93.73999786376952,93.9000015258789,92.41000366210938,92.58999633789062,2710,2026-03-11,23:30:00,2565.7413333333334,2919.10262010593,1.0562249455128239,0.04941884045906947,4.26226285264917,1.0,1,23,Wednesday,1,300
2026-03-11 23:35:00+00:00,93.72000122070312,94.37999725341795,93.5500030517578,93.6999969482422,1966,2026-03-11,23:35:00,2562.7573333333335,2919.1423365540513,0.7671424736273639,-0.20442899472924822,3.4054346649345026,1.0,1,23,Wednesday,1,300
2026-03-12 05:00:00+00:00,93.08000183105467,94.8000030517578,92.61000061035156,94.8000030517578,3109,2026-03-12,05:00:00,1686.6026666666667,1695.5328408589553,1.8433505777294317,0.8389087483629915,4.544491138315366,-1.0,-1,5,Thursday,1,302
2026-03-13 10:45:00+00:00,93.6500015258789,94.93000030517578,93.36000061035156,94.9000015258789,5103,2026-03-13,10:45:00,1507.5146666666667,1591.2428194168488,3.385041693347815,2.259545362568228,3.09800796812749,-1.0,-1,10,Friday,1,304
2026-03-17 07:30:00+00:00,95.87000274658205,96.91000366210938,95.83999633789062,96.9000015258789,28301,2026-03-17,07:30:00,1282.0666666666666,1885.7376656555061,22.07451510581873,14.32804457662525,9.354929344682258,-1.0,-1,7,Tuesday,1,306
2026-03-18 03:55:00+00:00,92.56999969482422,93.0999984741211,92.41000366210938,93.08000183105467,3091,2026-03-18,03:55:00,1173.632,1751.3205050111735,2.633704602464827,1.0948127395948961,5.2899775377045675,-1.0,-1,3,Wednesday,1,308
2026-03-18 04:00:00+00:00,92.44000244140624,92.62999725341795,92.0999984741211,92.5199966430664,4221,2026-03-18,04:00:00,1182.8373333333334,1758.246529499037,3.5685380238251976,1.7279503276098067,4.808201623237933,-1.0,-1,4,Wednesday,1,308
2026-03-18 11:25:00+00:00,95.36000061035156,95.5199966430664,94.1500015258789,94.1999969482422,8787,2026-03-18,11:25:00,1295.1653333333334,1789.7183925029449,6.784462009483474,4.186041054307564,3.7995784011675044,1.0,1,11,Wednesday,1,310
2026-03-18 12:40:00+00:00,96.11000061035156,96.44000244140624,95.31999969482422,95.4499969482422,8660,2026-03-18,12:40:00,1434.184,1870.3719584202468,6.038276818037295,3.8633042841933256,3.2584718858029773,1.0,1,12,Wednesday,1,312
2026-03-18 12:50:00+00:00,97.12000274658205,97.31999969482422,96.27999877929688,96.58000183105467,10732,2026-03-18,12:50:00,1481.1866666666667,1954.2720904635903,7.245541862830703,4.73363631322129,3.197437759529263,1.0,1,12,Wednesday,1,314
2026-03-18 12:55:00+00:00,97.16999816894533,97.33000183105467,96.66999816894533,97.0999984741211,8004,2026-03-18,12:55:00,1502.2266666666667,1981.7921086364486,5.328090745293653,3.280754477222543,3.010508004419474,1.0,1,12,Wednesday,1,314
2026-03-19 02:05:00+00:00,97.11000061035156,97.93000030517578,96.72000122070312,97.87000274658205,3317,2026-03-19,02:05:00,1898.4586666666667,2010.4884560332637,1.747206856930956,0.7055704941137267,3.2278311640919597,-1.0,-1,2,Thursday,1,316
2026-03-19 09:25:00+00:00,98.3000030517578,98.95999908447266,97.16000366210938,97.30999755859376,12612,2026-03-19,09:25:00,1970.0533333333333,2037.3635520292237,6.401857140923427,5.223391110568969,5.58392827494604,1.0,1,9,Thursday,1,318
2026-03-19 09:45:00+00:00,95.08000183105467,97.06999969482422,95.05999755859376,97.0199966430664,6639,2026-03-19,09:45:00,2008.9413333333334,2050.139054048268,3.304725673090835,2.258412012357898,3.7387019569196114,-1.0,-1,9,Thursday,1,320
2026-03-19 15:40:00+00:00,98.70999908447266,98.76000213623048,96.73999786376952,96.8000030517578,16819,2026-03-19,15:40:00,2484.6,2207.295498367219,6.769298881107623,6.49410104383552,3.488876212207644,1.0,1,15,Thursday,1,322
2026-03-19 15:45:00+00:00,99.87000274658205,100.27999877929688,98.66000366210938,98.6999969482422,27667,2026-03-19,15:45:00,2556.632,2559.9995212315516,10.821659120280119,9.808739334419887,5.028592200474833,1.0,1,15,Thursday,1,322
2026-03-19 15:50:00+00:00,98.79000091552734,100.4800033569336,98.31999969482422,99.86000061035156,12847,2026-03-19,15:50:00,2587.52,2613.6767408924625,4.964985777887708,3.9253056200426726,3.07648097704074,-1.0,-1,15,Thursday,1,322
2026-03-19 19:00:00+00:00,93.52999877929688,95.3000030517578,93.2699966430664,94.97000122070312,6936,2026-03-19,19:00:00,2942.424,2839.2368361448493,2.3572401530166966,1.4065667045312524,3.5479395121327406,-1.0,-1,19,Thursday,1,324
2026-03-19 19:05:00+00:00,92.88999938964844,94.18000030517578,92.36000061035156,93.52999877929688,9949,2026-03-19,19:05:00,2965.528,2860.8823540063877,3.3548831776331234,2.441020334240702,4.840479231283829,-1.0,-1,19,Thursday,1,324
2026-03-19 19:10:00+00:00,93.45999908447266,93.70999908447266,92.0999984741211,92.91000366210938,8569,2026-03-19,19:10:00,2986.296,2873.222904918357,2.869440939545176,1.9430111010334692,4.3104976891879145,1.0,1,19,Thursday,1,324
2026-03-19 19:15:00+00:00,92.72000122070312,93.47000122070312,92.19000244140624,93.47000122070312,6787,2026-03-19,19:15:00,3001.349333333333,2878.317539626794,2.261316243538462,1.3152303783541266,3.013598268302159,-1.0,-1,19,Thursday,1,324
2026-03-23 11:05:00+00:00,86.48999786376953,98.62999725341795,84.37000274658203,98.58999633789062,21066,2026-03-23,11:05:00,1463.144,1757.294532929849,14.397762626235012,11.155134004381804,6.918084604174791,-1.0,-1,11,Monday,1,326
2026-03-23 11:10:00+00:00,88.31999969482422,88.62000274658203,85.36000061035156,86.33999633789062,12466,2026-03-23,11:10:00,1495.352,1845.98229834906,8.33649869729669,5.942986565912096,5.6246580750683846,1.0,1,11,Monday,1,326
2026-03-23 11:15:00+00:00,89.37000274658203,89.81999969482422,87.81999969482422,88.27999877929688,9400,2026-03-23,11:15:00,1519.624,1889.5223528400636,6.185740683221639,4.170565110359943,5.0454560703143345,1.0,1,11,Monday,1,326
2026-03-23 11:20:00+00:00,90.5999984741211,91.13999938964844,88.91999816894531,89.37999725341797,12490,2026-03-23,11:20:00,1552.4133333333334,1971.371925810835,8.045537700440605,5.548210626043071,5.998319125945492,1.0,1,11,Monday,1,326
2026-03-23 11:25:00+00:00,90.6999969482422,91.0,89.55000305175781,90.62999725341795,8946,2026-03-23,11:25:00,1575.56,2006.8654026578176,5.677981162253421,3.6726130164179747,3.8683314415437002,1.0,1,11,Monday,1,326
2026-03-23 12:40:00+00:00,89.61000061035156,91.5,89.18000030517578,91.16999816894533,8518,2026-03-23,12:40:00,1729.4053333333334,2073.821884732883,4.925392466312119,3.273470454065088,3.205041977282882,-1.0,-1,12,Monday,1,328
2026-03-24 20:20:00+00:00,87.93000030517578,91.38999938964844,87.55000305175781,91.30999755859376,11105,2026-03-24,20:20:00,2021.6213333333333,2092.176973213336,5.493115756594047,4.3415919317359055,5.985312942127602,-1.0,-1,20,Tuesday,1,330
2026-03-24 20:25:00+00:00,88.75,89.12999725341797,86.33999633789062,87.91999816894531,9077,2026-03-24,20:25:00,2035.8533333333332,2121.839622161533,4.458572654218706,3.3184160542227037,5.374583672563097,1.0,1,20,Tuesday,1,330
2026-03-24 20:35:00+00:00,88.16000366210938,89.47000122070312,87.5999984741211,89.23999786376953,4101,2026-03-24,20:35:00,2035.9733333333334,2122.0116160737994,2.014269996987518,0.9731457881872637,3.5010137658734393,-1.0,-1,20,Tuesday,1,332
2026-03-26 20:10:00+00:00,92.3499984741211,94.4499969482422,89.51000213623047,94.43000030517578,11566,2026-03-26,20:10:00,1513.2373333333333,1557.4176366213023,7.643216133534462,6.454763597306733,6.5089514966058175,-1.0,-1,20,Thursday,1,334
2026-03-26 20:15:00+00:00,93.11000061035156,93.1999969482422,91.75,92.33999633789062,4105,2026-03-26,20:15:00,1521.008,1563.0649472582695,2.6988681190368493,1.6531571541748866,3.2942120573778713,1.0,1,20,Thursday,1,334
2026-03-30 03:20:00+00:00,100.41000366210938,100.75,100.26000213623048,100.72000122070312,2169,2026-03-30,03:20:00,1207.1573333333333,1444.126669934566,1.796783186505377,0.6660376036890504,3.327325023969319,-1.0,-1,3,Monday,1,336
